"Feature_name","GSM2084011","GSM2084044","GSM2084054"
"A1BG",4.21439,3.69987,3.90224
"A1CF",2.19528,1.97313,2.04054
"A2LD1",3.65441,3.56994,3.71027
"A2M",5.9478,7.11532,5.17604
"A2ML1",2.36099,2.4311,2.34677
"A4GALT",3.51745,2.48473,3.32775
"A4GNT",2.0438,2.11548,2.08149
"AAA1",1.92426,1.92923,1.80464
"AAAS",4.14345,4.96814,3.91827
"AACS",3.86663,3.12076,3.42362
"AADAC",1.57969,1.32219,1.58035
"AADACL2",1.57799,1.75094,1.84518
"AADACL3",2.40689,2.34859,1.55186
"AADACL4",1.5535,1.57072,1.82532
"AADAT",3.91578,4.22768,3.76841
"AAGAB",3.44713,4.07669,3.01262
"AAK1",4.34865,4.99912,5.21879
"AAMP",4.18806,3.94892,4.25086
"AANAT",3.58791,3.3409,3.45751
"AARS",4.51163,4.63034,4.40563
"AARS2",2.91382,2.64396,2.39604
"AARSD1",3.28263,3.3509,2.94853
"AASDH",2.13373,3.19809,2.55118
"AASDHPPT",2.73107,3.34286,2.57051
"AASS",4.66653,4.26887,3.94893
"AATF",3.6665,4.61949,4.75392
"AATK",4.06277,3.44331,3.26436
"ABAT",4.33083,3.89429,4.50906
"ABCA1",2.80466,2.97111,2.84684
"ABCA10",1.34027,2.27422,1.24707
"ABCA11P",2.72044,2.08304,2.31125
"ABCA12",2.1678,1.82672,1.91257
"ABCA13",1.79445,1.86553,2.05647
"ABCA2",3.66672,3.83231,3.23098
"ABCA3",3.59315,3.12118,3.29694
"ABCA4",1.99493,1.65834,1.78424
"ABCA5",2.41584,2.85647,2.87602
"ABCA6",1.91545,2.46371,2.09123
"ABCA7",3.63051,3.22684,3.46461
"ABCA8",2.25515,1.95156,2.18001
"ABCA9",2.2895,2.46259,2.51132
"ABCB1",1.95936,1.92379,2.43883
"ABCB10",3.97696,3.68081,3.69717
"ABCB11",1.63984,1.76056,2.14695
"ABCB4",1.66605,1.70279,1.37855
"ABCB5",1.87923,1.6261,1.62811
"ABCB6",2.98666,3.57331,3.41427
"ABCB7",1.70433,2.51434,2.50439
"ABCB8",4.16757,4.15422,4.29611
"ABCB9",2.24968,2.36431,2.33785
"ABCC1",3.73675,4.37666,4.54721
"ABCC10",3.49568,3.67779,3.70949
"ABCC11",2.4917,2.33798,2.41398
"ABCC12",2.03868,1.95412,2.0465
"ABCC13",1.81262,1.77451,1.95779
"ABCC2",2.08212,2.06877,2.6773
"ABCC3",3.42678,3.059,3.30843
"ABCC4",5.99132,5.18216,5.92856
"ABCC5",2.67204,3.65547,3.18717
"ABCC6",3.34485,2.88581,2.98015
"ABCC6P2",3.97937,3.64641,4.0896
"ABCC8",2.96228,2.96635,2.76279
"ABCC9",3.21373,3.46023,3.17367
"ABCD1",2.5616,2.91996,2.49578
"ABCD2",1.91548,1.44975,1.56399
"ABCD3",3.38298,3.42773,3.32758
"ABCD4",2.39347,2.92685,3.14692
"ABCE1",2.91513,2.90805,2.96826
"ABCF1",4.64287,4.59865,5.1807
"ABCF2",3.78877,3.1706,3.84919
"ABCF3",3.6108,3.57826,3.7863
"ABCG1",2.98136,2.04589,2.56392
"ABCG2",2.59375,2.94046,2.20026
"ABCG4",3.57277,3.52467,3.83347
"ABCG5",1.85806,2.0246,2.3084
"ABCG8",2.87142,2.13017,2.49086
"ABHD1",2.31193,2.45779,2.42243
"ABHD10",2.03799,2.74406,2.3104
"ABHD11",4.18685,4.00204,4.40009
"ABHD12",4.34433,4.33551,4.19418
"ABHD12B",2.09516,2.06607,2.2698
"ABHD13",4.12197,3.58903,3.55152
"ABHD14A",3.86696,3.77513,4.36975
"ABHD14B",3.67572,3.29281,3.91677
"ABHD15",3.19951,3.62621,3.7792
"ABHD2",5.6795,5.24527,5.63072
"ABHD3",2.58463,2.1529,2.93894
"ABHD4",3.36591,3.45213,3.43383
"ABHD5",3.21261,3.40916,3.04899
"ABHD6",2.29454,2.11272,2.16566
"ABHD8",3.78614,3.39034,3.39912
"ABI1",5.11375,5.30226,4.6184
"ABI2",4.59864,5.44055,4.82808
"ABI3",3.68694,3.3922,3.56985
"ABI3BP",4.4151,4.04197,4.37553
"ABL1",4.85458,4.94477,4.84952
"ABL2",4.16619,3.40921,3.93799
"ABLIM1",3.96618,3.78701,3.78475
"ABLIM2",3.49114,4.07022,3.44587
"ABLIM3",3.52071,4.45492,4.57595
"ABO",4.01401,3.99702,3.89164
"ABP1",2.96672,2.77314,3.33035
"ABR",4.28622,4.50471,4.11098
"ABRA",2.43553,2.24408,2.55545
"ABT1",2.90915,3.02358,2.78174
"ABTB1",3.03696,3.23915,3.17591
"ABTB2",2.97836,3.1086,3.04156
"ACAA1",2.73165,3.18071,3.18494
"ACAA2",3.84087,3.26113,2.84613
"ACACA",4.23469,4.69133,4.73897
"ACACB",3.03092,3.49879,2.95682
"ACAD10",3.05122,3.57234,2.66567
"ACAD11",2.30202,3.59222,2.49743
"ACAD8",4.2695,4.29257,4.69953
"ACAD9",2.94306,3.03084,3.19341
"ACADL",3.35444,3.66132,4.5748
"ACADM",3.48106,3.99082,3.16155
"ACADS",3.6298,3.4158,3.63544
"ACADSB",4.09887,4.67127,4.2945
"ACADVL",5.7815,5.72913,4.40206
"ACAN",2.77673,2.64962,3.05797
"ACAP1",3.57403,3.43121,3.64756
"ACAP2",3.8282,4.76276,4.20473
"ACAP3",3.21255,3.13542,3.49123
"ACAT1",2.32152,3.04767,2.46545
"ACAT2",3.25626,3.87636,3.25139
"ACBD3",5.61369,5.06579,4.76569
"ACBD4",3.82908,4.13671,3.84927
"ACBD5",2.36641,2.8888,3.05531
"ACBD6",3.09552,3.13496,3.07098
"ACBD7",1.58229,1.4249,1.51754
"ACCN1",2.54111,2.59637,2.73644
"ACCN2",2.73386,2.4741,2.83657
"ACCN3",4.16682,4.0649,4.55988
"ACCN4",1.78488,1.95958,2.18627
"ACCN5",1.63037,1.46784,1.75459
"ACCS",3.50381,3.62651,3.4817
"ACCSL",2.38608,2.33495,2.52036
"ACD",4.52197,4.38097,4.78325
"ACE",3.15538,2.95073,3.07321
"ACE2",1.75297,1.92385,2.18113
"ACER1",2.47518,2.7177,3.05601
"ACER2",3.43264,3.11774,3.09969
"ACER3",2.89394,3.47434,3.57779
"ACHE",3.44655,2.5112,2.7065
"ACIN1",5.04094,5.44547,4.95328
"ACLY",5.96982,4.54551,5.41851
"ACMSD",1.55022,1.75655,2.18221
"ACN9",2.12659,2.10555,2.00016
"ACO1",3.73685,4.14184,3.74401
"ACO2",4.10239,4.32852,3.66193
"ACOT1",2.73188,2.67804,3.71465
"ACOT11",3.21747,3.27435,3.51194
"ACOT12",2.08201,1.72149,2.03736
"ACOT13",4.73729,4.50912,3.94207
"ACOT2",3.61664,3.72361,3.67108
"ACOT4",1.69219,2.13888,2.31298
"ACOT6",2.84107,2.7148,2.76008
"ACOT7",4.19844,3.91511,4.29813
"ACOT8",3.77429,3.00652,3.27219
"ACOT9",4.09426,3.74569,3.40862
"ACOX1",4.47531,4.38018,4.0666
"ACOX2",3.39863,3.5328,3.27576
"ACOX3",4.01696,3.96016,4.05589
"ACOXL",2.9082,2.54006,2.58819
"ACP1",4.77759,4.47272,4.67219
"ACP2",3.91628,4.32775,4.02783
"ACP5",3.58186,2.89321,2.75943
"ACP6",3.38852,3.26075,3.15455
"ACPL2",3.26454,3.2853,3.60441
"ACPP",9.45845,8.53718,9.67314
"ACPT",4.13722,4.13173,4.57695
"ACR",3.92022,3.76341,4.29406
"ACRBP",3.64619,3.35119,3.4446
"ACRC",1.88717,2.13685,2.0962
"ACRV1",1.54304,1.50118,1.84715
"ACSBG1",2.4455,1.77487,2.45338
"ACSBG2",1.7434,1.81441,2.00005
"ACSF2",3.12822,3.30784,3.07578
"ACSF3",3.5547,3.14415,3.23008
"ACSL1",4.94892,3.43431,4.87169
"ACSL3",5.00016,5.34933,5.16446
"ACSL4",2.30551,2.31784,1.79554
"ACSL5",2.80663,3.0292,3.82108
"ACSL6",2.11522,2.08917,2.01364
"ACSM1",3.76123,4.2119,4.58008
"ACSM2A",2.40453,2.12459,2.48766
"ACSM2B",2.78851,2.19956,2.58633
"ACSM3",3.04095,3.39979,3.55339
"ACSM5",2.755,2.89988,3.14252
"ACSS1",4.34819,3.94907,3.95776
"ACSS2",3.91136,3.42297,3.28211
"ACSS3",3.21317,3.02045,3.1172
"ACTA1",4.22665,4.38954,4.2939
"ACTA2",6.41015,6.58794,5.91626
"ACTB",7.57608,7.55459,6.77608
"ACTBL2",2.17816,2.10302,2.35517
"ACTC1",3.02631,2.55342,2.69046
"ACTG1",6.53632,6.75361,5.92248
"ACTG2",8.12337,8.32108,7.44355
"ACTL6A",3.36216,3.4682,3.03259
"ACTL6B",3.46811,3.04367,3.22188
"ACTL7A",2.06865,1.64481,1.55842
"ACTL7B",3.1988,3.31336,4.13831
"ACTL8",2.39152,2.29656,2.80935
"ACTL9",3.80173,3.86175,4.15122
"ACTN1",6.18114,6.445,5.74631
"ACTN2",2.2315,1.66835,1.89611
"ACTN3",2.31787,2.57314,2.1867
"ACTN4",5.74827,5.87349,5.37632
"ACTR10",3.67832,3.59671,3.33159
"ACTR1A",3.01072,4.16126,3.13655
"ACTR1B",3.10495,3.99928,3.28338
"ACTR2",6.8258,6.54528,6.69292
"ACTR3",4.88726,5.17006,4.4172
"ACTR3B",2.53897,2.30142,2.91846
"ACTR3BP2",1.30381,1.24475,1.56319
"ACTR3C",2.59477,3.42681,3.55053
"ACTR5",2.42353,2.25972,2.65815
"ACTR6",2.47775,2.27882,2.48268
"ACTR8",2.68468,3.28378,2.5242
"ACTRT1",1.50784,1.84742,1.91056
"ACTRT2",2.32557,2.3186,2.00947
"ACVR1",2.79321,2.47958,2.90265
"ACVR1B",3.94747,3.60614,3.57429
"ACVR1C",2.17615,2.22898,2.54039
"ACVR2A",3.39595,3.54034,2.76983
"ACVR2B",2.8973,2.51315,3.49875
"ACVRL1",4.09915,3.74299,4.06423
"ACY1",4.35391,4.23733,4.3428
"ACY3",2.89034,2.98728,2.99972
"ACYP1",3.60347,3.68134,3.79057
"ACYP2",4.51158,4.32621,4.57037
"ADA",2.64199,2.60503,1.90062
"ADAD1",1.19679,1.53592,1.26476
"ADAD2",3.48006,3.53959,3.9717
"ADAL",2.54403,2.28799,2.35199
"ADAM10",5.61379,5.53347,5.61358
"ADAM11",3.72977,3.23132,4.20351
"ADAM12",1.84754,2.28967,1.88438
"ADAM15",4.16059,3.87955,3.65884
"ADAM17",4.15797,3.52633,4.45848
"ADAM18",1.95194,1.70157,1.54872
"ADAM19",3.78384,3.79134,3.56279
"ADAM2",1.62384,1.63655,1.57917
"ADAM20",2.29814,3.66244,2.60005
"ADAM21",1.81503,2.43571,2.08288
"ADAM22",3.28645,3.84582,2.87291
"ADAM23",2.08644,1.93179,1.99991
"ADAM28",3.55409,2.8334,3.26001
"ADAM29",1.95063,2.24311,2.09763
"ADAM30",2.10263,2.34795,2.26862
"ADAM32",1.77359,2.25245,1.92852
"ADAM33",5.03925,5.5037,4.3266
"ADAM3A",2.06555,1.57155,1.53446
"ADAM5P",1.4344,1.36501,1.19104
"ADAM6",2.37487,2.05896,2.49926
"ADAM7",1.79019,1.87357,1.73411
"ADAM8",3.72106,3.08618,3.51512
"ADAM9",4.19957,3.77571,3.91918
"ADAMDEC1",1.83813,2.14783,1.97172
"ADAMTS1",5.63495,3.49323,5.35528
"ADAMTS10",3.62791,3.68948,3.67395
"ADAMTS12",2.85134,2.60184,2.69052
"ADAMTS13",3.48195,3.05904,3.25935
"ADAMTS14",3.027,3.5475,3.11848
"ADAMTS15",3.31002,3.06126,3.56278
"ADAMTS16",2.66292,2.57991,3.23477
"ADAMTS17",2.60525,2.69192,3.0177
"ADAMTS18",2.38312,2.1351,2.34805
"ADAMTS19",2.17061,2.40738,2.47472
"ADAMTS2",3.21273,3.2182,3.16551
"ADAMTS20",1.85626,1.55064,1.77516
"ADAMTS3",3.05898,2.8877,2.47297
"ADAMTS4",4.62828,2.80928,3.76601
"ADAMTS5",3.60521,2.7783,2.90274
"ADAMTS6",1.724,1.75975,2.08551
"ADAMTS7",4.50385,4.7599,4.77247
"ADAMTS8",3.57192,3.01081,2.75474
"ADAMTS9",4.07436,2.99887,3.81118
"ADAMTSL1",2.94306,2.73082,2.8765
"ADAMTSL2",3.82227,3.87103,3.52054
"ADAMTSL3",2.88257,2.46602,3.1396
"ADAMTSL4",5.01259,3.723,4.64007
"ADAMTSL5",3.45838,3.55855,3.17971
"ADAP1",2.72927,2.89574,2.99136
"ADAP2",2.97313,2.95228,3.35278
"ADAR",4.33194,4.50752,4.49606
"ADARB1",3.84119,3.88411,4.15197
"ADARB2",2.86423,2.84656,2.5922
"ADAT1",3.35068,3.15935,2.87428
"ADAT2",3.88458,4.36715,4.18967
"ADAT3",4.55925,4.17287,4.57847
"ADC",3.39659,2.84955,3.29212
"ADCK1",2.16875,2.50813,2.03486
"ADCK2",3.48703,3.14307,2.84112
"ADCK3",2.91865,3.33615,3.55157
"ADCK4",3.75755,3.68412,3.48129
"ADCK5",2.64686,2.8629,3.59913
"ADCY1",3.13227,3.30691,2.92085
"ADCY10",1.65229,1.69283,2.21076
"ADCY2",3.51444,3.05158,3.78818
"ADCY3",3.84071,3.79171,3.39434
"ADCY4",3.35743,3.87858,3.45777
"ADCY5",3.76778,4.08248,3.60189
"ADCY6",3.94487,4.49483,4.42821
"ADCY7",3.6363,3.13938,3.76963
"ADCY8",2.52065,2.55981,2.81192
"ADCY9",2.4514,3.26753,2.14243
"ADCYAP1",3.23107,2.90152,3.36586
"ADCYAP1R1",2.71594,3.30289,3.19401
"ADD1",5.26762,5.49118,5.14385
"ADD2",2.51368,2.29302,2.06091
"ADD3",4.53499,5.34431,4.50513
"ADH1A",2.90504,3.29612,2.68481
"ADH1B",1.95237,1.81525,1.48198
"ADH1C",2.58949,2.931,2.26607
"ADH4",1.81143,1.92253,1.40996
"ADH5",4.73273,5.00976,4.56959
"ADH6",1.89292,2.01052,1.9777
"ADH7",2.07204,1.6443,2.23428
"ADHFE1",3.66239,4.35923,4.43786
"ADI1",6.32446,5.73254,5.57347
"ADIG",3.40119,3.29683,3.38869
"ADIPOQ",2.51845,1.84566,1.91488
"ADIPOR1",4.11311,3.62997,3.47841
"ADIPOR2",4.31533,3.27296,3.16311
"ADK",3.63328,3.62606,3.93153
"ADM",3.99217,4.10119,4.20367
"ADM2",4.35894,4.25456,4.59928
"ADNP",4.93727,5.38106,4.96489
"ADNP2",2.98997,2.61882,2.28438
"ADO",3.73967,4.12224,3.62058
"ADORA1",3.61461,3.37655,3.59413
"ADORA2A",3.06418,3.14312,3.1579
"ADORA2B",2.98807,3.54297,4.10236
"ADORA3",2.5374,2.47786,2.53185
"ADPGK",4.88902,4.38526,4.20963
"ADPRH",2.08941,1.84853,2.4907
"ADPRHL1",2.81012,2.74224,2.75677
"ADPRHL2",3.43079,3.72637,3.51445
"ADRA1A",1.78833,2.45835,2.31239
"ADRA1B",3.57776,3.30338,3.10665
"ADRA1D",3.03135,3.83042,3.73913
"ADRA2A",4.31094,4.19467,4.6381
"ADRA2B",4.00913,3.859,3.78011
"ADRA2C",3.88042,4.02769,3.70553
"ADRB1",4.57135,4.829,4.98726
"ADRB2",4.81507,5.0091,5.24507
"ADRB3",2.7025,3.03202,2.6119
"ADRBK1",4.74422,4.83201,4.21338
"ADRBK2",4.31748,3.86193,3.99373
"ADRM1",3.95505,4.3077,5.03779
"ADSL",3.5848,3.32208,3.31373
"ADSS",3.59979,3.4808,3.86912
"ADSSL1",3.526,3.53294,3.88943
"AEBP1",5.43367,6.33882,4.87528
"AEBP2",5.23,5.36404,4.91519
"AEN",3.80326,3.38888,3.65664
"AES",5.86012,6.00575,5.3167
"AFAP1",3.30975,3.87531,3.7055
"AFAP1.AS",2.88896,2.36624,2.67091
"AFAP1L1",3.05463,3.2001,3.11028
"AFAP1L2",2.48062,2.82712,2.64208
"AFF1",5.53926,5.49764,5.54954
"AFF2",3.23529,3.56646,2.972
"AFF3",4.45682,5.12152,4.49992
"AFF4",6.79432,6.40879,6.8136
"AFG3L1P",3.7498,3.47102,3.60011
"AFG3L2",3.31604,3.05611,3.06521
"AFM",1.77542,1.38774,1.65748
"AFMID",3.68238,3.68107,3.24514
"AFP",1.73494,1.79017,1.63692
"AFTPH",4.70924,5.07779,4.39389
"AGA",3.85642,3.87627,3.89962
"AGAP1",3.70259,3.66849,3.42159
"AGAP11",4.31859,4.76226,4.93542
"AGAP2",2.97803,2.78583,3.16237
"AGAP3",4.18862,4.33223,4.27928
"AGAP4",4.71971,5.44577,4.84888
"AGAP5",4.72438,5.36553,4.92803
"AGAP6",4.76877,5.4074,4.5461
"AGAP7",4.90647,5.48299,4.60874
"AGAP9",5.18536,5.91307,5.34721
"AGBL1",2.00488,1.83469,2.23883
"AGBL2",2.6686,2.57428,2.60154
"AGBL3",1.58362,2.10585,1.64105
"AGBL4",2.1917,1.94537,2.14911
"AGBL5",4.05658,4.57908,4.45113
"AGER",4.34086,3.8472,4.24046
"AGFG1",5.22608,4.91956,4.77878
"AGFG2",3.90185,3.85926,4.13187
"AGGF1",4.13386,4.63883,4.42128
"AGK",2.57079,2.87342,2.87966
"AGL",2.88201,2.94846,2.43871
"AGMAT",3.08636,2.96236,3.23954
"AGPAT1",4.29079,4.65896,4.05954
"AGPAT2",3.76124,3.64226,3.47004
"AGPAT3",3.89262,3.83671,3.42317
"AGPAT4",2.70044,2.40455,3.06024
"AGPAT5",2.5019,2.91913,2.90885
"AGPAT6",3.90722,3.20793,3.48617
"AGPAT9",1.39711,1.52001,1.50061
"AGPHD1",3.24941,2.35759,2.68052
"AGPS",2.21981,2.60776,2.1718
"AGR2",6.20418,4.96,5.50667
"AGR3",1.44616,1.31979,1.48082
"AGRN",3.65594,3.87422,3.65986
"AGRP",3.57132,3.59953,3.75268
"AGT",2.83566,2.17882,2.69933
"AGTPBP1",2.12764,2.24074,2.31419
"AGTR1",2.78705,2.8222,2.8743
"AGTR2",1.25666,1.76635,1.68683
"AGTRAP",4.42191,5.05265,4.55794
"AGXT",2.96872,2.72785,3.36937
"AGXT2",2.71866,2.08849,2.42114
"AGXT2L1",1.32083,1.5257,1.20796
"AGXT2L2",3.82538,3.58559,4.03243
"AHCTF1",2.96661,3.34565,3.81943
"AHCY",4.73933,5.23736,5.07386
"AHCYL1",4.32179,4.10208,3.70024
"AHCYL2",3.91601,3.71332,3.65787
"AHDC1",4.92598,4.72763,4.85117
"AHI1",4.39077,4.25446,3.64511
"AHNAK",6.82279,7.03249,5.96242
"AHNAK2",4.59572,4.32311,3.86868
"AHR",4.35593,4.43987,4.28651
"AHRR",3.92083,3.47263,3.84277
"AHSA1",4.19048,4.68928,4.47917
"AHSA2",3.82322,5.60319,4.39068
"AHSG",2.05116,1.85476,2.75039
"AHSP",1.85995,1.78821,1.69632
"AICDA",1.91098,1.94817,1.97064
"AIDA",4.70027,4.47088,4.68571
"AIF1",3.08998,3.75854,3.58219
"AIF1L",3.75192,3.89467,4.14076
"AIFM1",2.45641,2.24787,2.56704
"AIFM2",2.77824,2.6232,2.50339
"AIFM3",2.87095,2.48258,3.0474
"AIG1",2.83199,2.88493,3.01772
"AIM1",4.45421,4.08533,5.06055
"AIM1L",3.1933,2.65735,2.89961
"AIM2",1.52003,1.42461,1.23693
"AIMP1",3.82341,3.84212,3.69631
"AIMP2",4.29149,4.20304,4.48724
"AIP",2.74676,3.42332,3.03198
"AIPL1",2.74682,2.73982,2.9092
"AIRE",4.26356,3.95283,4.03451
"AJAP1",2.46145,2.13648,2.17346
"AK1",3.09518,3.58519,2.85201
"AK2",5.17587,5.64942,5.65455
"AK3",4.64268,4.70857,4.65843
"AK4",3.922,3.54782,3.52448
"AK5",1.97435,1.43979,1.82778
"AK7",1.98336,1.65129,1.72842
"AKAP1",3.8636,4.41769,4.03164
"AKAP10",3.46788,4.024,4.28938
"AKAP11",3.37467,3.04417,3.34318
"AKAP12",4.78693,3.89078,4.66113
"AKAP13",4.60149,5.05101,4.37293
"AKAP14",1.46075,1.44859,1.34692
"AKAP3",2.49118,1.93896,2.45864
"AKAP4",1.78284,1.66579,1.87448
"AKAP5",2.27394,2.51504,2.48506
"AKAP6",2.03409,2.02983,2.34426
"AKAP7",2.10717,2.13158,2.2837
"AKAP8",4.21201,4.50444,4.32392
"AKAP8L",5.565,5.6704,5.13045
"AKAP9",4.66313,4.53966,4.30175
"AKD1",2.24297,1.97114,2.20709
"AKIRIN1",5.68842,5.23299,4.81261
"AKIRIN2",3.6201,3.96819,4.01984
"AKNA",4.65841,4.48871,4.31298
"AKNAD1",1.56994,1.84563,1.65493
"AKR1A1",4.0384,3.9563,3.7356
"AKR1B1",3.04325,2.89987,2.22922
"AKR1B10",2.02405,1.63786,1.66237
"AKR1C1",2.75142,2.87456,2.55839
"AKR1C2",3.32594,2.25484,2.3408
"AKR1C3",2.40117,2.13941,2.39122
"AKR1C4",1.58903,1.79654,1.59729
"AKR1CL1",1.60787,1.6836,2.36413
"AKR1D1",1.53204,1.87768,1.94098
"AKR1E2",2.88576,3.35676,3.06706
"AKR7A2",3.98244,4.14618,3.5778
"AKR7A2P1",2.98063,2.83456,2.96186
"AKR7A3",4.2386,4.08831,4.4523
"AKR7L",1.7356,2.41379,2.27135
"AKT1",4.9521,5.13073,4.121
"AKT1S1",3.67853,3.44991,3.62844
"AKT2",5.01858,5.10406,4.77877
"AKT3",5.35236,5.53988,4.65759
"AKTIP",3.71524,3.04956,3.01051
"ALAD",3.65363,3.61779,3.74649
"ALAS1",5.7,4.72746,5.35062
"ALAS2",2.62695,2.66885,2.72468
"ALB",1.89146,1.68302,1.966
"ALCAM",6.02962,5.41256,6.01465
"ALDH16A1",3.88565,4.01578,3.85939
"ALDH18A1",3.06754,3.13375,2.73604
"ALDH1A1",3.69004,4.6353,3.88949
"ALDH1A2",3.71916,4.07708,3.47589
"ALDH1A3",6.99723,5.81149,6.19561
"ALDH1B1",5.12461,5.24539,4.52839
"ALDH1L1",3.36216,3.34267,3.96258
"ALDH1L2",2.66902,2.97333,2.9988
"ALDH2",3.66621,4.35881,4.44387
"ALDH3A1",3.23781,2.9445,3.25304
"ALDH3A2",4.18156,4.55806,4.40575
"ALDH3B1",4.20681,3.85613,4.13448
"ALDH3B2",2.87136,3.16614,3.10301
"ALDH4A1",2.81378,3.06672,3.18701
"ALDH5A1",3.41526,2.90352,2.79054
"ALDH6A1",3.67346,3.82403,3.73523
"ALDH7A1",5.72455,5.48966,4.67637
"ALDH8A1",1.92695,1.97464,1.91646
"ALDH9A1",2.99322,3.1722,2.70869
"ALDOA",5.04884,4.86978,4.55126
"ALDOAP2",2.71617,2.58682,2.74173
"ALDOB",2.59844,2.26448,2.41366
"ALDOC",3.18971,3.22603,3.31298
"ALG1",3.83891,3.47952,4.03152
"ALG10",2.74655,3.31703,3.82507
"ALG10B",2.62402,3.2314,3.4354
"ALG11",3.84572,3.62078,3.14492
"ALG12",4.17888,3.72915,4.12783
"ALG13",2.95678,3.43677,3.13786
"ALG14",2.35153,2.35251,2.9714
"ALG1L",2.11594,3.21701,3.12249
"ALG2",4.38761,4.42985,3.84498
"ALG3",5.0978,5.34325,5.173
"ALG5",3.22327,2.79844,3.18841
"ALG6",2.75306,2.8173,2.46337
"ALG8",2.63262,2.39676,2.44666
"ALG9",2.83929,2.75987,2.94074
"ALK",2.51128,2.55132,2.70837
"ALKBH1",1.74036,2.25608,2.34789
"ALKBH2",3.56658,3.28395,3.59063
"ALKBH3",3.32592,3.74577,3.62352
"ALKBH4",2.79986,3.10618,3.30922
"ALKBH5",5.14766,4.64489,5.30787
"ALKBH6",3.91247,4.50662,3.55408
"ALKBH7",3.00033,2.83809,2.83257
"ALKBH8",2.00198,2.27343,2.15359
"ALLC",1.87776,1.58281,1.73376
"ALMS1",4.38807,4.32079,4.06448
"ALMS1P",2.22166,1.89355,1.93258
"ALOX12",2.31715,2.86626,2.37417
"ALOX12B",3.64803,3.57349,3.30077
"ALOX12P2",3.04286,2.47559,2.55258
"ALOX15",2.02502,2.1557,2.23037
"ALOX15B",4.61995,3.60088,4.38232
"ALOX5",2.13605,2.44534,2.80908
"ALOX5AP",3.51827,3.10877,2.9963
"ALOXE3",2.99823,2.72217,2.76061
"ALPI",4.45627,3.91671,4.15793
"ALPK1",3.30891,3.20091,3.11758
"ALPK2",1.59898,2.28585,1.69776
"ALPK3",2.8513,2.91831,3.07522
"ALPL",2.86462,2.73537,3.16642
"ALPP",3.03387,1.71839,2.70469
"ALPPL2",3.88933,3.89128,3.92423
"ALS2",2.29593,2.89823,2.37221
"ALS2CL",3.15294,2.73459,2.72083
"ALS2CR11",1.49581,1.76498,1.59594
"ALS2CR12",1.89075,2.16591,2.01015
"ALS2CR4",3.25063,3.59982,3.52958
"ALS2CR8",2.97787,3.14079,2.63618
"ALX1",1.92186,1.91908,2.2379
"ALX3",4.2425,3.69014,3.81692
"ALX4",3.65783,3.2321,3.58662
"AMAC1",4.24117,3.24183,4.1063
"AMAC1L2",4.65709,4.31557,4.40278
"AMAC1L3",4.20601,4.64259,4.24885
"AMACR",3.41953,3.59993,4.63684
"AMBN",1.58914,1.6816,1.73697
"AMBP",3.44775,3.08681,3.43835
"AMBRA1",4.30789,4.17207,3.6666
"AMD1",6.68939,5.7247,6.50056
"AMDHD1",2.03664,2.21757,2.58866
"AMDHD2",4.13277,4.04883,4.5478
"AMELX",5.42899,5.09892,4.84502
"AMELY",3.58852,3.41585,4.15432
"AMFR",4.61176,4.41833,4.41735
"AMH",4.9072,4.49273,4.38133
"AMHR2",2.91501,3.07364,2.96486
"AMICA1",1.71079,2.83847,2.46478
"AMIGO1",4.70852,4.54755,4.73535
"AMIGO2",2.76512,2.40572,2.51824
"AMIGO3",3.22474,3.38338,3.46484
"AMMECR1",3.56843,3.59772,3.36433
"AMMECR1L",3.45664,4.37568,3.20836
"AMN",3.67243,3.56183,3.90743
"AMN1",3.06755,3.07739,2.91487
"AMOT",4.34681,3.6873,4.18668
"AMOTL1",4.5803,5.02511,4.94237
"AMOTL2",3.7451,3.72301,3.62388
"AMPD1",1.68363,1.50536,1.99712
"AMPD2",3.61059,3.31791,3.55184
"AMPD3",3.73254,3.94347,4.00124
"AMPH",2.13811,1.90338,1.74232
"AMT",3.87297,4.1077,3.48427
"AMTN",1.80756,2.34882,1.55041
"AMY1A",2.93043,2.57493,2.80878
"AMY2A",3.22012,2.71199,2.85584
"AMY2B",2.70332,2.97443,2.04617
"AMZ1",3.57853,3.52404,3.83578
"AMZ2",4.59958,4.72536,4.53217
"AMZ2P1",2.5331,3.84089,2.79707
"ANAPC1",2.84476,3.16785,2.96345
"ANAPC10",2.78446,2.60006,2.755
"ANAPC11",4.14204,4.10938,4.07246
"ANAPC13",3.98799,4.10841,3.80138
"ANAPC16",5.39189,5.08495,5.00481
"ANAPC2",4.10494,4.21137,4.212
"ANAPC4",2.91972,2.98348,3.25988
"ANAPC5",3.99301,4.21706,4.41321
"ANAPC7",3.30651,3.98411,3.41731
"ANG",4.22726,4.22403,3.83277
"ANGEL1",3.22439,3.25856,3.45475
"ANGEL2",2.68146,3.28175,2.72899
"ANGPT1",3.12242,3.56295,2.6281
"ANGPT2",3.38774,4.79582,3.0008
"ANGPT4",2.5559,2.69927,2.94672
"ANGPTL1",2.00514,2.57855,1.78567
"ANGPTL2",4.16502,3.88352,3.9282
"ANGPTL3",1.62068,1.46075,1.86308
"ANGPTL4",3.37538,2.78907,3.06518
"ANGPTL5",1.36802,1.5513,1.35182
"ANGPTL6",3.34979,3.46081,3.36287
"ANGPTL7",2.17924,2.15055,2.02031
"ANK1",3.15105,2.78383,3.09612
"ANK2",2.62568,2.72697,2.14368
"ANK3",3.73608,3.88694,3.88743
"ANKAR",2.6641,2.71808,2.61294
"ANKDD1A",3.615,3.43519,3.55084
"ANKFN1",2.02454,1.61514,1.45995
"ANKFY1",3.70592,4.06927,3.64919
"ANKH",4.84151,4.02063,4.7635
"ANKHD1.EIF4EBP3",5.12421,5.4087,5.0342
"ANKIB1",3.51012,3.50625,3.68532
"ANKK1",3.5153,3.01969,3.14676
"ANKLE1",2.34511,2.54115,3.16152
"ANKLE2",4.76527,4.25154,4.68157
"ANKMY1",3.56838,3.63315,3.2545
"ANKMY2",2.81484,3.21789,2.92093
"ANKRA2",3.19855,3.43717,3.66815
"ANKRD1",2.03822,2.27273,2.38433
"ANKRD10",5.11292,4.86142,5.24281
"ANKRD11",3.87469,3.97029,3.83586
"ANKRD12",4.50128,4.12801,4.48795
"ANKRD13A",4.13728,3.96447,3.65046
"ANKRD13B",3.20821,3.61166,3.02664
"ANKRD13C",2.7205,2.90616,2.96375
"ANKRD13D",3.54778,3.63513,3.74341
"ANKRD16",2.88609,2.14049,2.32629
"ANKRD17",5.38915,5.47572,5.07626
"ANKRD18A",2.56893,2.79194,2.36345
"ANKRD18B",4.21667,3.10913,4.26826
"ANKRD19",2.26463,2.06861,1.87678
"ANKRD2",3.42426,3.17455,3.87708
"ANKRD20A1",3.80262,3.24412,3.84505
"ANKRD20A2",3.73204,3.40086,3.87243
"ANKRD20A3",3.7406,3.23541,3.92272
"ANKRD20A5",3.35724,3.34536,3.19392
"ANKRD20B",3.51598,3.2263,3.64223
"ANKRD22",1.48969,2.13857,1.71903
"ANKRD23",3.37353,3.61452,3.23478
"ANKRD24",3.94766,3.51749,3.59328
"ANKRD26",3.12992,3.67173,3.00776
"ANKRD26P1",1.49998,1.34317,1.75804
"ANKRD27",3.82207,4.00606,3.71946
"ANKRD28",3.83471,3.98637,3.84671
"ANKRD29",3.00067,3.61262,3.29911
"ANKRD30A",1.537,1.9983,1.59809
"ANKRD30B",1.32933,1.3505,1.49001
"ANKRD30BL",2.22145,1.95771,1.89309
"ANKRD30BP2",2.02147,1.84382,1.92709
"ANKRD31",1.42483,1.58822,1.79626
"ANKRD32",1.69906,2.04311,1.84259
"ANKRD33",2.31222,2.23004,2.75762
"ANKRD33B",3.85912,3.79917,3.71204
"ANKRD34A",3.51585,3.27142,3.40854
"ANKRD34B",1.59789,1.6449,1.4942
"ANKRD34C",3.23707,2.87041,2.71915
"ANKRD35",2.2442,2.31043,2.64577
"ANKRD36",1.58609,2.64885,1.83712
"ANKRD36B",5.1863,5.98565,5.3796
"ANKRD36BP1",2.3954,2.8727,3.06326
"ANKRD37",4.58582,4.28966,4.30438
"ANKRD39",4.176,4.1826,3.94928
"ANKRD40",4.89629,4.98759,4.85383
"ANKRD42",4.62339,4.65154,4.48627
"ANKRD43",4.26897,3.82981,3.82821
"ANKRD44",2.65238,3.16373,2.94813
"ANKRD45",1.791,1.54196,2.2878
"ANKRD46",2.70594,3.0142,2.51402
"ANKRD49",4.17023,4.01945,3.7187
"ANKRD5",2.12192,2.02928,2.49859
"ANKRD50",4.24257,4.83619,4.4345
"ANKRD52",3.73428,3.31284,3.67323
"ANKRD53",2.00523,2.87158,2.66397
"ANKRD54",4.03522,4.03797,3.7092
"ANKRD55",1.69787,2.10141,2.16411
"ANKRD56",2.31321,2.25543,1.93742
"ANKRD57",3.4904,2.80228,3.38003
"ANKRD58",3.36716,3.14318,3.83208
"ANKRD6",2.73605,2.83041,2.90193
"ANKRD60",4.16843,3.83455,4.28031
"ANKRD61",1.36291,1.87891,1.57778
"ANKRD62",2.09732,1.83219,2.04378
"ANKRD7",1.27593,1.08861,1.21697
"ANKRD9",4.01242,3.82644,3.79771
"ANKS1A",3.12836,3.52446,3.54108
"ANKS1B",2.0986,1.97819,1.95887
"ANKS3",4.23126,3.88115,4.1559
"ANKS4B",2.03892,2.12054,1.88732
"ANKS6",3.34427,3.04841,3.66703
"ANKZF1",4.09818,4.11666,4.16935
"ANLN",1.66314,1.77822,2.10714
"ANO1",3.02023,3.43,3.43167
"ANO10",2.61594,3.2582,3.52669
"ANO2",2.00583,3.08417,1.75836
"ANO3",1.60171,1.6943,1.81832
"ANO4",2.22125,2.84336,2.26565
"ANO5",2.09755,2.38031,1.98481
"ANO6",4.12105,5.00825,3.1905
"ANO7",5.10864,5.53,5.14142
"ANO8",3.81548,3.77612,3.82795
"ANO9",3.2509,2.89271,3.19503
"ANP32A",6.57368,7.08953,6.33573
"ANP32B",6.77119,7.25247,6.91542
"ANP32C",5.48139,5.71023,5.36988
"ANP32D",1.59253,1.30521,1.90684
"ANP32E",3.97428,3.91516,2.79421
"ANPEP",6.41723,4.30231,5.52551
"ANTXR1",4.94012,5.98433,4.65453
"ANTXR2",5.5051,5.71831,5.42271
"ANTXRL",2.08704,1.55496,1.73885
"ANUBL1",3.03572,2.95488,2.84165
"ANXA1",6.52739,4.57833,5.93524
"ANXA10",1.49877,1.80059,1.55209
"ANXA11",5.62052,5.22851,5.19387
"ANXA13",1.84677,1.79353,1.88798
"ANXA2",6.20006,5.50523,5.09311
"ANXA2P1",2.6933,2.74307,2.77673
"ANXA2P2",5.95983,6.34228,5.75274
"ANXA2P3",2.28263,1.81353,2.08019
"ANXA3",3.67723,3.19113,3.69504
"ANXA4",4.66922,4.86289,4.03451
"ANXA5",6.40146,6.35538,6.00725
"ANXA6",5.03149,5.23698,4.2275
"ANXA7",5.09561,4.4924,4.73024
"ANXA8",3.30712,3.2424,2.97403
"ANXA8L1",3.01713,3.12876,3.3605
"ANXA8L2",3.27424,3.27555,2.90922
"ANXA9",3.52082,3.47664,3.37751
"AOAH",2.13399,2.49299,2.39267
"AOC2",3.01962,2.65854,3.62878
"AOC3",4.85654,4.83845,4.52415
"AOX1",3.90784,2.88904,3.17941
"AP1AR",3.47322,3.1957,2.97676
"AP1B1",4.71063,4.95121,4.49131
"AP1G1",4.62641,4.75028,4.73256
"AP1G2",3.83945,4.273,4.08174
"AP1M1",3.73627,3.47482,3.08057
"AP1M2",3.64533,3.93918,4.19909
"AP1S1",3.87112,3.67857,3.43615
"AP1S2",2.30227,2.28812,2.26455
"AP1S3",1.73927,1.75984,1.89724
"AP2A1",3.88572,4.32738,3.94011
"AP2A2",4.61582,4.66678,4.70188
"AP2B1",5.05702,4.85667,4.74484
"AP2M1",5.79276,6.051,5.36391
"AP2S1",5.34786,5.28904,5.26724
"AP3B1",2.8469,3.47386,2.75258
"AP3B2",3.24021,2.86242,3.0794
"AP3D1",4.94978,4.86792,4.85047
"AP3M1",4.30097,4.4202,4.18292
"AP3M2",2.11575,2.64443,2.03955
"AP3S1",4.31938,4.79355,4.36254
"AP3S2",3.69864,4.14307,4.02711
"AP4B1",2.37282,2.54295,2.61547
"AP4E1",2.22288,1.94182,2.01062
"AP4M1",3.93334,4.02979,3.55119
"AP4S1",2.89435,2.32684,2.01545
"APAF1",2.5593,2.90512,3.01622
"APBA1",2.9489,3.19543,3.23481
"APBA2",2.58492,3.14705,3.02151
"APBA3",3.56015,3.2025,3.0259
"APBB1",2.83456,2.90295,2.48884
"APBB1IP",2.75545,2.90988,2.50287
"APBB2",3.59544,3.62194,2.9676
"APBB3",3.85864,3.78924,3.91136
"APC",2.24349,2.24219,2.31201
"APC2",2.35095,2.41369,2.42382
"APCDD1",5.29887,5.21436,5.13459
"APCDD1L",4.20786,3.96286,4.16917
"APCS",2.79576,2.78159,2.10556
"APEH",3.88961,3.5942,3.95047
"APEX1",3.15436,3.87895,3.4358
"APEX2",3.14774,3.22424,3.0623
"APH1A",3.78566,3.76918,3.38684
"APH1B",2.12197,2.73101,3.29896
"API5",4.72793,3.86361,3.70583
"APIP",5.85353,5.41843,3.48574
"APITD1.CORT",2.85666,3.101,3.05681
"APLF",2.3195,2.57635,2.1942
"APLN",3.38765,3.57694,3.90779
"APLNR",3.29302,3.4864,3.63146
"APLP1",2.60642,2.62392,2.48869
"APLP2",6.57855,6.62828,6.38128
"APOA1",3.63186,3.60154,3.89187
"APOA1BP",4.62448,5.21767,5.24401
"APOA2",2.55883,2.23138,2.29206
"APOA4",3.37633,2.89396,3.12772
"APOA5",2.74442,3.06857,3.64543
"APOB",2.1704,2.2123,1.85329
"APOB48R",2.21984,2.3697,2.87102
"APOBEC1",1.98637,2.06438,2.20048
"APOBEC2",2.07375,2.28942,2.58466
"APOBEC3A",3.183,2.51526,3.0423
"APOBEC3B",1.97135,2.10339,1.71799
"APOBEC3C",2.55985,3.85712,2.89077
"APOBEC3D",4.75354,4.81072,4.45714
"APOBEC3F",2.92267,2.55159,3.06865
"APOBEC3G",3.24835,2.81505,3.55411
"APOBEC3H",2.12594,2.0224,2.15663
"APOBEC4",1.64975,1.45103,1.42338
"APOC1",2.089,2.61741,3.46395
"APOC2",4.11403,4.15421,4.36352
"APOC3",3.0416,2.89298,3.08475
"APOC4",3.08801,2.89167,2.85695
"APOD",7.02615,7.03738,6.72496
"APOE",3.56715,4.45278,4.47845
"APOF",2.52136,2.32646,2.7523
"APOH",1.82351,1.46003,2.34236
"APOL1",4.60343,3.5738,3.05299
"APOL2",3.48567,3.22118,3.62992
"APOL3",2.73778,3.11071,3.06127
"APOL4",2.97432,2.95224,2.89025
"APOL5",2.02354,1.56459,2.03866
"APOL6",4.50086,4.52686,4.00393
"APOLD1",5.32001,3.2301,4.45577
"APOM",3.21795,3.20817,3.07529
"APOO",2.86884,2.26669,3.1979
"APOOL",2.90791,4.25714,2.67063
"APP",6.24897,6.11512,5.55225
"APPBP2",3.68923,3.61156,2.96971
"APPL1",4.41072,4.99981,4.0895
"APPL2",4.83126,4.95288,4.92808
"APRT",3.60311,4.29841,4.13141
"APTX",4.37168,4.96574,4.19381
"AQP1",3.73583,3.74276,3.44678
"AQP10",3.43994,3.18575,3.28783
"AQP11",2.97795,3.36471,2.68402
"AQP12A",4.82982,4.74474,4.75106
"AQP2",3.31685,3.37317,3.78161
"AQP3",4.82046,4.74996,4.53741
"AQP4",1.50042,1.39203,1.52951
"AQP5",3.7894,3.52446,4.08712
"AQP6",2.6387,2.66998,2.71512
"AQP7",4.73958,3.83094,5.30737
"AQP7P1",3.75926,3.12791,3.7458
"AQP8",2.91091,2.85243,3.46701
"AQP9",2.59193,3.36041,2.8776
"AQPEP",2.53516,2.53391,2.3884
"AQR",3.40889,4.35384,3.97167
"AR",5.00271,5.27268,4.88787
"ARAF",4.54833,3.85316,3.95365
"ARAF2P",2.62769,2.79741,2.86459
"ARAP1",3.3929,3.67334,3.8053
"ARAP2",2.74081,2.09182,2.36476
"ARAP3",3.77397,4.0367,3.95033
"ARC",4.38417,4.2371,4.1895
"ARCN1",4.46218,4.2662,4.22145
"AREG",3.67154,1.97666,2.76765
"ARF1",5.72536,6.17406,6.07528
"ARF3",6.28983,5.88101,5.6826
"ARF4",5.85905,5.78013,4.57205
"ARF5",4.3166,4.39253,4.04941
"ARF6",3.65267,3.08957,3.00915
"ARFGAP1",4.63468,4.04569,4.41007
"ARFGAP2",3.91511,4.35118,4.03387
"ARFGAP3",5.33043,4.59316,5.02569
"ARFGEF1",4.39013,4.87419,4.23173
"ARFGEF2",4.05436,4.25166,3.40234
"ARFIP1",4.07988,5.23304,4.22199
"ARFIP2",4.49831,4.10509,4.50117
"ARFRP1",4.07604,3.9958,3.73746
"ARG1",1.94049,1.42769,1.59511
"ARG2",4.87669,4.81309,4.71691
"ARGFX",1.67987,1.43184,1.40092
"ARGLU1",7.10334,7.34079,7.13077
"ARHGAP1",5.27943,5.23539,4.69918
"ARHGAP10",3.65801,4.05517,3.83084
"ARHGAP11A",1.36097,1.53082,1.66348
"ARHGAP11B",1.12403,1.62659,1.35346
"ARHGAP12",4.61694,3.77727,4.84774
"ARHGAP15",2.92344,3.08709,3.17347
"ARHGAP17",3.39336,3.6772,3.65636
"ARHGAP18",4.03918,4.24142,4.02567
"ARHGAP19",2.44955,2.62602,2.61773
"ARHGAP20",3.2396,3.34199,2.82145
"ARHGAP21",4.80058,5.1235,4.44924
"ARHGAP22",2.91009,2.83385,3.21364
"ARHGAP23",4.38375,4.15546,4.03902
"ARHGAP24",2.50435,3.02248,2.84539
"ARHGAP25",2.69319,2.41601,3.11878
"ARHGAP26",3.47881,3.56736,3.26466
"ARHGAP27",3.62773,3.80121,4.27842
"ARHGAP28",2.12554,2.88403,2.52929
"ARHGAP29",3.25982,2.9979,3.38287
"ARHGAP30",3.09389,2.91581,3.27855
"ARHGAP31",2.61283,3.11005,2.41997
"ARHGAP32",4.09931,4.09995,4.23704
"ARHGAP33",4.01785,3.85448,3.97283
"ARHGAP36",2.36702,2.2193,2.49921
"ARHGAP39",3.383,3.52861,3.57182
"ARHGAP4",3.42216,3.58011,3.53754
"ARHGAP40",2.68977,2.2459,2.77226
"ARHGAP42",2.05007,2.22845,2.05211
"ARHGAP44",3.13694,3.16301,3.32964
"ARHGAP5",5.33168,5.56739,5.55936
"ARHGAP6",4.76856,5.10316,5.76873
"ARHGAP9",3.69598,3.61378,3.57538
"ARHGDIA",5.00684,5.135,5.66858
"ARHGDIB",5.30701,5.10686,4.5573
"ARHGDIG",3.21745,3.04833,3.08957
"ARHGEF1",4.11207,4.22497,4.63384
"ARHGEF10",3.14193,3.81217,3.71159
"ARHGEF10L",3.38123,3.34356,3.65535
"ARHGEF11",3.48687,3.9893,3.54971
"ARHGEF12",5.35595,5.74138,5.09813
"ARHGEF15",4.4097,4.5332,4.01747
"ARHGEF16",3.9869,3.68713,3.9692
"ARHGEF17",3.90207,3.7891,3.76115
"ARHGEF18",3.86148,3.52325,4.10068
"ARHGEF19",3.82901,3.74166,3.66139
"ARHGEF2",3.08055,3.66905,2.87154
"ARHGEF25",3.5593,4.46833,3.78204
"ARHGEF26",2.50573,2.93075,3.04129
"ARHGEF3",3.97149,2.96586,3.5592
"ARHGEF37",3.46376,3.72625,3.4069
"ARHGEF38",3.67031,2.99639,3.56601
"ARHGEF4",2.77842,3.11587,2.63119
"ARHGEF40",3.04991,3.12704,2.32064
"ARHGEF5",5.45418,4.23692,4.13098
"ARHGEF6",2.70229,3.96406,2.80847
"ARHGEF7",4.60735,5.18228,4.68845
"ARHGEF9",4.03564,4.16242,4.00406
"ARID1A",5.04733,5.47926,4.65477
"ARID1B",5.16806,5.0474,4.27497
"ARID2",3.66588,3.86198,4.0487
"ARID3A",3.77559,4.14593,4.17086
"ARID3B",4.46437,4.47057,4.09267
"ARID3C",2.96773,3.23278,3.37164
"ARID4A",3.06829,4.27283,3.03742
"ARID4B",4.32769,4.87749,4.08297
"ARID5A",4.74115,3.75382,3.91428
"ARID5B",5.25325,5.31221,5.50876
"ARIH1",5.59865,4.743,4.5544
"ARIH2",3.98482,4.3735,4.05092
"ARL1",5.71837,5.19549,5.03749
"ARL10",2.81854,3.11352,3.38166
"ARL11",2.29588,2.86821,2.53197
"ARL13A",1.89365,1.96188,1.68895
"ARL13B",3.70813,3.41691,3.36369
"ARL14",1.67724,1.45267,2.01603
"ARL15",4.00899,2.86978,2.82098
"ARL17A",5.20728,6.20629,5.85079
"ARL2",4.91449,5.58444,5.18956
"ARL2BP",4.10128,4.65083,4.70137
"ARL3",4.13759,4.52735,4.41334
"ARL4A",1.77546,1.70002,1.8294
"ARL4C",3.7696,4.26706,4.40334
"ARL4D",3.79139,3.66336,3.66719
"ARL5A",4.59096,4.5478,4.61725
"ARL5B",4.51726,3.8984,3.58724
"ARL5C",2.46368,2.1986,2.56522
"ARL6",2.01229,2.43901,2.02955
"ARL6IP1",5.11502,5.16367,5.3858
"ARL6IP4",5.14436,5.38574,5.10091
"ARL6IP5",4.7142,4.72961,4.28788
"ARL6IP6",2.80525,2.614,2.60241
"ARL8A",4.02091,4.20896,3.70859
"ARL8B",4.04357,3.55545,3.72382
"ARL9",2.06205,2.90998,1.80894
"ARMC1",2.37704,2.73414,2.53979
"ARMC10",3.89913,3.9526,2.88991
"ARMC2",2.45851,2.70645,2.5759
"ARMC3",1.37353,1.32689,1.2657
"ARMC4",2.78527,2.92668,2.51967
"ARMC5",3.43297,3.5995,3.9286
"ARMC6",3.56546,3.47764,3.3532
"ARMC7",3.4759,3.15519,3.33827
"ARMC8",3.42322,3.48696,2.9805
"ARMC9",2.28456,2.55201,2.05977
"ARMCX1",3.49511,4.3501,4.13425
"ARMCX2",3.65622,3.71392,3.70741
"ARMCX3",4.86953,4.63138,5.03761
"ARMCX4",2.75765,3.12862,2.48684
"ARMCX5",2.76243,2.99167,3.15695
"ARMCX6",4.92949,5.04311,4.2869
"ARNT",4.06725,4.7207,4.32037
"ARNT2",2.63439,2.59484,2.60361
"ARNTL",1.46165,2.08171,1.68566
"ARNTL2",1.9647,1.85859,1.53648
"ARPC1A",4.37141,4.98034,4.2179
"ARPC1B",3.73987,3.54427,3.68513
"ARPC2",5.93509,6.10338,5.3268
"ARPC3",4.63136,4.72876,4.0935
"ARPC4",3.49829,3.8214,3.61191
"ARPC5",4.84015,5.03282,4.70653
"ARPC5L",4.05497,3.70617,3.48272
"ARPM1",2.18049,2.6341,2.44322
"ARPP19",3.15828,3.97126,4.0997
"ARPP21",1.96949,1.84102,2.07847
"ARR3",2.03402,2.68347,2.49459
"ARRB1",4.28818,4.91731,4.23574
"ARRB2",3.91928,4.1272,3.6679
"ARRDC1",3.74233,3.87277,4.0109
"ARRDC2",2.38291,2.92341,2.79174
"ARRDC3",6.76731,5.71725,6.03454
"ARRDC4",3.41486,3.22227,3.27444
"ARSA",3.6846,3.44036,4.00164
"ARSB",2.02648,2.2239,2.14878
"ARSD",3.83495,2.89384,3.64336
"ARSE",2.72573,2.36363,2.76374
"ARSF",1.45524,1.81272,1.56677
"ARSG",3.10275,2.95425,2.98561
"ARSH",2.66275,2.58276,2.71256
"ARSI",2.58299,1.92946,2.70894
"ARSJ",2.60919,2.47153,2.71545
"ARSK",1.70278,2.08945,1.97919
"ART1",3.21869,3.39304,3.61781
"ART3",1.72991,1.71525,1.83884
"ART4",1.7873,2.17177,1.9199
"ART5",3.44513,3.11497,3.42539
"ARTN",3.80733,3.58488,2.92958
"ARV1",3.303,3.1675,3.10497
"ARVCF",3.52377,3.44171,3.41702
"ARVP6125",2.74541,1.17482,2.25336
"ARX",3.69193,3.35336,3.87478
"AS3MT",3.39212,2.63632,2.71565
"ASAH1",4.79402,4.51827,4.77661
"ASAH2",2.70616,2.89811,2.93335
"ASAM",3.29714,3.76382,2.89892
"ASAP1",4.27761,4.97847,4.30784
"ASAP2",3.57083,4.04925,3.39269
"ASAP3",3.41581,4.16473,3.25325
"ASB1",2.89587,2.78969,2.65291
"ASB10",2.89207,3.36122,3.4618
"ASB11",1.59547,1.92263,2.56614
"ASB12",2.67742,2.39374,2.27853
"ASB13",3.16942,3.15886,3.4333
"ASB14",2.94048,3.49963,3.42482
"ASB15",1.87408,1.53195,1.90312
"ASB16",4.73634,4.96923,5.14963
"ASB17",1.41788,1.5848,1.85031
"ASB18",3.89275,4.0336,3.99743
"ASB2",3.42206,3.42173,2.98881
"ASB3",3.22022,4.43813,4.05128
"ASB4",2.1618,1.71002,2.31458
"ASB5",2.61458,1.74485,2.02628
"ASB6",3.11408,2.69207,2.86893
"ASB7",2.69138,2.85497,2.82654
"ASB8",3.19549,3.26482,4.11535
"ASB9",1.21984,1.92063,1.52864
"ASCC1",2.05747,3.29113,2.05054
"ASCC2",4.31953,4.24585,3.96762
"ASCC3",4.08862,4.0783,4.05592
"ASCL1",2.12093,2.0348,2.48516
"ASCL2",3.01102,2.6419,2.85667
"ASCL3",2.05127,1.86342,2.0493
"ASCL4",1.58576,1.4588,1.66046
"ASCL5",3.29373,2.94796,3.07049
"ASF1A",3.04912,4.21042,3.3171
"ASF1B",2.22626,2.02936,1.81567
"ASGR1",3.81805,3.28199,3.53844
"ASGR2",3.5703,3.06117,3.74058
"ASH1L",4.13849,4.61013,4.16538
"ASH2L",3.91047,4.77247,4.41
"ASIP",3.60835,3.09043,3.31143
"ASL",3.32269,3.32004,3.62062
"ASMT",3.58204,3.57601,3.90499
"ASMTL",3.69885,3.8524,4.69184
"ASMTL.AS",5.00502,5.14824,5.2072
"ASNA1",4.28067,3.81203,4.0068
"ASNS",3.10712,2.98611,3.09621
"ASNSD1",3.70884,3.58854,3.60846
"ASPA",1.24178,2.57364,1.37033
"ASPDH",3.24817,3.30806,3.49715
"ASPG",3.53127,3.72274,3.36733
"ASPH",3.31641,3.38033,3.16266
"ASPHD1",3.43696,3.07455,3.16984
"ASPHD2",2.09944,2.35021,2.22911
"ASPM",2.00874,1.78198,1.49628
"ASPN",3.54795,4.13119,3.13849
"ASPRV1",2.84255,2.87499,2.98557
"ASPSCR1",4.55504,4.16324,4.36729
"ASRGL1",4.41629,4.26242,4.23394
"ASS1",4.77077,3.89734,4.13247
"ASTE1",2.81914,2.59948,2.69935
"ASTL",3.43991,2.52645,3.43965
"ASTN1",3.1114,2.77722,3.17211
"ASTN2",4.933,3.97588,4.18135
"ASXL1",4.80832,4.44622,4.07073
"ASXL2",4.50432,4.98372,4.81902
"ASXL3",2.74537,2.30143,2.51272
"ASZ1",1.35899,1.41007,1.3054
"ATAD1",4.23233,4.46077,4.54031
"ATAD2",3.15007,2.67151,3.26437
"ATAD2B",2.64884,2.78306,2.48359
"ATAD3A",4.19778,4.47823,3.99446
"ATAD3B",3.71555,3.54087,3.77216
"ATAD3C",2.92372,2.68434,2.76826
"ATAD5",2.61221,3.6761,3.47515
"ATAT1",3.42611,3.85761,3.96603
"ATCAY",2.91954,2.58556,2.67582
"ATE1",4.29811,4.48553,4.53032
"ATF1",4.86844,5.62216,4.70485
"ATF2",5.25079,5.10757,4.33817
"ATF3",5.63779,3.46055,5.1953
"ATF4",5.02248,4.0562,4.96788
"ATF5",4.01549,4.18354,4.46811
"ATF6",5.47729,4.9896,5.0996
"ATF6B",4.40317,5.53061,4.86799
"ATF7",4.84413,5.27615,4.41234
"ATF7IP",4.67859,5.27778,4.79977
"ATF7IP2",2.47723,2.81031,2.07001
"ATG10",1.96614,2.49409,2.67491
"ATG12",2.91659,3.54285,2.59681
"ATG13",4.05214,3.94044,3.90092
"ATG14",3.55605,3.7384,2.9379
"ATG16L1",3.22778,3.15062,3.28313
"ATG16L2",3.49164,3.39549,3.80823
"ATG2A",3.36553,3.09103,3.48625
"ATG2B",3.61462,3.94111,3.74236
"ATG3",4.6507,4.55023,4.52048
"ATG4A",1.77597,1.68616,1.94805
"ATG4B",3.12281,3.61722,3.38984
"ATG4C",1.79106,2.21755,2.0778
"ATG4D",3.99421,4.05706,4.18947
"ATG5",4.07798,3.92647,3.7077
"ATG7",2.95084,2.92412,2.64123
"ATG9A",4.29106,4.74551,4.60946
"ATG9B",4.32088,3.6733,4.09
"ATHL1",4.74638,3.31783,4.45452
"ATIC",3.47724,3.87605,3.37966
"ATL1",3.69221,2.76607,3.13445
"ATL2",4.5417,4.40907,4.12977
"ATL3",4.06663,4.48392,3.88683
"ATM",3.73901,4.87734,3.85497
"ATMIN",4.54672,4.1825,4.49159
"ATN1",6.01671,6.21547,6.01861
"ATOH1",3.56876,3.02408,3.39367
"ATOH7",2.90361,2.59967,2.54669
"ATOH8",2.89209,2.93545,2.8563
"ATOX1",4.18602,4.55668,5.12371
"ATP10A",2.23407,2.05865,2.49175
"ATP10B",2.60118,2.11004,2.39196
"ATP10D",3.83277,4.58729,3.69613
"ATP11A",3.4836,3.20858,3.80944
"ATP11B",4.60275,4.85823,4.47143
"ATP11C",3.20636,3.65042,2.91878
"ATP12A",2.17903,2.71855,2.91721
"ATP13A1",3.57143,3.7306,4.0497
"ATP13A2",3.48091,3.69412,2.97651
"ATP13A3",3.50579,3.96134,3.99527
"ATP13A4",1.45767,1.38635,1.47552
"ATP13A5",1.60848,1.70127,1.91426
"ATP1A1",6.69648,5.4352,5.56722
"ATP1A2",2.93424,4.51636,3.52272
"ATP1A3",2.62424,2.94558,2.49674
"ATP1A4",2.0182,1.9734,2.17907
"ATP1B1",4.62077,4.53291,4.19407
"ATP1B2",3.75092,4.02439,3.67292
"ATP1B3",4.09026,4.53152,3.89573
"ATP1B4",2.62428,1.718,2.41602
"ATP2A1",2.98556,3.0415,3.43836
"ATP2A2",6.3048,5.68572,5.39871
"ATP2A3",3.91643,3.45502,3.8555
"ATP2B1",3.96157,3.93328,3.57634
"ATP2B2",2.58539,3.07252,2.84003
"ATP2B3",2.64989,2.2054,2.31544
"ATP2B4",5.186,5.89582,4.50815
"ATP2C1",5.66645,5.14818,5.31375
"ATP2C2",4.71233,4.17274,4.04492
"ATP4A",2.58549,2.43766,2.26963
"ATP4B",3.29721,2.93817,3.17797
"ATP5A1",4.98647,4.93305,4.8718
"ATP5B",4.13125,4.57256,5.3142
"ATP5C1",5.13206,4.67838,5.26375
"ATP5D",5.51497,5.04285,5.15763
"ATP5E",3.27768,3.99441,2.96026
"ATP5EP2",5.21155,4.83818,4.43214
"ATP5F1",5.82549,5.31134,5.04555
"ATP5G1",5.58946,5.03057,5.05868
"ATP5G2",6.46824,6.2752,6.11918
"ATP5G3",3.4112,3.73861,3.29228
"ATP5H",5.90194,5.53215,5.77756
"ATP5I",5.42352,5.32851,5.73677
"ATP5J",4.0389,4.12408,4.19884
"ATP5J2",6.16569,6.8079,6.78398
"ATP5L",6.84583,6.65769,5.92246
"ATP5L2",3.20452,2.38629,2.69876
"ATP5O",4.75842,4.81685,4.39295
"ATP5S",3.71251,3.33557,3.57812
"ATP5SL",3.76589,2.8841,3.27723
"ATP6AP1",5.45132,5.39361,5.07264
"ATP6AP1L",3.3484,3.51461,3.30547
"ATP6AP2",3.71937,3.55212,3.73934
"ATP6V0A1",3.65277,2.68656,3.28247
"ATP6V0A2",3.53066,3.04285,2.54109
"ATP6V0A4",2.28474,2.3682,2.45976
"ATP6V0B",4.36383,4.08437,4.43597
"ATP6V0C",5.3469,5.57225,5.12153
"ATP6V0D1",4.15507,3.88694,4.0921
"ATP6V0D2",1.24102,1.37747,1.47257
"ATP6V0E1",5.49948,5.44585,5.42769
"ATP6V0E2",4.26794,4.23782,4.14057
"ATP6V1A",3.82969,4.04858,3.64673
"ATP6V1B1",2.68604,3.14625,3.41003
"ATP6V1B2",4.36845,4.37223,3.99252
"ATP6V1C1",2.57963,3.10182,3.24069
"ATP6V1D",3.15384,3.96369,3.14767
"ATP6V1E1",4.6088,4.71512,4.24082
"ATP6V1E2",2.32136,1.90637,2.55951
"ATP6V1F",5.55905,5.9449,5.64307
"ATP6V1G1",6.08877,5.79283,6.0566
"ATP6V1G2",2.67557,3.13934,2.71955
"ATP6V1G3",1.65461,1.74152,1.4856
"ATP6V1H",2.55294,2.69843,3.15333
"ATP7A",3.07378,3.46965,3.29382
"ATP7B",2.54554,2.58241,2.50397
"ATP8A1",4.07629,4.19648,3.6375
"ATP8A2",2.37731,2.37468,2.16921
"ATP8B1",5.00138,4.60379,4.91444
"ATP8B2",4.33933,4.60005,4.33707
"ATP8B3",3.02824,2.6309,3.06383
"ATP8B4",1.8885,2.01082,2.51401
"ATP8B5P",1.4229,1.6489,1.34401
"ATP9A",4.66003,5.07579,4.48882
"ATP9B",4.41333,4.48118,4.07927
"ATPAF1",4.18547,4.41867,4.26561
"ATPAF2",3.64507,3.66851,4.04848
"ATPBD4",3.05757,2.9299,2.6628
"ATPIF1",4.46646,4.7526,4.55337
"ATR",2.8163,3.71726,3.2256
"ATRIP",4.02573,3.79304,3.69728
"ATRN",3.2768,3.20385,3.11331
"ATRNL1",2.75424,4.33228,2.73519
"ATRX",4.23859,5.23189,4.07593
"ATXN1",4.93628,5.33068,4.80818
"ATXN10",4.18196,4.86952,4.36868
"ATXN2",6.11728,6.34018,5.92389
"ATXN2L",4.93825,4.93538,4.68655
"ATXN3",3.70698,4.53267,3.66967
"ATXN3L",1.79788,0.93811,1.43114
"ATXN7",5.33734,4.8346,5.16889
"ATXN7L1",4.62863,4.92861,4.38325
"ATXN7L2",3.36409,3.24329,3.21277
"ATXN7L3",2.78845,2.77448,2.82145
"ATXN7L3B",4.82943,4.50127,4.62095
"AUH",4.3591,3.94312,3.67905
"AUP1",4.85238,4.83096,5.03316
"AURKA",1.80313,2.09589,1.82519
"AURKAIP1",5.25968,5.2747,5.48066
"AURKB",3.95673,4.06902,4.19566
"AURKC",4.15039,3.68215,4.07463
"AUTS2",4.79634,4.43687,4.48419
"AVEN",3.95246,2.6831,3.94489
"AVIL",4.36428,4.07112,4.72258
"AVL9",3.34583,3.72344,3.22318
"AVP",3.63312,3.78782,3.90864
"AVPI1",4.41925,3.45193,3.47524
"AVPR1A",2.30228,1.9587,1.86949
"AVPR1B",2.79279,2.93664,3.51151
"AVPR2",3.56091,3.55317,3.59636
"AWAT1",2.34284,2.6219,2.83765
"AWAT2",2.9419,2.58418,2.89353
"AXIN1",3.22918,3.3439,3.33799
"AXIN2",3.53787,4.0516,3.7106
"AXL",4.46124,4.12357,4.22872
"AZGP1",7.04141,6.77531,6.91859
"AZI1",3.8916,3.41616,3.79355
"AZI2",3.40053,3.87659,3.31129
"AZIN1",4.80897,4.21033,4.08048
"AZU1",3.25356,3.15645,3.03853
"B2M",8.28999,8.12817,8.25493
"B3GALNT1",3.34171,3.7456,3.64305
"B3GALNT2",3.9046,3.94792,3.61368
"B3GALT1",1.61591,1.5169,1.73509
"B3GALT2",2.37127,2.40216,3.16161
"B3GALT4",3.55151,3.55973,3.75802
"B3GALT5",2.25349,2.15365,2.44893
"B3GALT6",3.14158,3.20068,3.51999
"B3GALTL",1.83567,1.8255,1.95144
"B3GAT1",3.11402,3.13743,3.55159
"B3GAT2",2.59606,2.31298,2.61482
"B3GAT3",4.0846,2.20617,3.59439
"B3GNT1",2.5614,2.29174,2.7081
"B3GNT2",3.82009,3.36215,3.41082
"B3GNT3",3.73371,3.57099,3.95092
"B3GNT4",3.60684,3.42328,3.89278
"B3GNT5",5.49984,2.74465,4.69795
"B3GNT6",4.29744,4.01672,4.06064
"B3GNT7",3.83047,3.27104,3.41399
"B3GNT8",3.73549,3.35295,3.68134
"B3GNT9",3.71821,3.66148,3.7758
"B3GNTL1",2.93529,3.19348,3.10168
"B4GALNT1",2.82424,3.04324,2.90794
"B4GALNT2",2.93725,2.56766,2.38322
"B4GALNT3",3.70837,3.12412,3.38827
"B4GALNT4",3.74609,3.53301,3.31485
"B4GALT1",4.34895,3.26423,3.69852
"B4GALT2",4.95317,5.06885,5.01234
"B4GALT3",3.88887,3.76733,3.94784
"B4GALT4",2.21575,3.00408,2.36316
"B4GALT5",4.12026,3.90387,3.61811
"B4GALT6",2.00856,1.71357,2.07961
"B4GALT7",3.70625,4.09381,3.95904
"B9D1",3.7849,4.14053,3.64132
"B9D2",3.77529,3.61467,3.44675
"BAALC",3.28597,3.28924,3.51601
"BAAT",1.46524,1.29249,1.37734
"BACE1",3.56154,4.79983,3.91942
"BACE2",5.35902,4.25048,4.59841
"BACH1",4.06557,3.9696,3.99057
"BACH2",2.51549,2.72705,2.71176
"BAD",4.44074,3.7953,4.25786
"BAG1",4.46069,4.15408,4.55299
"BAG2",3.98772,4.56662,4.28341
"BAG3",4.73637,3.58662,4.70029
"BAG4",3.67086,5.06893,4.69473
"BAG5",3.5167,4.45214,3.46594
"BAGE2",1.35581,1.32524,1.57256
"BAHCC1",3.70068,3.68488,3.58624
"BAHD1",4.23266,3.92965,3.69821
"BAI1",3.08845,2.55372,2.96993
"BAI2",3.43181,2.74928,3.17602
"BAI3",1.62109,1.83991,1.88898
"BAIAP2",4.11222,4.05605,4.48089
"BAIAP2L1",5.15168,5.20354,4.72791
"BAIAP2L2",3.3905,3.65301,3.73298
"BAIAP3",4.05844,2.89035,3.58435
"BAK1",2.6372,2.094,2.92263
"BAMBI",5.36765,3.763,4.2762
"BANF1",5.22392,4.99495,4.97489
"BANF2",2.28101,2.21902,1.83498
"BANK1",2.01332,1.89866,2.27532
"BANP",3.93798,3.95389,4.46315
"BAP1",4.17634,3.60305,4.20139
"BARD1",2.21756,3.0371,1.8687
"BARHL1",4.24344,4.34429,4.26046
"BARHL2",4.50962,3.75941,4.0993
"BARX1",4.23622,4.38443,4.11508
"BARX2",4.09118,3.79539,4.25647
"BASE",1.78463,1.86541,1.50734
"BASP1",6.90391,5.7861,6.31569
"BAT1",5.44034,6.07979,5.87561
"BAT2",5.39818,5.26305,5.05957
"BAT2L1",4.64564,4.9508,4.53571
"BAT2L2",6.31691,6.26956,5.86227
"BAT3",3.98404,4.59838,4.56583
"BAT4",3.26367,3.03788,3.39229
"BAT5",3.06013,2.69855,3.24101
"BATF",3.87572,2.97496,3.40214
"BATF2",4.65923,3.32303,4.24407
"BATF3",3.76543,3.84006,3.8992
"BAX",4.82977,4.63614,4.62002
"BAZ1A",3.41625,3.59833,3.18601
"BAZ1B",4.96558,5.49947,4.94263
"BAZ2A",4.22728,4.5084,4.37532
"BAZ2B",5.47476,5.90051,5.07547
"BBC3",4.35158,4.31473,4.56976
"BBOX1",1.68378,1.48542,1.33037
"BBS1",2.48574,2.94577,2.67421
"BBS10",2.68939,2.63777,2.62643
"BBS12",1.90488,2.65673,2.13203
"BBS2",3.16945,3.72147,3.51972
"BBS4",3.7539,3.38045,3.16572
"BBS5",2.32781,2.14745,2.44385
"BBS7",2.64772,2.44727,2.27204
"BBS9",3.64098,3.68544,3.28666
"BBX",4.83415,4.60292,4.13801
"BCAM",4.96944,4.64931,5.00957
"BCAN",3.19171,3.31639,3.90241
"BCAP29",3.92804,3.76797,3.64374
"BCAP31",3.23248,3.20304,3.24364
"BCAR1",3.87183,3.14478,3.21621
"BCAR3",2.75307,2.92476,2.96294
"BCAS1",5.40745,4.8716,4.81672
"BCAS2",3.66712,3.70352,3.81362
"BCAS3",4.3098,3.61018,4.02611
"BCAS4",4.5667,4.60949,4.32266
"BCAT1",2.14558,3.01469,2.28599
"BCAT2",3.44532,3.70125,4.05677
"BCCIP",2.72808,2.82585,2.91031
"BCDIN3D",3.91615,4.19795,3.28391
"BCHE",1.95565,1.30383,1.569
"BCKDHA",4.15944,4.47646,4.25455
"BCKDHB",1.78276,2.43346,2.38203
"BCKDK",3.52543,3.57964,3.48833
"BCL10",4.52805,3.9472,4.18479
"BCL11A",2.68943,2.78065,2.44766
"BCL11B",3.00253,3.14346,3.14568
"BCL2",4.14509,3.83744,4.25479
"BCL2A1",2.60378,2.26269,2.28889
"BCL2L1",4.30182,4.69752,5.00222
"BCL2L10",2.33555,2.36732,2.44924
"BCL2L11",3.21262,3.03742,2.90912
"BCL2L12",4.21397,4.35977,4.52526
"BCL2L13",2.8833,3.33004,3.12543
"BCL2L14",2.48333,2.22932,2.87191
"BCL2L15",2.15957,1.35657,2.18537
"BCL2L2",5.03749,4.9208,4.21922
"BCL3",5.01223,4.08274,4.41701
"BCL6",4.52757,3.93569,3.9879
"BCL6B",3.91451,3.60809,3.46966
"BCL7A",4.33874,4.04964,3.75768
"BCL7B",5.46472,4.69193,4.49158
"BCL7C",4.48322,4.62511,4.87355
"BCL9",4.69008,4.61891,4.56306
"BCL9L",4.35407,4.74903,4.68794
"BCLAF1",5.30718,5.04918,4.98293
"BCMO1",2.25474,1.75655,2.40156
"BCO2",2.71146,2.61933,2.07104
"BCOR",4.00056,4.30449,4.44234
"BCORL1",3.90185,3.89474,3.80737
"BCORP1",1.23455,1.1918,2.49873
"BCR",3.49213,3.57342,3.63596
"BCS1L",3.32505,3.48488,3.39916
"BDH1",2.83152,2.93011,3.05978
"BDH2",1.63459,2.4445,2.09933
"BDKRB1",2.10819,2.23513,3.34634
"BDKRB2",3.36904,3.51487,3.8636
"BDNF",2.05004,1.85938,1.55332
"BDP1",5.28062,5.13748,4.55304
"BEAN1",3.84061,3.92723,3.61872
"BECN1",3.78095,3.1889,3.48624
"BEGAIN",2.58667,2.39056,2.61549
"BEND2",1.74647,1.72496,1.88849
"BEND3",3.79077,3.17178,3.59545
"BEND4",3.37084,3.62192,3.75605
"BEND5",2.35664,2.19749,2.60399
"BEND6",2.19586,1.69829,1.51923
"BEND7",3.03118,3.62388,2.75693
"BEST1",2.70512,2.63768,2.54789
"BEST2",2.38746,2.4981,1.85528
"BEST3",1.65622,1.59231,1.56747
"BEST4",2.5239,2.65488,2.69157
"BET1",2.25312,3.36155,3.346
"BET1L",3.62495,3.8279,3.43659
"BET3L",1.63256,1.39103,1.63028
"BEX1",2.89982,1.99295,2.6485
"BEX2",4.04279,3.74575,3.96477
"BEX4",4.98625,5.21107,5.63583
"BEX5",3.08086,3.62426,3.48528
"BFAR",3.57862,3.8562,3.21458
"BFSP1",2.04162,2.28826,2.18062
"BFSP2",2.79668,2.03307,3.11664
"BGLAP",3.7918,3.80935,3.98655
"BGN",5.2217,6.48094,5.51688
"BHLHA15",4.2889,3.91442,3.95271
"BHLHA9",3.44958,3.29989,3.93405
"BHLHB9",3.70608,3.51055,4.0301
"BHLHE22",3.42588,3.48631,3.13525
"BHLHE23",4.52227,4.424,4.16542
"BHLHE40",7.2817,4.92636,6.17151
"BHLHE41",4.33533,5.06442,4.00306
"BHMT",2.64604,2.61097,2.76802
"BHMT2",3.80031,4.73817,4.20278
"BICC1",2.20069,2.94062,2.56598
"BICD1",5.34247,5.61152,5.22444
"BICD2",3.05842,3.06703,3.16118
"BID",4.82834,4.03111,4.37044
"BIK",5.1035,3.99351,5.08621
"BIN1",4.4276,3.95203,4.90956
"BIN2",2.24451,2.82479,2.13374
"BIN3",3.76961,3.38514,3.50488
"BIRC2",4.3828,4.70786,4.27319
"BIRC3",3.38602,2.77623,2.51998
"BIRC5",2.63158,2.7086,3.14767
"BIRC6",4.61228,5.01302,4.58068
"BIRC7",4.30046,3.99034,4.34577
"BIRC8",1.73027,1.29259,1.80797
"BIVM",3.58485,4.25888,3.80796
"BLCAP",5.27555,5.02737,4.92475
"BLID",2.37114,2.41046,2.37697
"BLK",2.29485,2.39169,2.90905
"BLM",1.94835,1.46401,1.62864
"BLMH",2.27974,3.12365,2.53602
"BLNK",4.15218,4.15269,4.15087
"BLOC1S1",4.17452,3.29886,3.86908
"BLOC1S2",3.89294,3.68856,4.48215
"BLOC1S3",4.74639,3.84686,4.08802
"BLVRA",4.17208,3.94893,4.13295
"BLVRB",3.867,4.0373,4.2794
"BLZF1",2.60898,2.85097,2.82754
"BMF",3.36741,4.09724,3.68006
"BMI1",4.80625,5.56945,4.47075
"BMP1",2.97565,3.53033,3.10764
"BMP10",1.83851,1.42027,1.75166
"BMP15",1.89965,2.47225,2.3871
"BMP2",3.05565,3.07704,2.86629
"BMP2K",3.5687,4.14309,3.1668
"BMP3",2.49546,2.44282,3.20619
"BMP4",3.06973,3.37544,2.60525
"BMP5",1.51407,5.88398,2.58936
"BMP6",3.00828,3.15468,2.90304
"BMP7",2.23874,2.52445,2.42676
"BMP8A",3.94583,3.77392,3.96387
"BMP8B",4.08008,4.24213,4.20291
"BMPER",2.78586,2.53738,3.18805
"BMPR1A",3.68244,4.64885,3.46068
"BMPR1B",5.10108,4.18733,6.15944
"BMPR2",5.21925,4.63216,4.71204
"BMS1",4.27859,4.64737,4.7149
"BMS1P1",4.24522,5.31586,4.06235
"BMX",1.51346,1.86122,1.9058
"BNC1",1.87975,1.66736,2.01042
"BNC2",3.17647,3.11261,2.86606
"BNIP1",3.53755,2.96849,3.05565
"BNIP2",3.73182,4.23179,3.85346
"BNIP3",3.13843,3.52502,3.3177
"BNIP3L",4.19158,4.4202,4.994
"BNIPL",3.36086,3.17208,2.51189
"BOC",3.06384,3.55782,3.30685
"BOD1",3.73841,4.36124,3.95359
"BOD1L",4.81204,5.20107,5.05215
"BOD1P",4.07743,4.42877,4.16655
"BOK",4.79234,4.8626,5.0589
"BOLA1",3.81595,4.27539,3.6968
"BOLA2",5.91864,6.58949,6.54452
"BOLA3",5.4742,5.04946,4.63367
"BOLL",1.91457,1.82985,1.79326
"BOP1",3.99522,4.22936,3.88392
"BPESC1",2.11182,2.11812,1.95597
"BPGM",3.13927,3.05342,3.63621
"BPHL",1.90103,2.82576,2.35959
"BPI",2.43996,2.20935,2.31492
"BPIL1",3.2387,3.23397,3.18435
"BPIL2",1.79793,1.87727,1.7229
"BPIL3",2.4961,2.7941,2.68741
"BPNT1",2.80969,2.95546,2.8471
"BPTF",5.55265,5.9667,5.31921
"BPY2",2.3123,2.26526,2.72284
"BRAF",6.14026,6.21828,5.94386
"BRAP",4.07871,3.87952,3.77358
"BRCA1",2.12614,2.42278,2.23939
"BRCA2",1.8917,1.62116,1.87838
"BRCC3",2.22219,2.08348,1.73101
"BRD1",4.01891,4.35039,4.10301
"BRD2",6.10202,6.70875,5.99655
"BRD3",4.87055,4.66439,4.69965
"BRD4",4.70902,4.71611,4.66023
"BRD7",3.6778,3.96918,3.93415
"BRD7P3",1.65153,1.85945,1.83037
"BRD8",3.80167,3.64874,3.50386
"BRD9",3.34964,4.25525,3.18852
"BRDT",1.61526,1.93282,1.27831
"BRE",4.94238,5.08789,4.55466
"BREA2",2.63537,2.30796,2.52861
"BRF1",3.6224,3.68702,3.99062
"BRF2",3.34579,3.03094,3.0646
"BRI3",6.49332,6.65914,6.74181
"BRI3BP",2.56901,2.92504,3.34884
"BRIP1",1.57944,1.7016,1.61224
"BRIX1",3.41541,3.44473,3.32704
"BRMS1",3.02614,3.36269,3.91967
"BRMS1L",2.42346,2.21299,1.90081
"BRP44",4.31016,4.716,4.88994
"BRP44L",3.46103,3.28106,3.78753
"BRPF1",2.90644,3.04717,3.15921
"BRPF3",3.45261,3.94776,3.6541
"BRS3",2.10758,1.61455,1.74968
"BRSK1",3.99946,3.65256,3.95781
"BRSK2",2.89831,2.78201,2.8776
"BRWD1",3.57279,3.93706,3.41943
"BRWD3",2.87676,3.14052,3.10912
"BSCL2",4.12072,4.19788,3.72854
"BSDC1",4.06688,4.01219,4.35965
"BSG",5.59496,5.11814,4.92689
"BSN",2.3857,2.03441,2.68404
"BSND",2.55729,2.36058,2.61292
"BSPH1",1.67534,1.23269,1.83198
"BSPRY",3.5609,3.28504,3.8606
"BST1",2.73504,2.1978,2.33072
"BST2",3.06763,4.18003,2.90448
"BSX",3.76095,3.74743,4.22327
"BTAF1",4.61538,4.71126,4.52532
"BTBD1",4.77903,4.70871,4.51183
"BTBD10",3.52123,3.43315,3.61316
"BTBD11",1.85943,2.14413,2.49893
"BTBD16",2.76149,2.00392,2.45694
"BTBD2",4.66939,5.30924,4.51504
"BTBD3",4.2638,4.76612,3.75495
"BTBD6",4.34056,4.35428,4.4847
"BTBD7",3.73811,2.90087,3.48657
"BTBD8",1.857,1.76361,2.14052
"BTBD9",3.48276,3.82292,4.15127
"BTC",2.82832,2.53679,3.03511
"BTD",2.94545,2.75592,2.49312
"BTF3",6.49655,6.66921,6.12926
"BTF3L4",4.64874,5.0141,4.89736
"BTF3P11",4.01676,2.22157,3.83043
"BTF3P9",2.12108,2.04682,2.29598
"BTG1",6.65756,6.11056,6.38133
"BTG2",7.9991,4.98029,7.34333
"BTG3",3.05156,3.55803,3.67901
"BTG4",1.54501,1.6796,2.01168
"BTK",2.16309,2.13716,2.37145
"BTLA",2.13987,2.22536,2.27378
"BTN1A1",2.46569,2.15847,2.20742
"BTN2A1",3.38516,4.50061,3.57268
"BTN2A2",3.97051,3.56137,3.60744
"BTN2A3",2.63358,2.64375,3.51326
"BTN3A1",3.10688,3.85507,3.23122
"BTN3A2",3.72157,4.80201,3.73825
"BTN3A3",3.11151,3.90329,3.01542
"BTNL2",3.80218,3.30574,3.55031
"BTNL3",1.55179,1.8303,1.45392
"BTNL8",2.3445,2.76328,2.73933
"BTNL9",3.18597,3.55878,3.03825
"BTRC",4.53871,4.48506,4.5903
"BUB1",2.46119,1.581,1.89
"BUB1B",1.39659,1.70838,1.53475
"BUB3",3.941,4.79413,4.20115
"BUD13",3.08816,3.16129,3.00036
"BUD31",4.48278,4.47104,4.33457
"BVES",2.07386,2.47858,2.20501
"BYSL",3.30741,3.6806,3.45433
"BZRAP1",4.10229,4.07358,4.10065
"BZW1",5.11383,4.97849,5.40647
"BZW2",2.83715,2.60275,2.97516
"C10orf10",4.20085,3.56107,4.26487
"C10orf107",1.43127,1.14931,1.33535
"C10orf108",4.44546,4.06872,4.62129
"C10orf11",4.40997,4.89237,4.14401
"C10orf110",2.35507,2.29486,2.09186
"C10orf111",3.29772,3.3935,3.32396
"C10orf113",1.96284,1.63666,1.68171
"C10orf114",2.43175,2.22916,2.00369
"C10orf116",5.28338,5.31015,5.9654
"C10orf118",4.60594,5.33427,4.88402
"C10orf119",3.40714,3.37863,3.44956
"C10orf12",3.58271,2.88586,3.74293
"C10orf120",2.27694,2.2005,2.49182
"C10orf122",1.65072,1.2945,1.49932
"C10orf125",3.65618,3.74132,4.14568
"C10orf126",2.45924,2.48284,2.49178
"C10orf129",3.10341,2.44908,2.78985
"C10orf131",1.74448,1.42883,1.24477
"C10orf137",3.70757,3.98179,4.10573
"C10orf140",2.55361,3.07873,2.82264
"C10orf18",4.40768,4.46483,4.44441
"C10orf2",2.25477,2.88696,2.18553
"C10orf25",3.24097,3.41861,3.15349
"C10orf26",5.03365,4.72586,4.96295
"C10orf27",1.7383,2.01464,1.84983
"C10orf28",2.96224,3.09663,3.10934
"C10orf31",3.25745,2.7493,2.97581
"C10orf32",2.66744,2.25211,3.1821
"C10orf35",4.13731,4.03741,4.12854
"C10orf46",5.14842,5.29847,5.00945
"C10orf47",4.52846,4.21414,4.70203
"C10orf53",2.8753,2.30714,2.48852
"C10orf54",4.67874,4.80528,4.90438
"C10orf55",1.86994,1.75585,2.37271
"C10orf57",4.31072,4.04282,5.0149
"C10orf58",5.12907,5.12496,4.15277
"C10orf62",2.02411,1.91151,2.098
"C10orf67",1.5889,1.88988,1.6554
"C10orf68",3.26421,3.84271,3.56204
"C10orf71",2.83312,2.81202,2.82999
"C10orf72",3.98253,3.97986,3.71625
"C10orf76",2.96903,3.49819,3.15263
"C10orf78",2.02696,1.52058,2.137
"C10orf79",1.65411,1.44672,1.58761
"C10orf81",2.29068,2.33458,2.25041
"C10orf82",3.43657,3.22267,3.65482
"C10orf84",4.15377,4.58401,4.50446
"C10orf85",3.14753,3.20391,3.09831
"C10orf88",2.46585,2.99223,2.33494
"C10orf90",1.69628,1.60512,1.85439
"C10orf91",2.66076,1.99651,2.53952
"C10orf92",2.43949,2.11772,2.25746
"C10orf93",1.95591,2.02731,1.98943
"C10orf95",4.19157,4.40846,4.54126
"C10orf96",1.30906,1.36802,1.2809
"C10orf99",3.44321,3.60561,3.61832
"C11orf1",3.40734,3.69978,3.24809
"C11orf10",6.42175,5.74261,6.0824
"C11orf16",2.92005,3.35165,3.46297
"C11orf17",2.76746,3.07729,2.84759
"C11orf2",4.14303,3.39578,4.1116
"C11orf21",3.11101,3.03063,3.34401
"C11orf24",4.48001,4.18756,4.16649
"C11orf30",3.4346,3.78018,4.07507
"C11orf31",4.4679,4.33616,4.48749
"C11orf34",1.95858,2.26107,2.40859
"C11orf35",4.41027,4.64118,4.84673
"C11orf36",1.96457,2.06976,1.69102
"C11orf40",2.30008,2.70347,2.66674
"C11orf41",2.63483,2.85167,2.62928
"C11orf42",1.99451,2.09217,2.22795
"C11orf44",2.4556,2.03733,2.53421
"C11orf45",1.79343,1.42911,1.64092
"C11orf46",5.10227,5.32885,4.49682
"C11orf48",2.829,3.53325,2.74325
"C11orf49",3.99612,4.14905,3.26337
"C11orf51",5.71067,5.99658,5.81257
"C11orf52",4.51433,3.86995,4.24299
"C11orf53",2.70632,2.56882,2.90969
"C11orf54",4.4659,4.98629,4.77455
"C11orf57",1.9526,3.06738,2.48462
"C11orf58",7.41815,7.57825,7.0055
"C11orf59",3.93717,4.22238,4.49168
"C11orf61",3.19267,3.71192,3.13533
"C11orf63",3.71386,3.73244,2.42061
"C11orf64",1.23821,1.47432,1.34475
"C11orf65",1.73302,1.89871,1.90075
"C11orf66",3.4022,3.73034,3.77501
"C11orf67",2.68691,3.06734,2.94278
"C11orf68",3.55245,3.42322,3.6724
"C11orf70",1.53004,1.60719,1.37421
"C11orf71",2.09571,2.26192,3.02628
"C11orf72",2.78547,2.48327,2.41624
"C11orf73",2.84235,3.32588,2.87511
"C11orf74",2.16134,1.47396,2.30349
"C11orf75",3.58738,3.29564,4.52532
"C11orf76",4.81989,4.4627,4.54026
"C11orf80",3.00746,3.33373,3.02843
"C11orf82",1.90283,1.69924,1.8896
"C11orf83",3.10838,2.68909,2.6199
"C11orf84",3.49593,3.78994,3.70157
"C11orf85",1.9835,1.79263,2.29214
"C11orf86",3.92067,3.34112,4.37915
"C11orf87",2.90001,2.88124,2.84078
"C11orf88",2.04087,1.85359,2.01883
"C11orf89",4.06717,3.56181,4.3113
"C11orf9",3.10498,2.97864,3.15381
"C11orf92",3.62423,3.53486,3.50231
"C11orf95",5.28361,4.95845,4.62782
"C11orf96",4.64306,4.07834,4.20647
"C12orf10",3.59085,3.91198,4.12279
"C12orf11",2.20275,2.49867,2.50315
"C12orf12",2.43696,1.79216,2.12913
"C12orf23",4.85329,4.772,4.49787
"C12orf24",2.65498,3.00423,3.17389
"C12orf26",2.31844,3.01486,2.80112
"C12orf28",2.54059,2.4739,2.79619
"C12orf29",2.22191,2.88577,2.84799
"C12orf32",3.7297,4.00244,3.88224
"C12orf33",2.11197,2.19497,1.80106
"C12orf34",4.10563,3.94988,4.28805
"C12orf35",5.26821,6.05175,5.07666
"C12orf36",2.28996,1.58664,2.66216
"C12orf37",2.24982,1.95918,2.05552
"C12orf39",1.64497,1.39935,1.90535
"C12orf4",3.46997,3.38476,3.06314
"C12orf40",1.65493,2.04556,1.90532
"C12orf41",3.95887,3.88042,3.48014
"C12orf42",2.01619,2.23878,2.14632
"C12orf43",4.40528,3.97481,4.43222
"C12orf44",4.71341,4.27234,4.31428
"C12orf45",3.70337,3.46692,3.39349
"C12orf47",4.54636,4.48248,4.71414
"C12orf48",1.40989,1.72036,1.21271
"C12orf49",3.88451,3.95331,4.02567
"C12orf5",2.12241,2.06883,2.0003
"C12orf50",1.61261,1.50103,2.09928
"C12orf51",4.89303,5.15647,4.64234
"C12orf52",4.1503,4.14677,4.48464
"C12orf53",3.56397,3.51149,4.28029
"C12orf54",2.33082,1.8547,2.0541
"C12orf55",2.17426,1.60824,1.95039
"C12orf56",1.58204,1.4609,1.59283
"C12orf57",4.54311,4.39317,4.72074
"C12orf59",2.01357,1.95111,1.79869
"C12orf60",1.54759,2.33102,2.06176
"C12orf61",2.84104,2.81883,2.72713
"C12orf62",4.36957,3.77788,4.04176
"C12orf63",1.53925,1.5627,1.50868
"C12orf64",1.2051,1.28692,1.46832
"C12orf65",3.38418,3.58377,3.68736
"C12orf66",2.59864,2.91716,2.72861
"C12orf67",2.83034,2.47081,2.67434
"C12orf68",3.21565,3.01263,3.41659
"C12orf69",1.93308,1.58877,2.45301
"C12orf70",1.88236,1.79658,1.54842
"C12orf72",1.77447,1.68922,1.91864
"C12orf74",1.85136,1.90626,1.90132
"C12orf75",5.97737,6.28264,6.02427
"C12orf76",3.63697,3.83934,4.10581
"C13orf1",3.51946,3.56909,3.51051
"C13orf15",5.70411,4.74861,4.69197
"C13orf16",3.2945,2.97157,3.67484
"C13orf18",1.82758,1.942,1.96442
"C13orf23",3.22044,3.26383,3.06716
"C13orf26",1.21612,1.33572,1.21859
"C13orf27",2.09422,2.00042,1.65264
"C13orf28",1.663,1.66915,2.01581
"C13orf29",2.44526,1.58299,2.27817
"C13orf30",1.65501,1.8547,1.82743
"C13orf31",2.03049,1.56796,1.53207
"C13orf33",2.23917,1.40538,1.75305
"C13orf34",2.64179,2.68376,2.12382
"C13orf35",1.94537,2.0519,2.23565
"C13orf36",2.90798,3.26487,3.60924
"C13orf38",1.61137,2.08856,1.92476
"C13orf39",1.92883,1.81054,1.71244
"C13orf40",1.64179,1.59101,2.00329
"C14orf1",4.66493,4.65721,4.39916
"C14orf101",2.49747,2.69189,2.85543
"C14orf102",2.86679,2.62196,2.5718
"C14orf104",2.42609,2.4467,2.69524
"C14orf105",1.86283,1.69289,2.17714
"C14orf106",3.25791,3.78179,2.97259
"C14orf109",4.97749,4.81369,4.50192
"C14orf118",3.77199,4.16402,3.43673
"C14orf126",3.51354,4.30379,4.0873
"C14orf128",3.18434,3.52669,3.39646
"C14orf129",2.85184,1.88343,2.43474
"C14orf132",3.59072,3.4819,3.47106
"C14orf135",3.95295,4.67606,4.22836
"C14orf138",1.52365,1.86781,1.77103
"C14orf139",3.88805,2.67876,2.9923
"C14orf142",3.42521,3.94751,3.74648
"C14orf143",2.44462,2.73486,2.95519
"C14orf145",2.70745,2.44998,2.47128
"C14orf147",4.30896,3.23105,3.26629
"C14orf148",2.13597,1.7315,2.33456
"C14orf149",2.966,3.7618,3.35682
"C14orf153",4.25213,4.02988,4.30006
"C14orf156",4.5629,4.85985,5.37859
"C14orf159",3.85948,3.90813,4.01776
"C14orf162",2.32848,2.34229,2.59447
"C14orf165",1.96483,2.24189,1.77635
"C14orf166",4.81485,4.89029,4.65696
"C14orf166B",2.57829,2.21965,2.09388
"C14orf167",3.36878,3.34258,2.84927
"C14orf169",2.9978,3.68619,2.50333
"C14orf177",2.47661,2.68801,3.06882
"C14orf178",3.21131,2.60257,3.01275
"C14orf179",2.99311,2.92308,2.53733
"C14orf180",4.89885,4.63431,4.7575
"C14orf181",4.11204,4.17859,4.24592
"C14orf182",2.59647,2.76514,2.25884
"C14orf183",2.50572,3.32103,2.58297
"C14orf184",3.13994,3.3726,3.4456
"C14orf19",2.05255,3.08689,2.69686
"C14orf2",5.84289,5.74015,5.42049
"C14orf21",3.03208,3.00891,2.84615
"C14orf23",1.83811,1.46605,2.01406
"C14orf28",2.66356,2.86397,2.15339
"C14orf33",3.03543,2.67685,3.10276
"C14orf37",2.63434,2.62715,2.82608
"C14orf38",1.47457,1.50157,1.36
"C14orf39",1.6295,1.51212,1.66991
"C14orf4",3.61506,3.33377,3.94948
"C14orf43",4.94681,4.37854,4.71306
"C14orf45",2.06602,2.58833,2.12079
"C14orf48",2.17206,1.96145,2.31928
"C14orf49",2.52953,2.77675,2.93724
"C14orf50",1.45898,1.69117,1.71151
"C14orf56",1.74763,1.56403,1.60121
"C14orf70",2.74975,2.18188,2.85268
"C14orf79",2.99823,2.65917,2.36035
"C14orf80",3.96332,3.74485,3.64843
"C14orf93",3.34669,2.55277,2.80209
"C15orf17",3.20777,3.41032,2.95449
"C15orf2",4.10941,4.33758,4.10398
"C15orf21",5.30132,7.35789,6.11053
"C15orf23",2.28573,2.32649,2.53646
"C15orf24",4.61507,4.19069,4.70889
"C15orf26",1.87738,1.55466,2.24475
"C15orf27",3.79614,3.367,3.72324
"C15orf28",2.43228,2.80402,3.12712
"C15orf29",4.29525,3.95755,4.65556
"C15orf32",3.28731,3.54474,3.40359
"C15orf33",1.93106,2.4335,1.85196
"C15orf34",1.99039,1.48496,2.07762
"C15orf37",2.89962,3.11666,3.38337
"C15orf38",4.24667,4.32147,5.04915
"C15orf39",4.06431,4.28944,4.49207
"C15orf40",2.89238,3.30777,2.88369
"C15orf41",2.9669,3.18969,3.12154
"C15orf42",2.41745,2.39667,2.54086
"C15orf43",1.21838,1.50896,1.42585
"C15orf44",4.69724,4.58941,4.40537
"C15orf48",2.08853,2.10223,1.96237
"C15orf5",3.49645,4.10866,2.97534
"C15orf51",6.12017,6.28575,4.04487
"C15orf52",3.55873,3.74092,3.42566
"C15orf53",2.99745,3.19526,3.13354
"C15orf54",3.56431,2.34918,2.64128
"C15orf55",2.26576,2.19294,2.23364
"C15orf56",3.93851,3.70477,3.64152
"C15orf57",3.07337,2.99114,2.56052
"C15orf58",2.02559,2.17946,1.76341
"C15orf59",3.47636,4.17029,3.10664
"C15orf60",1.63717,1.49649,1.36322
"C15orf61",3.98816,3.52781,3.77133
"C15orf62",4.03652,3.83235,4.20796
"C15orf63",4.83572,4.60258,4.86316
"C16orf11",5.1204,4.61398,5.0957
"C16orf13",5.09491,4.73327,5.37298
"C16orf3",2.54493,2.06655,2.38952
"C16orf42",3.60417,3.34987,3.64955
"C16orf45",3.89839,3.39084,3.26233
"C16orf46",2.77196,2.00625,2.76547
"C16orf47",2.98469,2.72945,2.84813
"C16orf48",4.14213,3.85212,4.6432
"C16orf5",3.80234,3.30014,3.39592
"C16orf52",3.20381,2.12123,2.28054
"C16orf53",4.42291,5.36554,4.71913
"C16orf54",4.11691,3.8671,3.965
"C16orf55",3.04682,3.49809,3.22017
"C16orf57",4.06247,4.09641,4.07271
"C16orf58",4.79689,4.81235,4.61608
"C16orf59",4.33108,4.20817,4.20931
"C16orf61",4.62976,4.5531,4.88906
"C16orf62",3.66089,4.43712,3.62465
"C16orf63",2.5322,3.04314,3.15713
"C16orf68",2.9929,3.34841,3.42741
"C16orf7",2.99569,3.33902,3.4941
"C16orf70",4.42181,4.78518,5.07573
"C16orf71",3.13444,3.47168,3.32985
"C16orf72",5.55314,5.54767,5.61972
"C16orf73",1.50366,1.48712,1.44683
"C16orf74",4.05306,3.78499,3.79135
"C16orf75",3.04977,2.98437,3.00725
"C16orf78",1.74033,1.49671,1.54129
"C16orf79",4.59711,4.73727,5.31338
"C16orf80",3.7935,4.27146,2.89627
"C16orf81",2.87913,3.16903,2.81813
"C16orf82",3.15856,2.85623,3.08605
"C16orf85",1.64776,1.9095,2.26465
"C16orf86",3.41152,3.16316,3.5578
"C16orf87",2.26276,3.11956,2.83883
"C16orf88",4.06952,4.86553,3.42986
"C16orf89",4.25155,3.80529,3.68956
"C16orf91",3.32636,3.6134,3.82229
"C16orf93",3.74631,3.5912,3.18147
"C17orf101",2.96636,2.99058,3.73596
"C17orf102",2.32793,2.64348,2.67135
"C17orf103",3.81766,3.13939,3.27708
"C17orf104",1.30365,1.09264,1.45576
"C17orf105",1.6017,2.1094,1.67356
"C17orf106",3.74614,3.92151,3.8803
"C17orf108",1.12432,1.47964,1.52312
"C17orf28",4.63527,4.90352,4.79922
"C17orf37",4.22849,4.38141,4.1325
"C17orf39",2.66346,3.12561,2.81008
"C17orf42",2.15261,2.17547,2.07018
"C17orf44",2.14267,1.78375,1.8665
"C17orf46",2.56655,2.45527,2.39005
"C17orf47",1.77559,2.01466,1.8882
"C17orf48",1.70238,2.88276,1.8079
"C17orf49",4.44016,4.55039,3.71983
"C17orf50",4.5618,4.54252,4.93145
"C17orf51",3.14119,2.91552,3.65622
"C17orf53",2.90256,2.9513,3.01807
"C17orf54",2.62441,2.18425,2.04454
"C17orf55",4.5658,4.1232,3.96449
"C17orf56",3.13225,3.0401,3.33324
"C17orf57",2.50327,2.80843,2.6242
"C17orf58",4.03416,4.41961,4.51464
"C17orf59",3.2759,3.47517,3.34985
"C17orf60",2.53821,2.59352,2.45831
"C17orf61",4.0116,4.47959,4.88132
"C17orf62",4.80865,3.99439,4.562
"C17orf63",5.11624,5.47765,4.94629
"C17orf64",2.78189,2.40038,3.10665
"C17orf65",4.25461,4.23667,4.27257
"C17orf66",1.82025,2.28062,2.01285
"C17orf68",3.80795,4.20811,4.25981
"C17orf69",2.6757,2.56719,2.42099
"C17orf70",3.66932,4.07672,3.77026
"C17orf71",2.14889,2.06928,1.9513
"C17orf73",2.03326,2.14438,2.01671
"C17orf74",4.08315,3.40039,3.42495
"C17orf75",2.04806,2.60071,2.50765
"C17orf76",3.661,3.18911,3.10075
"C17orf77",1.87384,2.01734,1.88033
"C17orf78",1.73529,2.14087,2.3526
"C17orf79",4.2953,4.58516,4.58746
"C17orf80",2.69054,3.02157,2.56909
"C17orf81",4.48204,4.72294,4.52251
"C17orf82",2.91045,3.40631,3.16733
"C17orf85",3.54156,4.4083,3.60171
"C17orf87",2.70005,2.72502,3.03171
"C17orf88",4.42294,3.62243,4.33038
"C17orf90",4.58358,4.32003,4.61926
"C17orf91",6.12361,3.9948,5.40435
"C17orf95",2.23567,2.72134,2.47958
"C17orf96",2.84944,2.65563,2.89951
"C17orf97",4.17825,4.37379,4.36312
"C17orf99",4.70531,4.23225,4.49868
"C18orf1",4.62931,4.71728,4.64432
"C18orf10",3.43504,3.57507,4.00429
"C18orf12",2.48695,2.27903,2.60108
"C18orf16",1.87894,1.32036,1.10111
"C18orf18",2.11977,2.22154,2.37893
"C18orf19",2.27289,2.88368,2.40964
"C18orf2",1.65498,1.80768,1.4275
"C18orf20",1.90002,1.80191,1.88755
"C18orf21",3.3231,3.64861,3.66931
"C18orf23",3.20261,3.71103,3.00851
"C18orf25",3.0059,3.19123,2.66585
"C18orf26",2.02815,2.084,2.14587
"C18orf32",4.39267,3.96229,3.96046
"C18orf34",1.57594,2.08121,1.65709
"C18orf45",3.15151,2.77463,2.98403
"C18orf54",1.44362,2.017,1.66016
"C18orf55",1.9358,2.07684,2.20383
"C18orf56",4.07531,4.07181,3.68945
"C18orf62",1.95814,1.95397,1.95317
"C18orf8",4.50662,4.36711,3.99336
"C19orf10",4.82411,4.7466,4.6878
"C19orf12",3.24182,3.05042,2.73455
"C19orf18",2.07464,1.80083,1.76842
"C19orf2",4.67359,4.97822,4.31725
"C19orf20",4.02226,4.1518,3.79944
"C19orf21",4.58322,3.86146,3.85899
"C19orf22",4.72733,3.69148,4.17387
"C19orf23",2.4512,2.57978,2.45509
"C19orf24",5.66925,5.23686,5.48843
"C19orf25",3.84715,4.0046,3.59125
"C19orf26",4.25261,4.26457,4.57764
"C19orf28",4.50455,4.62972,4.93461
"C19orf29",3.41291,3.45321,3.47943
"C19orf30",3.76274,3.45267,4.31288
"C19orf33",5.20729,4.93867,5.21044
"C19orf34",3.80381,3.30487,3.93474
"C19orf35",2.86597,3.76899,2.8739
"C19orf39",3.91171,4.11442,3.82914
"C19orf40",3.39188,3.22688,3.4292
"C19orf42",4.17826,4.68932,4.50063
"C19orf43",5.62022,5.905,5.38312
"C19orf44",2.79786,2.95894,2.68324
"C19orf45",2.74625,2.3567,2.40349
"C19orf46",4.46467,4.63626,4.96424
"C19orf47",3.7335,3.44249,3.4088
"C19orf48",3.88067,3.55512,4.05544
"C19orf50",4.98185,4.40996,5.1428
"C19orf51",2.92532,2.85343,2.61205
"C19orf52",3.54028,3.38906,3.68292
"C19orf53",5.54989,5.20846,4.93127
"C19orf54",4.36979,3.61221,4.10046
"C19orf55",4.06351,4.06074,4.10553
"C19orf56",4.0476,4.4778,4.61673
"C19orf57",2.92211,3.07418,3.10626
"C19orf59",3.05365,3.2129,2.8223
"C19orf6",5.19253,5.41428,5.38845
"C19orf60",3.85114,3.54625,3.87531
"C19orf61",4.11748,4.24325,4.06327
"C19orf62",4.08761,4.14048,3.77133
"C19orf63",4.15954,4.05185,4.06013
"C19orf66",4.41021,3.88737,4.0316
"C19orf67",2.92421,2.75503,2.97186
"C19orf68",5.00331,4.98351,5.12885
"C19orf70",4.61467,3.49354,4.72273
"C19orf71",4.04719,4.11508,3.79557
"C19orf73",4.54408,4.12651,4.083
"C19orf75",2.87546,2.02263,2.44339
"C19orf77",3.54623,3.47512,3.80086
"C1D",2.85871,2.81247,2.42665
"C1GALT1",1.79903,1.5962,1.31773
"C1GALT1C1",2.95446,2.43723,2.9783
"C1QA",2.83418,2.74174,2.94499
"C1QB",3.7023,4.0147,4.13823
"C1QBP",4.9439,4.93692,4.7672
"C1QC",4.48846,5.15085,4.70279
"C1QL1",4.53415,4.87944,4.46785
"C1QL2",1.9459,2.02503,1.45369
"C1QL3",4.14107,4.23111,3.87657
"C1QL4",3.6291,3.22829,3.52248
"C1QTNF1",4.35997,4.53766,4.14768
"C1QTNF2",2.89706,2.81809,3.47171
"C1QTNF3",2.73662,3.13209,2.47491
"C1QTNF4",3.68411,3.97205,3.6157
"C1QTNF5",4.4121,4.08777,4.41541
"C1QTNF6",2.85413,3.16173,2.91689
"C1QTNF7",2.37456,3.18229,1.8804
"C1QTNF8",2.66429,2.35946,2.54431
"C1QTNF9",2.43545,2.95614,2.88881
"C1QTNF9B",3.69338,4.96501,3.47435
"C1R",5.80018,6.21224,5.55352
"C1RL",4.00269,3.67544,4.13751
"C1S",4.345,6.11739,4.06242
"C1orf100",2.00557,1.77053,1.74285
"C1orf101",1.99834,1.79115,1.6938
"C1orf103",2.46929,3.45483,2.22982
"C1orf105",1.8231,2.12204,2.03413
"C1orf106",4.40691,4.08782,4.14935
"C1orf107",2.9576,2.65928,3.13739
"C1orf109",2.2117,2.36517,2.37962
"C1orf110",2.16752,1.81996,1.82004
"C1orf111",3.8029,3.68528,4.07587
"C1orf113",4.60683,4.43738,4.77929
"C1orf114",2.06109,2.7242,2.45593
"C1orf115",5.02354,5.24223,5.23547
"C1orf116",5.10661,6.04832,5.49925
"C1orf118",2.96203,3.65769,3.10522
"C1orf122",4.0114,3.60212,3.17001
"C1orf124",3.28422,3.345,3.2185
"C1orf125",1.6575,1.57398,1.51237
"C1orf126",2.58402,2.22978,2.12906
"C1orf127",3.19671,3.11021,3.12136
"C1orf128",3.38897,3.68558,3.55439
"C1orf129",1.70947,1.42706,1.32703
"C1orf130",4.04155,3.52547,3.51592
"C1orf131",2.18049,2.75237,2.38956
"C1orf135",3.04588,2.90942,2.72047
"C1orf137",1.45442,1.29022,1.45271
"C1orf14",1.45036,1.63792,1.68302
"C1orf141",1.46597,1.35458,1.27158
"C1orf144",5.17208,5.03953,4.81941
"C1orf146",1.24163,1.65518,1.56319
"C1orf150",2.95544,2.48167,2.70205
"C1orf151",5.86918,5.43229,5.23818
"C1orf152",8.02274,8.57153,7.21204
"C1orf156",1.88079,2.02452,1.73236
"C1orf157",2.43803,2.09783,2.65026
"C1orf158",2.15572,2.29754,2.15806
"C1orf159",2.91178,3.06692,3.24342
"C1orf161",2.48498,2.39616,2.3793
"C1orf162",4.20148,3.99243,4.50247
"C1orf163",2.27542,2.3488,2.29561
"C1orf167",3.78524,3.47142,3.73784
"C1orf168",3.34529,2.5937,2.68718
"C1orf170",3.61776,3.77784,3.9999
"C1orf172",3.87011,4.05405,4.33208
"C1orf173",1.67123,1.16784,1.91578
"C1orf174",3.8534,3.70449,3.50121
"C1orf175",4.36022,3.69346,3.83888
"C1orf177",1.67936,1.86172,2.14894
"C1orf180",1.68244,1.72745,2.33581
"C1orf182",1.58629,1.64302,1.39249
"C1orf183",2.98555,3.25746,3.14932
"C1orf186",3.67346,3.1051,3.63013
"C1orf187",4.16903,3.80225,3.96254
"C1orf189",1.75463,1.59235,1.81651
"C1orf190",3.96883,3.84899,4.31548
"C1orf191",2.52797,2.82135,2.68176
"C1orf192",2.96175,3.65918,3.03747
"C1orf194",3.66989,2.8847,3.73959
"C1orf198",3.34525,3.44732,3.32245
"C1orf200",2.65067,2.16991,2.65829
"C1orf201",2.04598,1.97373,1.81398
"C1orf21",5.86662,6.03429,6.24638
"C1orf210",3.92006,3.94537,3.79788
"C1orf211",2.5166,2.26716,3.38489
"C1orf212",3.61969,3.21924,4.31538
"C1orf213",2.70141,3.04285,2.72986
"C1orf216",3.62963,3.98743,4.22946
"C1orf220",2.96862,2.87174,2.55101
"C1orf222",2.3116,2.32673,2.63644
"C1orf223",2.59016,1.95071,2.28509
"C1orf227",1.71709,1.27573,1.31209
"C1orf228",2.98061,3.23214,3.52992
"C1orf229",3.31234,3.13965,2.94111
"C1orf230",2.75477,2.47254,2.81287
"C1orf25",2.56311,2.51409,2.32221
"C1orf26",1.97049,2.5691,1.86455
"C1orf27",2.68037,3.07794,2.60419
"C1orf31",3.05889,2.74317,2.88627
"C1orf35",4.37385,4.54329,4.32696
"C1orf38",3.86172,2.77579,4.05607
"C1orf43",6.04146,6.10481,5.5935
"C1orf46",2.87006,2.10456,2.06767
"C1orf49",1.95269,1.55618,1.83844
"C1orf50",3.28217,3.34291,3.63643
"C1orf51",2.68904,2.99543,2.67892
"C1orf52",4.24075,4.82604,3.82736
"C1orf53",3.3189,3.08461,3.10901
"C1orf54",2.8004,3.74342,2.4508
"C1orf55",3.61067,3.30865,3.39746
"C1orf56",5.23393,4.93079,4.70169
"C1orf57",2.99057,2.9866,3.05838
"C1orf58",3.41389,3.94316,2.976
"C1orf59",1.70175,1.66496,1.73976
"C1orf61",1.80556,2.01679,2.35479
"C1orf63",5.65327,5.63236,5.57263
"C1orf64",2.79431,3.59653,3.02114
"C1orf65",2.46782,2.12086,2.70002
"C1orf66",3.82902,3.6367,3.84448
"C1orf68",3.79798,3.70912,3.73987
"C1orf69",2.60317,2.45239,2.81267
"C1orf74",3.1996,2.58422,2.56733
"C1orf77",4.65904,5.18244,4.67104
"C1orf83",2.73438,3.44034,3.33058
"C1orf85",4.58434,4.28151,4.73291
"C1orf86",3.90903,3.89924,3.8748
"C1orf87",2.16599,2.12586,1.88773
"C1orf88",2.97915,2.76144,2.79833
"C1orf89",3.89536,3.64337,3.63147
"C1orf9",2.96086,3.68201,2.98149
"C1orf91",2.69485,3.28811,2.47486
"C1orf92",3.10494,3.39659,2.77103
"C1orf93",4.47947,4.39767,4.53887
"C1orf94",2.8311,2.34156,2.58709
"C1orf95",3.15367,3.10104,3.25224
"C1orf96",2.99034,3.26442,3.05009
"C1orf97",2.61889,3.17318,3.78275
"C1orf99",2.80172,2.06748,3.28821
"C2",2.8845,2.95254,3.00408
"C20orf103",1.58097,2.3665,1.80957
"C20orf106",3.01579,2.69976,2.80858
"C20orf107",3.04339,1.33051,2.46025
"C20orf108",4.89822,4.77718,4.98239
"C20orf11",4.56666,4.58369,4.55332
"C20orf111",3.49888,3.78941,3.9692
"C20orf112",3.65846,3.60848,3.42685
"C20orf114",2.70782,2.3372,2.88698
"C20orf117",4.16094,4.85218,4.48383
"C20orf12",2.63109,3.31107,2.93301
"C20orf123",3.66562,3.79801,4.01711
"C20orf132",2.12462,1.89746,2.31023
"C20orf134",3.91071,3.67278,3.72035
"C20orf135",3.48666,3.75139,4.10288
"C20orf141",4.41835,4.37518,4.50383
"C20orf144",4.36,4.21216,4.46943
"C20orf151",4.12284,4.05572,4.38686
"C20orf152",1.52797,1.6983,1.51169
"C20orf160",3.44797,3.17523,3.39482
"C20orf165",3.61653,3.54145,3.8009
"C20orf166",4.58402,4.3225,4.74426
"C20orf173",2.38009,2.46116,2.7636
"C20orf177",3.54477,3.35828,3.64485
"C20orf181",3.80087,3.36094,3.74718
"C20orf185",2.91692,2.89856,2.5364
"C20orf186",2.76676,2.67387,3.40754
"C20orf187",1.70375,1.43794,1.26795
"C20orf191",4.46948,4.81526,4.38987
"C20orf194",3.19537,3.32376,3.38678
"C20orf195",4.03164,3.61389,3.8991
"C20orf196",2.13815,2.27094,2.53969
"C20orf197",2.16189,1.83026,2.28102
"C20orf20",4.49984,4.13849,4.28789
"C20orf200",4.91652,4.53788,4.72869
"C20orf201",3.36792,3.23348,3.32039
"C20orf203",2.10335,2.85121,2.53623
"C20orf24",4.02153,4.45306,4.24885
"C20orf26",1.94161,1.41724,1.77475
"C20orf27",2.59516,2.96102,2.38938
"C20orf29",2.67017,3.38493,3.19537
"C20orf3",4.7261,4.45386,4.06908
"C20orf30",4.80683,4.71014,3.49323
"C20orf4",4.0023,4.25632,4.50484
"C20orf43",4.15499,3.94345,4.13121
"C20orf46",2.74256,2.63891,2.35908
"C20orf54",3.19791,2.87651,3.05953
"C20orf61",3.78791,3.21265,3.11861
"C20orf62",1.98812,1.65091,2.11277
"C20orf7",1.60229,1.65706,1.64519
"C20orf70",2.57151,2.88104,2.98519
"C20orf71",2.54248,2.76627,3.36839
"C20orf72",2.39879,3.23954,3.34302
"C20orf79",1.70293,1.26656,1.54628
"C20orf85",2.32963,2.12498,2.74907
"C20orf90",4.47569,4.40414,4.58303
"C20orf94",2.47393,2.79256,3.12889
"C20orf96",2.47004,3.33759,3.19065
"C21orf104",2.51176,2.11165,2.92933
"C21orf105",2.94564,3.37702,3.95003
"C21orf118",2.00689,1.99216,1.93354
"C21orf119",2.97229,2.99755,3.13592
"C21orf121",1.519,1.82247,1.9725
"C21orf122",2.47804,2.20537,3.2569
"C21orf125",2.205,2.13511,2.86514
"C21orf128",3.40423,3.13914,3.78549
"C21orf129",2.77799,2.48628,2.80204
"C21orf15",2.8594,2.4019,2.1983
"C21orf2",3.91859,3.93877,4.07733
"C21orf29",3.55558,3.74004,3.8061
"C21orf30",2.85993,2.59879,3.24377
"C21orf33",4.26961,3.65191,4.56929
"C21orf34",3.66188,4.38388,3.2171
"C21orf45",2.33002,2.35421,2.28204
"C21orf49",2.04701,2.1932,2.20015
"C21orf56",4.41046,3.82858,4.48667
"C21orf57",2.83663,4.50522,3.89884
"C21orf58",3.20598,3.24951,3.10704
"C21orf59",5.49499,4.92767,5.39618
"C21orf62",1.83901,1.92184,1.88226
"C21orf63",5.6219,4.42612,5.1988
"C21orf67",3.81209,3.65655,3.68609
"C21orf7",3.14819,2.92801,3.42682
"C21orf70",4.5935,5.2977,4.97304
"C21orf74",1.42692,1.40233,2.0976
"C21orf81",4.59739,4.26131,4.68119
"C21orf82",2.09461,2.04144,1.96083
"C21orf84",2.22736,3.20032,3.10807
"C21orf88",2.48404,2.24899,2.34544
"C21orf89",2.55945,2.14293,2.51991
"C21orf90",3.05387,2.88145,3.15138
"C21orf91",2.54092,2.9102,2.70581
"C21orf93",3.86707,3.45233,3.61786
"C21orf94",1.6265,1.44796,3.78276
"C22orf13",4.37286,4.17966,4.01495
"C22orf15",3.34687,2.59385,2.73128
"C22orf23",2.969,2.77486,2.67587
"C22orf24",2.20127,2.23144,2.12347
"C22orf25",3.60159,3.30996,2.79466
"C22orf26",4.24877,4.61543,4.49537
"C22orf27",1.83479,1.80118,1.63879
"C22orf28",3.43592,2.99181,3.35478
"C22orf30",3.76004,3.90725,4.17616
"C22orf31",2.25475,1.63902,2.32774
"C22orf32",4.19798,4.09665,4.49056
"C22orf33",1.91472,1.65605,2.37278
"C22orf34",3.85814,3.44704,3.82065
"C22orf36",4.08965,4.11548,4.19341
"C22orf37",2.0918,2.20658,2.33726
"C22orf39",4.49078,4.53739,4.33742
"C22orf40",3.02577,3.16199,3.30074
"C22orf42",1.7592,1.80772,1.77429
"C22orf43",1.78231,2.6341,1.73033
"C22orf45",3.92724,4.00648,3.67416
"C22orf46",3.68172,3.67947,4.01443
"C22orf9",3.4876,3.67072,3.70006
"C2CD2",3.64934,3.80113,3.55287
"C2CD2L",3.83012,3.52322,3.68875
"C2CD3",2.82147,2.9832,3.13302
"C2CD4A",3.26489,2.98348,2.93082
"C2CD4B",2.46849,2.59231,2.35757
"C2CD4C",4.16414,3.88452,3.85196
"C2orf14",4.83155,4.00659,5.19948
"C2orf15",2.0017,2.14004,2.19981
"C2orf16",1.77892,1.68801,1.67206
"C2orf18",4.0972,3.87272,4.30304
"C2orf19",2.25966,2.4534,2.37288
"C2orf24",2.67328,3.58748,3.59138
"C2orf27A",3.66354,3.75196,3.57496
"C2orf27B",4.6787,3.60291,4.19815
"C2orf28",4.57113,4.54476,3.81806
"C2orf29",4.33359,4.24274,4.55488
"C2orf3",4.2116,4.55338,4.12169
"C2orf34",2.65405,3.31405,2.88027
"C2orf39",1.78959,1.88579,2.11071
"C2orf40",4.03164,3.93244,3.18414
"C2orf42",2.6168,3.24976,3.08777
"C2orf43",2.62914,1.91622,2.08956
"C2orf44",2.5905,3.00871,2.24699
"C2orf46",2.15347,1.96189,2.04894
"C2orf47",2.60215,3.02628,2.64668
"C2orf48",3.56556,2.94557,3.35356
"C2orf49",3.11251,3.42226,3.04643
"C2orf50",3.00394,2.43663,2.10317
"C2orf51",2.70698,2.67565,3.33229
"C2orf52",2.34049,2.0046,2.38411
"C2orf53",3.28062,2.8707,3.2094
"C2orf54",3.37931,2.64069,2.53116
"C2orf55",3.65941,3.45693,3.64934
"C2orf56",3.4458,3.36503,3.04328
"C2orf57",2.77685,2.27686,2.54048
"C2orf58",2.32074,2.67336,2.22347
"C2orf60",2.15834,2.02383,1.91841
"C2orf61",1.40412,1.61585,1.89124
"C2orf62",3.11656,3.08885,3.37209
"C2orf63",2.07122,3.13454,2.35818
"C2orf64",4.40902,4.43843,4.72575
"C2orf65",3.37873,2.75455,3.28986
"C2orf66",2.91396,3.28887,3.24129
"C2orf67",3.96423,4.66208,4.01907
"C2orf68",4.81202,4.81491,4.85942
"C2orf69",3.89395,3.8789,3.65297
"C2orf7",4.37336,3.98585,3.76424
"C2orf70",2.81178,3.00283,3.20082
"C2orf71",2.78521,2.33399,2.47134
"C2orf73",1.53321,2.05134,1.8901
"C2orf76",1.98752,2.02473,2.40284
"C2orf77",2.57117,1.9152,1.32129
"C2orf78",3.11407,2.7956,2.58934
"C2orf80",1.90428,1.70007,1.86926
"C2orf81",4.85528,4.30249,4.32845
"C2orf82",4.58728,4.5568,4.1648
"C2orf83",2.98507,2.53338,2.65964
"C2orf84",1.83038,1.76587,1.46265
"C2orf85",4.58296,4.29441,4.46661
"C2orf86",2.42601,2.53704,2.37727
"C2orf88",3.37367,3.42751,3.7225
"C2orf89",3.40572,3.10936,2.80489
"C3",3.50012,3.81126,2.85683
"C3AR1",3.24437,2.96406,2.76123
"C3P1",2.41809,2.2542,2.52759
"C3orf1",3.05914,3.35112,2.36305
"C3orf10",4.87529,5.39192,3.91111
"C3orf14",2.51805,2.81291,3.7436
"C3orf15",2.72647,3.02047,2.51876
"C3orf17",4.15241,5.02168,3.79092
"C3orf18",3.39549,3.97092,4.136
"C3orf19",3.95405,3.82277,3.67725
"C3orf20",2.25281,1.81335,2.0629
"C3orf21",3.48011,3.8055,3.97183
"C3orf22",3.14083,3.09689,3.36789
"C3orf23",1.84338,2.46392,2.17156
"C3orf24",3.81084,3.55216,3.76672
"C3orf25",2.53009,2.56438,2.94902
"C3orf26",3.46526,3.79033,3.94124
"C3orf27",4.01295,3.89105,4.03444
"C3orf30",1.61762,1.5578,1.73874
"C3orf31",3.52242,3.42899,3.58169
"C3orf32",3.48974,3.81622,3.62285
"C3orf33",1.70861,1.95597,2.49863
"C3orf34",1.24505,1.80997,1.6341
"C3orf35",2.59573,2.90609,2.91094
"C3orf36",3.78906,2.50456,3.11611
"C3orf37",4.45032,3.69289,4.4943
"C3orf38",2.9008,3.93506,3.56575
"C3orf39",3.93266,3.89516,3.84444
"C3orf42",2.74134,3.07889,2.71423
"C3orf43",2.47888,2.19034,2.29248
"C3orf46",2.16222,2.24682,2.83819
"C3orf47",3.70014,4.85413,5.23978
"C3orf48",1.89652,1.41585,1.73833
"C3orf49",1.53009,1.96313,1.83666
"C3orf51",1.62255,2.33858,1.99542
"C3orf52",3.7007,2.78015,3.16678
"C3orf54",2.67836,3.32942,3.03787
"C3orf55",2.13797,1.84454,1.62608
"C3orf56",2.23192,2.18432,2.33705
"C3orf57",3.70053,3.08349,2.47807
"C3orf58",3.37657,2.82156,2.93075
"C3orf59",3.30745,3.60469,3.35869
"C3orf62",3.86248,3.69885,3.37484
"C3orf63",3.49255,3.63905,3.55338
"C3orf64",3.3686,3.92924,3.23719
"C3orf65",1.58906,2.20614,2.0304
"C3orf67",1.88964,1.97786,1.89869
"C3orf70",3.92162,4.05175,4.00539
"C3orf75",3.05288,3.05357,2.25688
"C3orf77",4.69491,4.65028,4.56111
"C3orf78",4.85785,5.91895,6.27252
"C3orf79",2.69971,1.51049,2.55765
"C4A",4.48707,4.18408,3.77989
"C4BPA",1.81543,1.81531,2.04333
"C4BPB",2.02439,2.12334,2.08223
"C4orf11",2.12456,2.03796,2.20625
"C4orf14",3.66803,3.47448,3.55919
"C4orf17",1.7756,1.57447,1.72467
"C4orf19",1.97906,1.63839,1.9231
"C4orf21",2.09301,2.19846,2.39608
"C4orf22",1.25146,1.27266,1.37969
"C4orf23",2.8197,3.75373,2.96497
"C4orf26",1.83029,1.49235,1.80169
"C4orf27",3.33818,3.4518,3.14328
"C4orf29",2.90228,3.06776,2.76177
"C4orf3",3.78431,3.76729,3.09108
"C4orf31",2.66042,3.08894,2.43798
"C4orf32",3.0628,3.2388,3.05861
"C4orf33",2.36763,2.55466,1.88342
"C4orf34",4.89619,4.80034,5.03869
"C4orf35",1.95448,1.91897,1.92816
"C4orf36",1.81373,1.6762,1.33099
"C4orf37",1.61715,1.79457,1.68584
"C4orf38",2.22295,2.02832,2.08042
"C4orf39",2.52265,2.48075,2.46906
"C4orf40",2.6126,2.01214,2.35673
"C4orf41",4.37765,4.63726,4.07549
"C4orf42",3.16041,4.09605,2.99788
"C4orf43",3.57956,3.32464,3.14292
"C4orf44",1.99909,2.42242,2.13817
"C4orf45",1.28087,1.59779,1.46251
"C4orf46",2.51965,2.57249,2.80863
"C4orf49",3.09621,2.67297,3.14517
"C4orf50",2.58796,2.22001,2.1511
"C4orf52",3.35612,3.48765,3.42284
"C4orf6",3.46776,3.78947,4.2158
"C4orf7",2.30232,1.83031,2.07963
"C5",2.03048,2.46434,2.02738
"C5AR1",3.74865,3.33678,3.38362
"C5orf13",6.51643,6.57256,5.46189
"C5orf15",3.9326,4.01692,4.51466
"C5orf17",1.83054,1.6698,2.00189
"C5orf20",2.23543,2.63958,2.87544
"C5orf22",2.48231,2.99465,2.7724
"C5orf23",1.6661,2.03562,1.76077
"C5orf24",4.09302,4.09121,3.99595
"C5orf25",2.83764,3.22695,2.81486
"C5orf27",2.62324,2.51802,2.58639
"C5orf28",2.12165,2.70385,2.0547
"C5orf30",2.13823,2.3657,3.02491
"C5orf32",5.84476,5.15776,5.54249
"C5orf33",3.30502,3.56669,3.53756
"C5orf34",1.30873,1.49817,1.44062
"C5orf35",2.10452,2.75564,2.18565
"C5orf36",1.93144,1.98587,1.94009
"C5orf38",4.45848,4.54683,4.81032
"C5orf39",2.70879,3.10009,2.58673
"C5orf4",3.73876,4.48824,3.17589
"C5orf40",2.92265,2.57572,2.89097
"C5orf41",3.5441,3.57425,3.26911
"C5orf42",3.58931,3.93,4.01691
"C5orf43",3.75623,3.64851,3.49668
"C5orf44",1.63789,1.96391,1.70002
"C5orf45",3.65916,3.44852,3.84676
"C5orf46",1.75578,1.76268,2.12857
"C5orf47",1.64402,1.65034,2.00043
"C5orf48",1.7093,1.82382,1.81964
"C5orf50",2.31286,1.87629,2.18656
"C5orf51",4.21461,4.28972,4.34548
"C5orf52",2.57712,2.1206,2.32058
"C5orf53",1.83192,2.15927,2.09031
"C5orf54",1.30915,2.1521,1.06324
"C5orf55",3.2926,2.77546,2.36686
"C5orf56",4.74868,5.2107,4.89766
"C5orf60",3.53805,2.79184,3.38173
"C5orf62",4.1189,4.10748,4.71495
"C6",2.06084,1.7716,1.78512
"C6orf1",4.11345,4.20589,4.44031
"C6orf10",2.17852,2.52065,2.59551
"C6orf100",2.02596,1.78392,1.93043
"C6orf103",1.86561,1.67709,1.72189
"C6orf105",1.60374,1.78887,2.11408
"C6orf106",3.64097,3.86753,3.60033
"C6orf108",4.51693,4.31387,4.74182
"C6orf114",2.4285,2.99739,2.49314
"C6orf115",2.55528,3.16677,2.90232
"C6orf118",1.54207,1.69657,1.4825
"C6orf123",3.19395,2.68864,2.70687
"C6orf124",3.23348,3.6667,3.50768
"C6orf125",4.25308,4.28378,4.73256
"C6orf126",3.1218,3.34997,2.98782
"C6orf129",2.93298,3.03173,3.56324
"C6orf130",3.84817,3.73801,4.47586
"C6orf132",4.29584,4.31187,4.66408
"C6orf136",3.60939,3.11024,3.45443
"C6orf138",2.62272,2.44521,2.42533
"C6orf141",2.87809,3.14364,2.35071
"C6orf142",1.8046,1.44739,1.615
"C6orf145",4.19991,3.57958,3.90585
"C6orf146",2.23805,1.86865,1.41125
"C6orf15",4.30588,4.10061,3.92828
"C6orf150",1.60689,2.20977,2.49859
"C6orf154",2.68454,2.39295,2.86661
"C6orf155",4.15546,4.89724,5.39026
"C6orf162",2.11387,3.34245,2.72593
"C6orf163",1.60232,3.05039,2.72451
"C6orf165",1.23992,1.47276,1.26275
"C6orf168",2.72953,2.45987,2.74723
"C6orf170",2.29407,1.95975,2.31164
"C6orf174",2.30982,3.16678,2.28853
"C6orf186",2.68152,3.25471,2.54541
"C6orf191",1.59405,1.34085,1.31427
"C6orf192",1.79188,1.98348,1.88246
"C6orf195",2.6292,3.06849,2.85918
"C6orf201",2.55402,2.17341,1.87534
"C6orf203",3.06443,3.67247,3.7033
"C6orf204",1.97498,2.7892,2.04432
"C6orf208",3.01765,2.59379,3.23731
"C6orf211",2.23981,2.44727,2.74136
"C6orf218",2.37457,1.9273,2.22881
"C6orf221",2.15878,2.4763,2.17805
"C6orf222",2.23177,2.29773,2.54801
"C6orf223",3.02151,2.78585,3.25391
"C6orf225",2.90621,3.18353,2.47336
"C6orf226",3.43369,3.43452,2.56559
"C6orf227",3.02017,3.13401,3.23873
"C6orf25",4.37597,4.63213,4.55179
"C6orf26",4.63323,4.79875,4.95617
"C6orf27",2.97742,3.04931,3.28527
"C6orf35",2.1576,2.73708,2.62563
"C6orf47",3.47237,3.91722,3.77435
"C6orf48",4.90258,4.9378,4.41101
"C6orf52",3.25997,2.52154,2.91139
"C6orf54",2.69074,2.59739,2.60571
"C6orf57",2.22717,2.30023,2.3104
"C6orf58",1.7132,1.82889,1.81414
"C6orf62",3.79827,5.82869,5.05628
"C6orf64",3.54987,3.17694,3.87232
"C6orf70",3.37841,3.51262,3.87595
"C6orf72",4.56252,4.70731,4.30648
"C6orf81",3.12355,2.82873,2.90705
"C6orf89",4.1643,3.99236,4.20667
"C6orf94",1.66457,1.62762,1.68635
"C6orf97",1.83162,1.45157,2.07358
"C6orf99",3.67025,3.37028,2.50128
"C7",4.5285,6.50096,2.6093
"C7orf10",1.59436,1.77204,2.01705
"C7orf11",9.3752,9.39321,9.12716
"C7orf13",2.52269,2.59776,2.80962
"C7orf16",3.34262,2.90895,3.62207
"C7orf23",3.83076,3.81191,2.81981
"C7orf25",3.61778,4.72551,4.12924
"C7orf26",4.07666,4.45911,3.95053
"C7orf27",4.39279,4.35745,4.07155
"C7orf29",2.96256,2.57442,2.74884
"C7orf31",1.93066,2.32771,2.478
"C7orf33",2.19895,1.79455,2.07931
"C7orf34",2.52426,2.17532,2.36433
"C7orf36",3.2849,4.15439,3.36747
"C7orf41",4.37407,3.86917,4.47558
"C7orf42",5.0257,4.88648,4.82439
"C7orf43",4.04919,4.14391,4.05489
"C7orf44",3.7871,3.9418,4.42827
"C7orf45",1.90143,1.74146,2.06548
"C7orf46",3.57421,2.98472,3.08491
"C7orf47",5.44742,5.15647,5.04673
"C7orf49",3.9758,4.52712,4.09992
"C7orf50",5.43367,5.02061,5.45786
"C7orf51",4.32639,4.29402,4.10431
"C7orf52",2.20644,1.80204,1.78844
"C7orf53",1.68678,2.00765,2.17809
"C7orf54",4.75266,4.35964,4.13586
"C7orf55",4.1766,4.02199,4.24646
"C7orf57",2.73055,2.4169,2.82125
"C7orf58",4.04004,4.14051,3.4283
"C7orf59",4.36897,4.67522,4.83343
"C7orf60",2.92224,3.58468,3.38872
"C7orf61",4.16487,4.29768,4.59414
"C7orf62",2.48407,3.50374,2.77928
"C7orf63",3.4285,3.45588,4.0533
"C7orf64",1.42033,1.81271,1.70328
"C7orf66",2.4161,2.15887,2.54402
"C7orf68",3.046,3.76616,3.71826
"C7orf69",1.64565,1.57848,1.80509
"C7orf70",3.43609,3.43044,3.19117
"C7orf72",1.53357,1.43498,1.382
"C8A",1.83231,1.55397,2.24366
"C8B",1.89724,1.77716,2.08767
"C8G",4.77125,4.31227,4.19954
"C8orf12",1.45034,1.15672,2.38179
"C8orf17",2.34893,2.6041,2.06788
"C8orf22",1.76904,1.81981,1.68339
"C8orf30A",3.38487,3.35832,3.17689
"C8orf31",2.18326,2.48468,2.37358
"C8orf33",3.60656,3.90645,4.18337
"C8orf34",2.37608,2.28901,2.07368
"C8orf37",1.37794,2.22778,1.59441
"C8orf38",1.68655,2.65548,1.94431
"C8orf4",6.67817,4.07362,6.30446
"C8orf40",4.75455,3.94007,4.35718
"C8orf41",2.90856,2.51673,1.80518
"C8orf42",3.07574,3.07246,3.76072
"C8orf44",1.8887,2.6094,2.02073
"C8orf45",2.22158,1.522,1.59659
"C8orf46",2.99041,3.10151,3.92634
"C8orf47",2.72495,2.74598,3.12458
"C8orf48",1.84601,1.77677,2.07619
"C8orf49",2.0869,2.2695,2.8137
"C8orf51",3.49157,3.34822,3.28766
"C8orf54",1.69863,1.24208,1.73088
"C8orf55",3.9772,3.86017,3.32752
"C8orf56",2.06924,1.33271,1.9326
"C8orf58",4.27744,4.01233,3.97157
"C8orf59",2.15184,2.52756,2.73222
"C8orf73",3.72406,2.90892,3.08444
"C8orf74",3.26667,3.32427,3.77388
"C8orf76",3.99498,3.68987,3.64324
"C8orf77",3.03414,3.15667,2.81687
"C8orf79",2.42952,1.84723,2.19065
"C8orf8",1.51379,1.61066,1.28971
"C8orf80",3.00134,2.94505,3.39199
"C8orf84",3.45328,4.12252,4.10206
"C8orf85",2.5425,2.6984,2.56973
"C8orf86",2.13391,2.18011,2.39199
"C9",1.65347,1.96808,1.59803
"C9orf100",2.98099,2.98958,3.31608
"C9orf102",4.26395,4.32279,4.30978
"C9orf103",3.44787,3.4762,3.65677
"C9orf106",2.64789,1.90095,2.91062
"C9orf11",1.60605,1.6112,1.33033
"C9orf114",3.93894,3.36429,3.58068
"C9orf116",3.50897,4.15733,4.19126
"C9orf119",3.32113,3.14253,3.06171
"C9orf123",2.79064,3.19349,2.92788
"C9orf125",2.76038,2.60039,2.38525
"C9orf128",2.61661,2.84982,2.81713
"C9orf130",3.68291,3.14494,2.72058
"C9orf131",4.28798,4.30062,4.22098
"C9orf135",1.66118,1.72328,1.64461
"C9orf140",3.92363,3.82544,4.05541
"C9orf141",5.69161,5.58079,5.71511
"C9orf142",5.12347,5.44816,5.32139
"C9orf144",2.89778,2.47229,1.93171
"C9orf144B",3.04045,2.57614,3.12384
"C9orf150",2.84025,2.45585,2.19378
"C9orf152",4.36942,3.84489,3.41731
"C9orf153",1.75818,2.20403,2.12296
"C9orf156",2.24389,1.80197,2.62724
"C9orf16",5.07374,4.99065,5.40562
"C9orf163",3.16368,2.88486,3.04102
"C9orf167",3.77509,3.42701,3.95973
"C9orf169",4.27153,4.3351,4.57124
"C9orf170",2.85072,2.29035,2.55891
"C9orf171",1.94356,2.41153,2.37408
"C9orf172",2.68007,2.81671,2.72881
"C9orf173",4.02266,3.66263,3.94689
"C9orf174",2.19952,2.44921,2.71469
"C9orf21",2.91392,1.53409,1.98764
"C9orf23",3.78217,4.04996,4.20823
"C9orf24",2.97461,3.29133,3.15556
"C9orf25",4.19014,4.40409,4.57327
"C9orf27",1.98431,2.38059,2.65448
"C9orf29",2.41281,2.08713,2.18683
"C9orf3",3.57521,3.6437,3.46696
"C9orf30",3.68661,3.68304,3.12404
"C9orf31",4.06171,4.36955,2.95232
"C9orf37",3.21449,4.0672,3.09693
"C9orf38",1.98343,1.87324,2.19587
"C9orf4",3.68044,3.76766,3.31943
"C9orf40",4.47624,4.3034,4.46351
"C9orf41",2.49754,3.15539,3.2458
"C9orf43",2.43318,2.04339,2.38683
"C9orf46",2.16989,2.23686,2.05736
"C9orf5",4.55881,4.53214,4.61881
"C9orf50",3.37765,2.97434,2.8538
"C9orf53",3.83636,2.79393,3.51887
"C9orf57",2.46481,2.33299,2.08321
"C9orf6",2.7916,3.11766,2.93099
"C9orf62",3.95761,3.36379,3.98259
"C9orf64",2.27962,3.10791,2.16053
"C9orf66",1.98101,2.52004,2.6776
"C9orf68",2.20219,2.3736,2.21601
"C9orf7",4.71968,4.4734,4.94442
"C9orf70",2.30366,2.04319,2.43645
"C9orf71",2.44941,2.11926,2.34992
"C9orf72",3.58569,3.03322,3.8571
"C9orf78",5.5182,4.41378,4.71223
"C9orf79",3.12081,2.75655,3.37285
"C9orf80",3.70534,4.00714,4.02959
"C9orf82",3.05523,3.36936,3.45696
"C9orf84",2.07423,3.3215,2.44281
"C9orf85",2.88079,3.3579,4.00178
"C9orf86",4.44853,4.75604,3.96444
"C9orf89",4.09988,3.7844,4.27529
"C9orf9",3.89941,3.58488,3.52628
"C9orf91",3.48066,4.02172,3.97037
"C9orf93",2.94509,3.07523,2.95226
"C9orf95",1.90655,1.67114,2.66076
"C9orf96",3.45076,3.03672,3.31687
"C9orf98",2.34647,2.7812,3.24644
"CA1",2.39348,2.21516,1.90213
"CA10",1.77584,1.69081,1.75919
"CA11",4.84666,4.6692,4.90401
"CA12",3.44594,3.28071,3.11866
"CA13",3.81258,2.51868,2.41069
"CA14",1.78945,2.27146,2.08046
"CA2",1.69666,1.94868,2.28085
"CA3",2.66182,2.7506,2.59383
"CA4",3.85782,3.8424,3.73228
"CA5A",2.17398,1.68074,2.2007
"CA5B",4.72252,4.35735,4.13074
"CA5BP",3.92958,2.95253,3.773
"CA6",2.15099,2.29435,1.97233
"CA7",2.6677,2.85136,2.74162
"CA8",1.88249,1.64299,1.41756
"CA9",4.169,3.95922,4.07833
"CAB39",4.77287,4.81681,4.78674
"CAB39L",4.43478,4.08217,3.88749
"CABIN1",3.76486,4.29797,4.07779
"CABLES1",2.87219,2.84882,2.57328
"CABLES2",3.90058,3.3965,4.41351
"CABP1",2.7882,2.36511,2.69483
"CABP2",4.09939,3.41079,3.63317
"CABP4",3.39045,3.41839,3.15773
"CABP5",2.26445,1.93155,2.27727
"CABP7",3.04233,2.47123,2.70631
"CABYR",2.62856,3.06637,2.96322
"CACHD1",3.60376,2.67534,2.64587
"CACNA1A",2.8492,2.4807,2.59986
"CACNA1B",3.65014,3.21362,3.57413
"CACNA1C",3.86183,3.90268,3.81733
"CACNA1D",3.78752,4.41555,4.27807
"CACNA1E",2.56564,2.30288,2.78738
"CACNA1F",2.7134,2.62796,2.72971
"CACNA1G",3.10588,3.06677,3.37895
"CACNA1H",3.7147,3.95865,3.92439
"CACNA1I",3.09649,2.97707,3.05903
"CACNA1S",2.98522,2.87067,2.65129
"CACNA2D1",3.35691,2.54869,3.73307
"CACNA2D2",3.42691,2.87375,3.26377
"CACNA2D3",2.39412,2.43207,2.10238
"CACNA2D4",3.3041,3.30088,3.53034
"CACNB1",2.70346,3.30639,2.71292
"CACNB2",4.06293,3.94166,3.27282
"CACNB3",3.39721,3.70438,3.65365
"CACNB4",2.53005,2.71761,3.20435
"CACNG1",2.26491,2.29192,2.75617
"CACNG2",2.06284,1.82379,1.9355
"CACNG3",1.5934,1.71325,1.91643
"CACNG4",4.49216,4.37156,3.5397
"CACNG5",2.59034,2.67679,2.88826
"CACNG6",3.60629,3.46092,3.12872
"CACNG7",3.70272,3.0965,3.67162
"CACNG8",4.02373,4.29394,4.5486
"CACYBP",4.21013,4.95941,4.34725
"CAD",3.46284,3.08413,3.2554
"CADM1",4.69853,4.49284,4.34802
"CADM2",2.11915,1.80431,2.46485
"CADM3",2.82719,2.77987,3.16228
"CADM4",4.37743,3.89275,4.46903
"CADPS",1.79459,2.65238,2.16605
"CADPS2",3.93926,3.44636,3.60624
"CAGE1",1.47029,1.71772,1.84637
"CALB1",1.78098,1.66623,2.06323
"CALB2",3.32649,2.64139,3.17068
"CALCA",3.30369,3.10655,3.13316
"CALCB",1.80992,2.04242,1.81506
"CALCOCO1",4.5783,5.28959,4.82818
"CALCOCO2",5.41215,6.01169,5.89068
"CALCR",1.6191,1.76605,1.83218
"CALCRL",1.7627,1.89889,2.07318
"CALD1",7.62043,7.85451,7.25692
"CALHM1",3.5344,3.54886,3.95706
"CALHM2",4.71576,5.31455,4.96174
"CALHM3",3.44984,2.60227,2.91902
"CALM1",5.64623,5.04659,4.71641
"CALM2",5.89264,5.44855,4.50587
"CALM3",5.54672,6.18414,4.94541
"CALML3",2.62177,2.65883,2.70498
"CALML4",3.33001,3.64944,3.21767
"CALML5",3.09119,2.94856,3.71395
"CALML6",2.90612,1.9747,2.44268
"CALN1",1.99229,1.80919,1.99626
"CALR",6.58484,6.32479,5.80342
"CALR3",1.77801,1.69687,1.75054
"CALU",4.38869,3.87962,4.19196
"CALY",5.19897,4.88053,4.9569
"CAMK1",4.32084,4.89729,4.46355
"CAMK1D",3.31298,3.84679,3.44099
"CAMK1G",3.23829,3.08266,3.09005
"CAMK2A",3.1272,3.21614,3.33162
"CAMK2B",2.59162,2.65506,2.87477
"CAMK2D",3.17926,3.71302,2.51506
"CAMK2G",3.89627,4.14769,3.80207
"CAMK2N1",5.54136,5.65691,5.52521
"CAMK2N2",5.15801,5.15675,5.15652
"CAMK4",3.05395,3.15217,3.33047
"CAMKK1",2.67433,2.5058,2.91211
"CAMKK2",4.68899,4.22639,4.40783
"CAMKV",2.75985,2.49276,3.04001
"CAMLG",4.59773,4.48911,4.19988
"CAMP",3.50789,3.20902,3.69406
"CAMSAP1",3.55421,3.87768,4.3775
"CAMSAP1L1",3.50522,4.19369,4.14093
"CAMTA1",2.65158,2.75041,2.39017
"CAMTA2",4.40877,4.5776,4.55788
"CAND1",4.06681,4.60919,3.67371
"CAND2",3.62359,3.26775,3.3058
"CANT1",5.12361,4.96413,5.20434
"CANX",6.78903,6.70656,6.62748
"CAP1",5.35193,5.52726,5.12991
"CAP2",4.10267,4.2306,3.43572
"CAPG",3.61814,3.11945,3.88951
"CAPN1",3.87814,4.22185,4.09874
"CAPN10",2.92951,3.10021,2.86258
"CAPN11",2.35538,1.92515,2.49141
"CAPN12",3.25388,2.93924,3.44901
"CAPN13",3.27081,2.41614,2.86534
"CAPN2",4.17596,4.61769,4.02632
"CAPN3",3.38569,3.2196,2.93994
"CAPN5",3.84512,4.12748,3.96819
"CAPN6",2.63769,2.26309,2.46092
"CAPN7",3.9077,4.26767,4.70234
"CAPN9",1.71321,2.25691,1.9997
"CAPNS1",5.50674,5.69496,5.26839
"CAPNS2",3.1246,1.8631,2.09672
"CAPRIN1",5.28951,5.57757,5.41165
"CAPRIN2",2.75536,3.71362,2.77208
"CAPS",4.56176,4.64705,4.56266
"CAPS2",2.26016,1.75945,1.81743
"CAPSL",1.8459,1.95312,2.00878
"CAPZA1",3.3365,3.47377,4.12819
"CAPZA2",4.27552,4.17095,3.18279
"CAPZA3",0.970738,1.55842,1.20479
"CAPZB",5.78831,5.99968,6.49452
"CARD10",3.83205,4.05464,3.85093
"CARD11",2.35491,2.67203,2.07828
"CARD14",3.06374,3.15439,3.05679
"CARD16",2.86084,3.02214,2.52895
"CARD17",1.72849,2.23662,1.48458
"CARD18",1.88001,1.50636,1.98327
"CARD6",1.86914,1.93903,1.84202
"CARD8",3.11424,4.40711,3.7993
"CARD9",3.38984,3.37867,3.48999
"CARHSP1",4.4839,4.83169,4.75828
"CARKD",3.84279,3.48386,3.83303
"CARM1",3.69401,3.65688,3.65168
"CARNS1",3.4952,3.14681,3.56789
"CARS",3.26384,3.30235,3.30864
"CARS2",3.05828,3.32746,3.42071
"CARTPT",1.65701,1.69584,2.412
"CASC1",1.48096,1.81699,1.60247
"CASC2",2.46243,2.13547,2.38823
"CASC3",5.48264,5.35513,5.56683
"CASC4",5.925,5.55491,5.16575
"CASC5",1.48562,1.32938,1.43599
"CASD1",4.09285,4.56607,4.30846
"CASK",3.73546,4.50253,3.89956
"CASKIN1",2.86125,3.03601,2.46676
"CASKIN2",3.46895,3.13876,3.34347
"CASP1",2.11494,1.75767,1.64754
"CASP10",2.36096,2.01075,2.43534
"CASP12",1.72871,1.94234,1.73775
"CASP14",1.54237,1.5047,1.67557
"CASP2",3.93645,3.66021,3.61533
"CASP3",2.6038,2.33843,2.58753
"CASP4",3.77115,4.07159,3.78344
"CASP5",1.83417,1.65708,1.77274
"CASP6",2.0869,2.23074,2.26366
"CASP7",3.35884,3.86692,3.38467
"CASP8",2.8346,2.90975,2.83038
"CASP8AP2",2.26461,3.1528,2.78068
"CASP9",3.85187,3.39326,3.22051
"CASQ1",2.66923,2.39898,2.2436
"CASQ2",2.22477,1.90329,2.25437
"CASR",2.46461,2.59755,2.41659
"CASS4",2.01654,1.91512,2.0606
"CAST",6.00435,5.83329,5.78295
"CASZ1",5.28882,4.255,3.88731
"CAT",4.28068,4.77175,4.55303
"CATSPER1",3.12324,2.7775,3.2772
"CATSPER2",3.06988,3.64498,3.2137
"CATSPER2P1",2.81681,3.47367,2.80386
"CATSPER3",2.942,2.41834,2.97094
"CATSPER4",2.63442,2.46445,2.27446
"CATSPERB",1.91806,1.67212,1.55133
"CATSPERG",3.23302,2.39684,2.84551
"CAV1",5.14967,5.15121,3.55112
"CAV2",3.38262,4.02496,3.27723
"CAV3",3.06569,3.17134,2.91477
"CBARA1",2.40737,3.15904,2.96034
"CBFA2T2",3.88822,4.17389,3.97939
"CBFA2T3",3.61742,3.80261,3.45701
"CBFB",3.90522,3.86384,3.6123
"CBL",2.90542,3.37379,2.45348
"CBLB",3.84105,4.19863,3.96541
"CBLC",3.40029,3.37197,3.44535
"CBLL1",2.85662,3.40391,2.75048
"CBLN1",1.78862,2.30261,2.53453
"CBLN2",2.62759,2.48657,2.34915
"CBLN3",3.29462,3.89902,4.12809
"CBLN4",1.85788,1.7881,1.98111
"CBR1",4.83725,4.4462,4.02284
"CBR3",5.26564,5.51601,5.80506
"CBR4",2.54055,2.93418,3.26252
"CBS",4.19712,4.46323,3.76689
"CBWD1",4.35403,4.8247,4.5937
"CBWD3",4.52995,5.07268,4.92211
"CBWD5",4.92305,5.17897,5.1813
"CBX1",4.22884,4.34431,4.20999
"CBX2",3.67943,2.99898,3.51881
"CBX3",4.42892,5.24723,3.80251
"CBX4",3.93094,3.54869,4.1815
"CBX5",5.58892,6.37417,6.46742
"CBX6",3.57731,4.52349,3.55609
"CBX7",3.83812,5.07928,3.79163
"CBX8",3.62672,3.67781,3.98585
"CBY1",4.90089,4.47003,4.502
"CC2D1A",4.30737,4.10745,4.08352
"CC2D1B",3.38275,3.23818,3.56395
"CC2D2A",3.40208,4.19489,3.39028
"CC2D2B",2.72245,1.52389,2.03775
"CCAR1",6.0573,6.36006,6.33742
"CCBE1",2.88788,1.88477,2.35481
"CCBL1",2.73172,2.7309,3.14236
"CCBL2",2.91614,2.90687,3.26299
"CCBP2",1.87639,2.14242,2.47743
"CCDC101",4.43419,4.40961,3.85166
"CCDC102A",3.92782,3.83923,3.54865
"CCDC102B",2.28375,2.73819,2.25099
"CCDC103",2.49505,1.83546,2.12281
"CCDC104",5.92261,5.98298,4.81656
"CCDC105",2.9346,2.70487,2.81072
"CCDC106",4.14343,4.13743,4.30011
"CCDC107",3.37072,3.31091,3.99126
"CCDC108",2.58867,2.49604,3.08361
"CCDC109A",3.0811,3.37698,2.7443
"CCDC109B",2.58435,3.04543,3.02555
"CCDC11",2.03492,1.67007,1.73559
"CCDC110",1.90191,1.47167,2.31986
"CCDC111",2.02262,3.19477,1.98838
"CCDC112",2.41245,1.69528,2.12314
"CCDC113",2.20839,2.21545,2.2156
"CCDC114",3.24223,2.3109,2.82953
"CCDC115",4.49531,4.03498,3.82707
"CCDC116",3.40897,3.39766,3.62192
"CCDC117",4.74154,4.80694,4.10955
"CCDC12",5.22253,4.9688,4.8372
"CCDC120",3.61194,3.47399,4.03077
"CCDC121",3.41199,2.7886,3.94927
"CCDC122",2.68168,2.92571,2.82296
"CCDC123",4.73844,5.22043,5.07996
"CCDC124",4.30866,4.55937,4.28053
"CCDC125",4.24807,5.04375,4.14665
"CCDC126",2.7814,3.46656,2.92272
"CCDC127",3.29928,4.58986,3.75666
"CCDC129",2.2287,2.15084,2.70744
"CCDC13",3.16192,3.17767,3.05162
"CCDC130",4.743,4.49736,4.8348
"CCDC132",2.57005,2.9708,2.22438
"CCDC134",3.87451,3.72342,3.79637
"CCDC135",2.5164,2.30068,2.28953
"CCDC136",2.54978,3.48806,2.57683
"CCDC137",4.38832,3.90046,4.14185
"CCDC138",1.56118,1.72355,1.58368
"CCDC14",5.0304,5.05571,4.77665
"CCDC140",2.45773,2.25237,2.4717
"CCDC141",1.96374,1.65735,1.8847
"CCDC142",2.61527,2.55652,2.85055
"CCDC144A",4.39488,3.99026,3.68105
"CCDC144B",4.03298,3.81736,3.4145
"CCDC144NL",3.27106,3.05051,3.24256
"CCDC146",3.29047,3.20292,2.81198
"CCDC147",1.91053,1.70858,1.78509
"CCDC148",1.4703,1.70585,1.35309
"CCDC149",3.62004,3.96249,4.06341
"CCDC15",1.50655,2.06193,1.82061
"CCDC150",1.80626,1.93615,1.91014
"CCDC151",2.88032,3.10098,2.7298
"CCDC153",3.22308,3.08536,3.05385
"CCDC154",3.05188,2.53226,2.94953
"CCDC155",4.66811,4.77471,5.23364
"CCDC157",3.87313,3.43557,3.31805
"CCDC158",1.98406,1.8675,1.96543
"CCDC159",3.69038,4.63643,3.56841
"CCDC17",3.14862,2.99026,2.907
"CCDC18",2.18689,2.05114,2.25209
"CCDC19",3.65359,2.31549,2.68491
"CCDC21",2.27931,2.61193,2.37185
"CCDC22",3.7733,3.42794,3.7797
"CCDC23",3.45955,3.39122,3.5373
"CCDC24",4.14717,4.18344,3.83287
"CCDC25",2.45398,3.52522,2.44374
"CCDC26",1.6157,1.80102,1.60074
"CCDC27",3.14969,2.93363,3.27428
"CCDC28A",2.99027,3.54053,3.31817
"CCDC28B",4.10522,3.95135,4.25853
"CCDC3",3.22469,4.07631,4.20545
"CCDC30",2.39477,1.8158,2.4051
"CCDC33",3.17828,2.71807,3.12486
"CCDC34",1.91302,2.22438,2.02654
"CCDC36",2.20167,2.34096,2.1198
"CCDC37",2.80914,2.2837,2.45317
"CCDC38",1.75709,1.93474,2.21276
"CCDC39",1.5987,1.24809,1.68261
"CCDC40",4.09668,4.37836,4.35207
"CCDC41",2.97998,2.79157,3.35262
"CCDC42",2.11029,2.27511,2.51835
"CCDC42B",3.94854,3.69022,3.4433
"CCDC43",2.28258,2.73108,2.53198
"CCDC45",4.75599,5.69139,4.70141
"CCDC46",2.75817,3.6792,2.25069
"CCDC47",5.02498,4.52162,5.25142
"CCDC48",4.93243,4.39823,4.77775
"CCDC50",4.4228,4.85924,4.78468
"CCDC51",1.87938,1.73159,2.00897
"CCDC53",4.65615,4.152,4.56379
"CCDC54",1.56355,1.83606,1.86115
"CCDC55",4.30694,5.0011,4.10041
"CCDC56",5.26418,5.88718,5.10975
"CCDC57",4.03245,4.52468,4.48257
"CCDC58",5.30651,5.02198,4.93717
"CCDC59",4.27139,3.24041,3.81462
"CCDC6",4.64666,5.33753,4.68473
"CCDC60",2.68978,2.76748,2.44769
"CCDC61",4.09011,4.20135,4.42399
"CCDC62",1.94201,2.1752,1.68321
"CCDC63",1.72067,2.00708,1.80301
"CCDC64",3.92324,3.85253,3.68784
"CCDC64B",3.65324,3.42388,3.22822
"CCDC65",2.7992,2.74887,2.29738
"CCDC66",2.95601,3.17198,2.71647
"CCDC67",2.27728,1.97397,2.75883
"CCDC68",1.60713,1.74424,1.92429
"CCDC69",3.99552,4.07338,3.09761
"CCDC70",2.81171,2.1626,2.62242
"CCDC71",3.95133,4.07447,3.82172
"CCDC72",6.61025,6.20415,5.56394
"CCDC73",1.6795,1.5473,1.76913
"CCDC74A",4.03155,4.49172,4.27318
"CCDC75",2.8899,3.33925,3.69785
"CCDC76",2.6753,4.25046,2.87864
"CCDC77",2.27857,2.58403,2.26908
"CCDC78",3.20984,2.86879,3.33992
"CCDC79",1.94722,1.39749,1.29472
"CCDC8",2.79357,3.24654,2.94421
"CCDC80",3.8634,5.50821,4.0018
"CCDC81",1.97615,2.15401,1.81607
"CCDC82",2.56778,2.4862,2.47018
"CCDC83",1.86345,1.8556,1.65307
"CCDC84",3.99017,3.86735,3.48852
"CCDC85A",3.08474,3.44229,3.16594
"CCDC85B",3.60831,3.83582,3.75785
"CCDC85C",3.61605,3.62264,3.86876
"CCDC86",4.31804,3.88002,3.79937
"CCDC87",2.14425,2.34631,2.64666
"CCDC88A",3.72973,4.51087,3.38948
"CCDC88B",3.58975,3.48114,3.77982
"CCDC88C",3.0751,3.73983,3.4967
"CCDC89",2.12677,2.51185,2.34584
"CCDC9",5.08305,4.51911,5.0556
"CCDC90A",3.14936,3.42256,3.63511
"CCDC90B",4.16327,4.56087,3.86599
"CCDC91",4.18737,3.72196,3.03647
"CCDC92",3.73737,3.47063,3.33331
"CCDC93",4.33035,4.86278,3.21927
"CCDC94",3.73706,3.42317,3.84748
"CCDC96",2.59055,2.18955,2.20465
"CCDC97",4.46939,4.23991,4.23816
"CCDC99",1.91561,2.13006,2.11586
"CCHCR1",3.31649,3.39377,3.16375
"CCIN",2.34267,2.53473,2.54766
"CCK",3.67133,3.63755,4.01201
"CCKAR",2.07554,2.07705,2.96263
"CCKBR",2.97779,2.69272,3.00571
"CCL1",3.02699,3.53142,3.11328
"CCL11",3.03517,3.11791,2.95088
"CCL13",2.97199,2.56487,2.54407
"CCL14.CCL15",4.03702,4.74342,4.04557
"CCL16",2.29989,2.10658,2.16373
"CCL17",4.76883,4.26065,4.71201
"CCL18",2.12651,1.99188,2.50832
"CCL19",3.76386,3.39228,3.57449
"CCL2",7.96481,4.72943,5.84832
"CCL20",1.67733,1.74696,1.80441
"CCL21",3.3931,3.88924,3.59832
"CCL22",4.22682,4.4243,4.18066
"CCL23",2.29034,2.19153,2.34352
"CCL24",2.63774,2.72799,3.04463
"CCL25",3.1265,3.17154,3.1154
"CCL26",2.54131,2.32556,2.69361
"CCL27",3.34182,3.44795,3.35702
"CCL28",1.70275,2.20652,2.18584
"CCL3",4.0483,3.75794,3.91254
"CCL3L1",4.48749,4.38241,4.57112
"CCL4",2.38731,3.08794,3.70606
"CCL4L1",2.9413,2.73459,3.11974
"CCL5",5.32579,4.54889,4.96837
"CCL7",2.95354,3.08932,3.33026
"CCL8",2.34582,2.34909,2.60561
"CCM2",3.29383,4.04598,3.28936
"CCNA1",2.33372,2.06487,2.45426
"CCNA2",2.23672,2.37511,2.33575
"CCNB1",1.52291,1.52246,1.79612
"CCNB1IP1",3.85471,3.55887,3.71563
"CCNB2",1.93068,2.07684,2.08339
"CCNB3",1.81123,1.77311,2.28723
"CCNC",3.98527,4.27745,4.73742
"CCND1",4.62559,4.74447,4.47453
"CCND2",4.17857,5.22358,3.79794
"CCND3",4.19582,4.24519,4.48002
"CCNDBP1",3.44714,3.63869,3.36392
"CCNE1",2.03929,1.7736,2.50554
"CCNE2",1.85454,2.39797,2.31875
"CCNF",2.73249,2.68934,2.65492
"CCNG1",4.92124,5.59558,5.16311
"CCNG2",5.16841,5.08068,4.85561
"CCNH",5.2116,3.91221,4.41724
"CCNI",7.00778,7.26083,6.8226
"CCNI2",3.25488,2.90029,3.09204
"CCNJ",3.69791,4.02017,3.41804
"CCNJL",3.67947,3.74172,3.45654
"CCNK",5.55968,5.13473,5.59548
"CCNL1",6.70584,5.53544,6.35719
"CCNL2",5.00682,5.61531,5.01236
"CCNO",3.58953,3.36284,3.3897
"CCNT1",4.85182,4.71133,3.64634
"CCNT2",4.67083,5.21565,4.69477
"CCNY",4.79022,4.32311,3.92462
"CCNYL1",3.82327,4.13453,4.02098
"CCNYL2",1.4174,1.13897,1.42751
"CCNYL3",1.18863,1.13453,1.66019
"CCPG1",3.75676,4.13255,3.49068
"CCR1",1.58652,1.74933,1.80974
"CCR10",3.7212,3.78726,3.89881
"CCR2",1.91491,2.59793,1.59183
"CCR3",1.54187,1.38959,1.22543
"CCR4",2.96976,1.91271,2.41173
"CCR5",2.23267,2.50048,2.44707
"CCR6",3.24971,3.04801,3.35393
"CCR7",3.72739,3.36787,3.5349
"CCR8",2.09022,1.92595,2.3951
"CCR9",1.74141,1.76914,2.05063
"CCRL1",2.98266,3.18593,2.46243
"CCRL2",1.58097,1.60583,1.66833
"CCRN4L",3.17185,2.53075,2.31445
"CCS",3.84781,3.79347,3.33797
"CCT2",4.12521,4.80908,4.49257
"CCT3",4.72422,5.11003,4.62115
"CCT4",4.18438,4.35466,4.49577
"CCT5",4.80103,4.80131,4.40135
"CCT6A",3.39786,3.62533,3.52036
"CCT6B",2.21249,1.44418,1.53283
"CCT7",4.72062,5.70188,4.71431
"CCT8",3.83866,4.22335,4.1411
"CCT8L2",4.23492,4.23427,4.28945
"CCZ1",4.56063,4.42327,4.77573
"CD101",3.13781,2.37393,2.42988
"CD109",1.66517,2.13381,1.91105
"CD14",4.47908,3.79469,4.33703
"CD151",4.88657,4.69467,4.10295
"CD160",1.82076,2.17591,2.05764
"CD163",2.30006,2.41887,2.13762
"CD163L1",3.09071,2.40924,3.277
"CD164",5.66037,5.12247,5.59955
"CD164L2",3.32272,3.17654,3.76312
"CD177",4.89887,3.16215,3.41299
"CD180",1.98723,2.1443,2.13445
"CD19",3.60284,3.83853,3.2624
"CD1A",2.14378,1.98842,2.07888
"CD1B",1.7541,1.64267,1.53266
"CD1C",2.13017,2.18418,2.17369
"CD1D",3.63053,3.52611,3.48931
"CD1E",2.65739,2.45935,2.57831
"CD2",3.45663,3.26737,3.33819
"CD200",2.98551,3.30045,3.34836
"CD200R1",2.2726,1.76751,1.68424
"CD200R1L",1.64718,1.56419,1.59906
"CD207",3.10907,3.34409,3.40522
"CD209",1.96548,1.67827,2.12965
"CD22",2.69355,2.8986,2.37846
"CD226",2.52005,2.63997,2.45371
"CD24",5.88903,5.77104,5.67451
"CD244",1.99528,2.08294,1.8485
"CD247",2.24827,2.21242,2.6716
"CD248",4.31737,4.29962,3.96053
"CD27",3.23202,3.49737,3.58624
"CD274",1.43382,1.53349,1.73767
"CD276",4.45766,4.35841,4.20501
"CD28",2.14355,2.1171,1.83459
"CD2AP",5.08909,4.78429,5.00788
"CD2BP2",4.11375,3.82248,3.0949
"CD300A",3.10523,3.19545,3.43343
"CD300C",4.28018,3.78612,3.97971
"CD300E",4.27836,4.04954,4.20201
"CD300LB",2.05856,2.00796,2.07028
"CD300LD",2.11722,1.56516,1.91182
"CD300LF",3.13082,2.89762,3.39072
"CD300LG",3.96219,3.6922,3.39594
"CD302",4.7661,5.67986,5.11943
"CD320",4.35896,4.6388,4.25032
"CD33",3.756,3.67319,3.65611
"CD34",4.46921,4.52248,4.02645
"CD36",1.50742,1.37503,1.75978
"CD37",4.92677,4.61538,5.47347
"CD38",3.48108,4.01883,3.98986
"CD3D",3.02442,2.8356,3.13631
"CD3E",2.88707,2.71791,2.55388
"CD3EAP",5.04191,4.71742,5.00377
"CD3G",2.32682,2.21013,2.72528
"CD4",3.32728,2.71316,2.96374
"CD40",3.33499,3.22659,3.20095
"CD40LG",1.48046,1.36679,1.67571
"CD44",6.20763,5.59628,5.29527
"CD46",6.29468,5.76473,5.75736
"CD47",6.00506,5.93634,5.37221
"CD48",2.93271,3.43299,2.96144
"CD5",2.92355,3.97923,3.30033
"CD52",4.72595,5.02063,4.69336
"CD53",3.54989,3.44955,3.33516
"CD55",4.61611,3.52838,3.83471
"CD58",4.00942,3.5373,3.78571
"CD59",6.16378,5.81735,5.50753
"CD5L",2.6752,2.78247,2.92397
"CD6",2.85584,3.02298,3.44699
"CD63",5.67542,5.64886,5.81116
"CD68",5.31264,5.08536,5.14021
"CD69",3.48175,1.98382,2.67169
"CD7",5.02627,4.67667,5.61765
"CD70",2.67784,2.62947,3.2065
"CD72",3.89012,3.28564,3.60085
"CD74",6.77947,7.54109,6.04699
"CD79A",3.15835,3.52705,3.65202
"CD79B",3.04366,3.11598,3.42574
"CD80",1.98719,2.05895,2.18155
"CD81",6.0391,6.55018,5.67139
"CD82",4.01092,4.24263,4.68888
"CD83",3.98812,3.48559,3.79367
"CD84",2.62711,2.70599,2.65889
"CD86",2.33924,2.35383,2.2061
"CD8A",3.44347,3.41763,3.531
"CD8B",2.40984,2.50168,2.83372
"CD9",7.43109,6.83895,6.63269
"CD93",4.45108,4.46755,4.00981
"CD96",2.10722,1.81758,2.33672
"CD97",4.66553,4.31628,4.26006
"CD99",6.87681,6.99715,6.65229
"CD99L2",3.67699,3.93572,3.25139
"CDA",2.67714,2.9559,2.50473
"CDADC1",3.43713,2.97349,3.21986
"CDAN1",3.67288,3.9622,4.21065
"CDC123",4.38485,4.62559,4.1348
"CDC14A",3.50474,4.19266,3.28672
"CDC14B",4.19315,3.48013,3.48942
"CDC14C",3.64,4.10189,4.07513
"CDC16",4.03619,4.5392,3.99925
"CDC20",4.28483,2.85581,4.00324
"CDC20B",1.93426,2.17245,2.27332
"CDC23",1.94589,2.10103,1.93597
"CDC25A",2.11708,2.21434,2.42345
"CDC25B",3.54196,4.40726,3.52939
"CDC25C",1.90863,1.89555,2.1701
"CDC26",3.87457,3.98783,3.38874
"CDC27",5.10008,4.71262,5.08068
"CDC34",4.47581,5.19782,5.08872
"CDC37",5.25909,5.41675,5.73134
"CDC37L1",4.63483,4.06258,3.7355
"CDC40",3.32983,4.02683,3.18208
"CDC42",5.02105,5.09687,5.13614
"CDC42BPA",4.0137,4.88908,4.43703
"CDC42BPB",4.25014,4.29006,3.86325
"CDC42BPG",3.8466,3.26673,4.13233
"CDC42EP1",4.73914,4.35604,4.68794
"CDC42EP2",4.17817,4.36394,4.45751
"CDC42EP3",4.45324,4.49679,3.43253
"CDC42EP4",5.21318,4.53268,4.35347
"CDC42EP5",6.54535,5.61592,5.65466
"CDC42SE1",5.12709,5.40774,4.62769
"CDC42SE2",3.83226,3.29432,4.22395
"CDC45",2.46739,2.26937,2.39904
"CDC5L",4.43629,4.97442,4.40225
"CDC6",1.77694,1.74274,1.56421
"CDC7",1.44911,1.66468,1.6602
"CDC73",6.10169,6.70339,5.56991
"CDCA2",1.80002,1.54755,2.09604
"CDCA3",2.99364,2.75311,2.77342
"CDCA4",2.46956,3.03697,2.79594
"CDCA5",2.99943,2.98493,3.18708
"CDCA7",2.00566,1.73264,1.92503
"CDCA7L",2.30322,2.10203,2.19388
"CDCA8",3.08914,3.13584,3.26801
"CDCP1",3.40964,3.89812,3.86643
"CDCP2",2.98117,2.61725,2.95363
"CDH1",6.05281,5.85583,5.38842
"CDH10",1.92049,2.59829,2.34162
"CDH11",4.07398,4.71295,3.76732
"CDH12",1.55861,1.66921,1.69463
"CDH13",2.79914,3.41136,2.90913
"CDH15",2.56905,2.48981,2.60721
"CDH16",2.73954,2.1485,2.5252
"CDH17",1.83256,2.17475,1.79611
"CDH18",1.80994,1.90339,1.94703
"CDH19",1.45997,1.51085,1.54866
"CDH2",2.74316,2.38541,2.72933
"CDH20",2.59916,2.51438,2.78145
"CDH22",2.85706,3.48285,3.02362
"CDH23",2.74047,2.9065,2.77641
"CDH24",3.18528,3.28508,3.31646
"CDH26",4.5635,3.40305,4.07406
"CDH3",3.77818,2.81622,2.82416
"CDH4",2.98454,2.55601,2.6132
"CDH5",3.55563,3.68268,3.4198
"CDH6",2.11092,2.46502,2.84925
"CDH7",1.72744,2.16095,2.1878
"CDH8",2.06208,1.75473,2.48164
"CDH9",1.82158,1.48536,1.72307
"CDHR1",2.80119,2.10452,2.2733
"CDHR2",2.87363,2.91085,2.72374
"CDHR3",3.16625,2.51685,1.99246
"CDHR4",3.37518,3.546,3.22627
"CDHR5",4.00886,3.78121,3.74951
"CDIPT",4.40366,5.00651,4.36186
"CDK1",1.32593,1.59814,1.32074
"CDK10",3.82031,3.42936,3.67306
"CDK11A",4.01248,4.54227,4.08837
"CDK12",4.50392,5.62567,4.65929
"CDK13",4.93772,5.15433,4.9634
"CDK14",4.35932,3.84405,3.74158
"CDK15",2.15068,2.71488,2.22747
"CDK16",4.00742,3.81297,4.0214
"CDK17",3.51836,3.41977,3.35402
"CDK18",3.03536,3.64616,3.84381
"CDK19",4.08956,4.30518,4.55553
"CDK2",3.5301,2.9772,3.18157
"CDK20",2.44943,2.52245,2.54148
"CDK2AP1",5.62089,5.37458,5.75086
"CDK2AP2",4.26004,4.25009,3.87889
"CDK3",3.51957,3.74362,3.9574
"CDK4",4.57102,4.68531,3.84637
"CDK5",2.92993,3.20769,2.61215
"CDK5R1",3.73829,3.32898,3.87134
"CDK5R2",3.72144,3.69215,3.92953
"CDK5RAP1",3.61496,3.88304,3.88889
"CDK5RAP2",3.42441,3.84329,3.54717
"CDK5RAP3",5.40962,4.75908,5.02334
"CDK6",2.19777,2.27015,2.51795
"CDK7",2.88712,3.13468,2.99797
"CDK8",3.62388,3.64389,2.4083
"CDK9",5.36256,5.79512,5.0916
"CDKAL1",3.12953,3.54787,2.82036
"CDKL1",2.118,2.01681,1.65245
"CDKL2",1.93365,1.70141,1.93415
"CDKL3",2.15855,2.25979,1.91235
"CDKL4",1.30324,1.6813,1.33521
"CDKL5",3.23952,2.88429,3.7225
"CDKN1A",5.25063,3.87087,4.06787
"CDKN1B",4.16991,4.60368,4.03489
"CDKN1C",4.7684,4.46387,4.18241
"CDKN2A",1.98066,2.2089,2.58138
"CDKN2AIP",3.98337,4.45178,4.41815
"CDKN2AIPNL",2.84164,3.28691,2.64291
"CDKN2B",3.44951,2.63084,2.57732
"CDKN2C",2.34821,2.05337,2.06977
"CDKN2D",4.12478,3.85763,3.78167
"CDKN3",1.36097,1.48241,1.30048
"CDNF",2.61442,2.26789,2.60994
"CDO1",3.59046,3.57658,3.09697
"CDON",3.11876,2.59821,2.82871
"CDR1",8.06959,8.32121,7.18221
"CDR2",4.18089,4.42369,4.57404
"CDR2L",2.88243,3.0998,2.9669
"CDRT1",2.13436,2.14147,1.96072
"CDRT15",3.051,3.11124,3.35243
"CDRT4",2.90708,3.28597,3.83521
"CDS1",3.01887,2.86131,3.25266
"CDS2",4.07491,4.04532,3.6446
"CDSN",3.80728,3.98791,4.06917
"CDT1",2.78079,2.5502,2.28574
"CDV3",5.31067,5.40447,4.94168
"CDX1",3.21495,2.71981,2.63231
"CDX2",4.17793,3.80954,4.05447
"CDX4",1.77841,1.56431,2.47076
"CDY1",2.37896,2.19605,2.20134
"CDYL",3.20673,3.42022,3.34125
"CDYL2",5.29388,4.93734,4.68541
"CEACAM1",5.86504,3.76434,3.92479
"CEACAM16",3.68569,3.08151,3.88327
"CEACAM19",3.93071,3.56257,3.74862
"CEACAM20",2.84762,2.81886,2.89157
"CEACAM21",3.74113,3.26547,3.957
"CEACAM3",4.41655,3.87646,4.64905
"CEACAM4",4.5106,3.92714,4.16976
"CEACAM5",2.39445,2.06125,1.94235
"CEACAM6",1.89982,1.70995,1.8758
"CEACAM7",1.80888,2.1514,1.52743
"CEACAM8",2.25122,2.47531,2.47861
"CEBPA",3.22767,3.62318,2.89689
"CEBPB",3.70714,3.3884,3.82007
"CEBPD",5.51913,3.96652,5.18464
"CEBPE",3.1758,2.96282,3.11934
"CEBPG",2.83974,3.62916,3.00924
"CEBPZ",4.78785,4.80858,4.5686
"CECR1",2.73148,2.4827,2.85518
"CECR2",2.78254,2.46581,3.24234
"CECR4",3.39288,3.15223,3.54819
"CECR5",3.60451,3.05457,3.71301
"CECR6",4.1961,3.9155,4.51696
"CEL",3.15094,2.95472,3.07092
"CELA1",2.46009,1.97101,2.54005
"CELA2A",2.70978,2.77496,3.09368
"CELA2B",2.68067,2.19608,2.85605
"CELA3A",3.73189,3.82176,3.83304
"CELA3B",4.03284,3.79132,4.16198
"CELF1",4.32524,4.61609,4.2734
"CELF2",2.8901,2.9462,2.90315
"CELF3",3.56575,3.45004,3.46375
"CELF4",3.80678,3.68649,3.59389
"CELF5",3.65022,3.64598,3.87407
"CELF6",3.37409,3.59469,3.33962
"CELP",4.50315,4.94043,4.42711
"CELSR1",3.22126,3.07691,3.20139
"CELSR2",4.01255,3.8259,3.67301
"CELSR3",3.03358,2.98588,3.41521
"CEMP1",4.19552,4.02965,3.83158
"CEND1",4.57695,4.5016,4.79598
"CENPA",3.19488,3.18735,2.81555
"CENPB",4.79151,4.57357,4.25373
"CENPBD1",3.53254,3.47957,3.2027
"CENPC1",3.23762,3.52142,3.57533
"CENPE",1.65578,1.57119,1.66561
"CENPF",1.84877,1.632,1.72786
"CENPH",2.00514,2.07717,1.70388
"CENPI",1.7971,2.71837,1.59949
"CENPJ",2.95917,4.61397,3.17008
"CENPK",2.17346,2.71809,1.96173
"CENPL",2.08753,2.23807,2.02253
"CENPM",3.67502,3.85158,3.94732
"CENPN",4.54022,3.36062,4.7551
"CENPO",3.34994,3.08919,3.68399
"CENPP",2.77673,2.70831,2.82945
"CENPQ",1.70957,2.22738,2.14134
"CENPT",3.92088,3.69784,3.40733
"CENPV",3.24939,3.19452,3.50931
"CENPVL1",3.41116,3.14391,3.1799
"CENPW",1.97108,2.26218,2.0739
"CEP110",2.72021,3.27791,2.69598
"CEP120",3.68921,4.15013,4.41776
"CEP135",1.89776,2.26973,1.7342
"CEP152",1.5234,1.91239,2.14511
"CEP164",3.14644,3.30333,3.1665
"CEP170",2.70063,2.25829,2.28335
"CEP170P1",1.75381,3.05097,1.05079
"CEP192",3.0414,4.29574,3.22807
"CEP250",2.87349,2.98597,3.46625
"CEP290",2.58904,3.33804,3.00407
"CEP350",4.54453,5.9007,4.62142
"CEP55",1.51862,2.11823,1.94588
"CEP57",4.82141,4.29662,4.62543
"CEP57L1",1.69394,2.43828,2.16284
"CEP63",4.06758,4.54907,4.35294
"CEP68",3.85529,3.30795,2.96233
"CEP70",4.06096,4.19368,3.59682
"CEP72",2.67056,3.00619,2.99005
"CEP76",2.20568,2.75844,2.72599
"CEP78",2.31285,2.3427,1.8962
"CEP97",1.86725,2.3544,2.31878
"CEPT1",2.57171,3.30441,2.87818
"CER1",2.04529,2.25083,2.28437
"CERCAM",3.8997,3.3628,3.39882
"CERK",3.57941,3.94553,3.28161
"CERKL",2.19347,2.02661,1.8646
"CES1",4.55265,5.3861,3.80055
"CES1P1",2.70838,3.00159,3.05988
"CES2",3.55828,3.52533,3.82297
"CES3",2.36778,2.2247,2.07376
"CES4A",3.24659,2.6404,3.40387
"CES5A",2.61208,2.73727,2.73918
"CETN1",1.51879,1.53843,1.67395
"CETN2",3.41181,4.19919,4.01459
"CETN3",2.25074,3.01494,2.53579
"CETP",2.34625,1.91193,2.21429
"CFB",5.38344,4.07532,4.15525
"CFC1",4.69561,3.46791,4.05944
"CFC1B",4.6717,3.56899,4.08465
"CFD",5.4777,6.34433,6.18323
"CFDP1",4.75992,4.93471,5.08431
"CFH",3.75504,3.89615,4.20229
"CFHR1",1.76207,1.79346,1.83579
"CFHR2",1.14057,1.2376,1.48119
"CFHR3",1.77637,1.37805,1.33195
"CFHR4",1.89553,2.22822,2.00571
"CFHR5",1.25047,1.34878,1.75717
"CFI",1.35104,1.96584,1.68542
"CFL1",6.38087,6.05769,6.12407
"CFL2",4.50668,4.81663,4.4254
"CFLAR",3.9145,4.4174,3.85544
"CFP",4.06069,4.2236,4.50497
"CFTR",2.57815,1.59416,2.04187
"CGA",2.36902,2.33585,2.15855
"CGB",4.8765,4.5274,4.85046
"CGB1",4.4236,4.06948,4.43059
"CGB2",4.4564,4.10229,4.48819
"CGB5",4.9285,4.51621,5.05732
"CGB7",4.45195,4.31252,4.65899
"CGGBP1",4.85402,5.24165,4.51584
"CGN",3.65464,3.52534,3.8443
"CGNL1",5.4234,5.75666,4.73537
"CGREF1",3.51601,3.76626,3.79065
"CGRRF1",2.17153,2.36864,2.17084
"CH25H",3.16021,2.82967,3.11115
"CHAC1",3.19157,3.03896,3.32926
"CHAC2",1.82131,1.69329,1.47818
"CHAD",3.18752,3.56394,3.30468
"CHADL",4.89431,4.69791,5.08037
"CHAF1A",3.97418,4.53178,4.13909
"CHAF1B",2.42207,2.31823,2.75666
"CHAT",3.10779,3.05398,3.43193
"CHCHD1",2.90842,2.71643,3.2349
"CHCHD10",4.54184,4.69676,4.44533
"CHCHD2",4.50204,4.7993,4.41764
"CHCHD3",3.60202,3.3656,3.38706
"CHCHD4",2.91648,2.95607,2.93188
"CHCHD5",3.32911,3.02556,3.38472
"CHCHD6",3.76987,3.68465,3.74594
"CHCHD7",2.3752,2.29749,2.55704
"CHCHD8",5.0804,4.40271,4.40687
"CHD1",4.6785,3.4119,3.55608
"CHD1L",3.87393,4.34275,3.90463
"CHD2",5.82527,5.85869,5.03599
"CHD3",5.29537,5.63081,5.0828
"CHD4",5.1999,5.18664,4.67047
"CHD5",2.56288,2.4308,2.60898
"CHD6",4.86152,5.47824,4.60632
"CHD7",3.86156,3.18668,3.59733
"CHD8",3.94497,4.71632,4.08655
"CHD9",4.10476,4.39437,4.21881
"CHDH",2.92309,3.69576,4.24161
"CHEK1",1.64719,1.74831,2.25279
"CHEK2",1.32685,1.76519,1.84778
"CHERP",4.28196,4.19069,4.05325
"CHFR",3.58297,3.7742,3.40454
"CHGA",3.24941,2.90074,3.10618
"CHGB",1.91972,3.13391,2.15089
"CHI3L1",2.90889,2.59213,2.86774
"CHI3L2",1.56785,1.55198,1.64688
"CHIA",2.10342,2.15231,2.36118
"CHIC1",2.35656,2.66849,2.41504
"CHIC2",3.33085,3.29932,3.18729
"CHID1",4.29387,3.98866,4.13365
"CHIT1",2.47893,2.3697,2.49324
"CHKA",4.12674,4.4724,4.02403
"CHKB.CPT1B",3.3927,4.33561,4.42692
"CHL1",2.92252,2.10697,2.7017
"CHM",1.59838,2.02177,2.10041
"CHML",2.46291,2.67379,2.68008
"CHMP1A",4.11125,3.58241,4.20433
"CHMP1B",5.11975,3.71957,4.25608
"CHMP2A",5.59353,6.01239,5.30335
"CHMP2B",4.56349,4.21762,3.9714
"CHMP4A",4.0289,3.99829,3.69988
"CHMP4B",5.4391,5.4822,5.22204
"CHMP4C",3.96031,4.46716,4.53247
"CHMP5",5.11293,5.01187,3.86128
"CHMP6",3.77181,2.96474,3.2033
"CHMP7",3.21719,3.25324,3.32063
"CHN1",1.51237,2.82673,2.49783
"CHN2",4.09942,3.71257,3.85627
"CHODL",3.06728,3.02964,2.54719
"CHORDC1",4.65608,4.15138,4.25689
"CHP",4.83887,4.35743,4.49336
"CHP2",2.31786,2.01507,2.355
"CHPF",4.72399,4.67922,5.19226
"CHPF2",4.28675,4.20252,4.45168
"CHPT1",4.4897,4.32399,3.91182
"CHRAC1",4.15884,4.14011,4.40393
"CHRD",3.47319,3.56005,3.78482
"CHRDL1",3.90133,5.52543,3.48612
"CHRDL2",3.61019,3.33587,3.66633
"CHRFAM7A",3.09775,3.58221,3.6024
"CHRM1",5.25361,3.5974,3.86971
"CHRM2",2.33776,2.32912,2.32403
"CHRM3",2.42848,2.69534,2.66005
"CHRM4",3.64805,3.45965,4.2582
"CHRM5",2.09844,1.99119,2.35553
"CHRNA1",2.89475,2.94225,2.84245
"CHRNA10",3.33797,3.20995,3.59797
"CHRNA2",4.22902,5.41934,4.75282
"CHRNA3",2.56949,2.36703,2.66572
"CHRNA4",2.56926,2.37534,2.75464
"CHRNA5",2.10097,2.08345,2.14699
"CHRNA6",2.2932,1.77274,2.08125
"CHRNA7",1.89007,2.18948,2.5418
"CHRNA9",1.54188,1.61171,1.98279
"CHRNB1",2.80403,2.92956,3.67079
"CHRNB2",4.65402,4.26917,4.24681
"CHRNB3",1.51443,1.53791,1.76309
"CHRNB4",2.95872,2.97228,2.6334
"CHRND",3.30626,3.18146,3.97906
"CHRNE",3.02692,3.17546,3.58561
"CHRNG",4.76225,4.3672,4.61574
"CHST1",2.98992,2.9243,3.00148
"CHST10",2.71818,2.99137,2.64999
"CHST11",4.61356,4.6257,4.38252
"CHST12",4.90337,4.79125,4.64682
"CHST13",3.37076,3.40683,3.66456
"CHST14",3.70854,4.52253,3.83808
"CHST15",4.33271,4.27934,4.02623
"CHST2",4.17922,4.09674,3.63073
"CHST3",3.71518,3.69857,3.71729
"CHST4",3.27833,2.70236,3.20395
"CHST5",2.97964,2.94866,3.15486
"CHST6",2.38739,3.00019,2.5266
"CHST7",3.48193,3.5876,3.59083
"CHST8",3.91879,3.91,3.74048
"CHST9",2.80254,1.96694,2.79678
"CHSY1",3.99245,3.81627,4.37532
"CHSY3",1.61794,1.5187,1.78252
"CHTF18",4.07669,4.12169,4.22904
"CHTF8",3.90053,4.59823,3.96305
"CHUK",2.22714,2.20378,2.15033
"CHURC1",4.53174,4.39452,3.67035
"CIAO1",4.40605,4.14285,4.57856
"CIAPIN1",1.87574,1.75297,1.58098
"CIB1",5.08419,4.62892,5.35472
"CIB2",2.07484,1.85454,2.17794
"CIB3",2.1471,2.15451,2.39095
"CIB4",1.4392,1.80393,1.99952
"CIC",4.76985,4.27363,4.45025
"CIDEA",3.13329,2.56783,2.57689
"CIDEB",3.70996,4.08916,3.97934
"CIDEC",2.49738,2.41411,2.65279
"CIDECP",3.66335,3.86899,3.81717
"CIITA",3.72924,3.72483,3.38455
"CILP",2.6281,2.85606,2.78976
"CILP2",3.76172,3.4575,3.48435
"CINP",3.408,2.82835,2.25799
"CIR1",4.61981,5.25186,4.71881
"CIRBP",6.69827,7.28524,6.86457
"CIRH1A",4.35751,3.95419,3.6591
"CISD1",3.72697,4.01976,3.2517
"CISD2",3.49473,3.29111,4.67971
"CISH",4.62003,3.39853,3.89225
"CIT",2.01449,2.19011,2.27904
"CITED1",3.78671,4.54724,3.9384
"CITED2",5.70437,5.47805,5.48488
"CITED4",3.80842,4.21026,4.69695
"CIZ1",5.35278,5.69034,5.7227
"CKAP2",2.92748,3.51426,2.82803
"CKAP2L",1.76561,1.29479,1.64948
"CKAP4",5.09595,4.90399,4.93309
"CKAP5",3.64491,4.1322,3.32377
"CKB",4.83411,5.28283,4.77865
"CKM",2.98638,2.54314,2.75673
"CKMT1A",2.40386,2.90067,2.81521
"CKMT2",3.33394,3.35066,2.68949
"CKS1B",5.9508,5.35266,5.48992
"CKS2",2.85347,2.9432,2.75451
"CLASP1",4.31028,4.70209,4.20951
"CLASP2",3.93243,4.01688,3.73067
"CLASRP",4.04004,4.22615,3.66384
"CLC",2.13022,2.50365,2.13016
"CLCA1",1.35542,1.42924,1.63488
"CLCA2",1.74824,1.67842,1.9194
"CLCA3P",1.5871,1.90487,1.33111
"CLCA4",2.05355,1.50067,1.74081
"CLCC1",4.35471,4.39537,4.36613
"CLCF1",5.4554,4.73064,5.30613
"CLCN1",2.76595,2.22554,2.19451
"CLCN2",3.71052,3.38294,3.91043
"CLCN3",4.29413,4.48316,5.04786
"CLCN4",2.12131,1.91366,2.10884
"CLCN5",2.20128,2.34393,2.42218
"CLCN6",3.53283,3.6555,3.58376
"CLCN7",2.78852,2.81595,3.30565
"CLCNKA",2.73356,2.73869,3.16725
"CLCNKB",2.69849,2.1564,2.98035
"CLDN1",3.96864,3.16188,3.30537
"CLDN10",1.83426,1.62115,2.03978
"CLDN11",3.41717,4.0699,3.60693
"CLDN12",3.4055,3.34913,2.94659
"CLDN14",2.64081,2.0685,2.42578
"CLDN15",3.357,3.29964,3.62661
"CLDN16",1.81082,1.86233,1.7199
"CLDN17",1.69962,1.82558,1.62159
"CLDN18",2.48707,2.37935,3.08899
"CLDN19",4.42426,4.16098,4.6532
"CLDN2",2.34263,2.33372,2.84435
"CLDN20",2.84177,2.85724,2.82188
"CLDN22",2.1285,1.90717,1.84849
"CLDN23",3.72661,3.79747,3.07061
"CLDN24",1.72634,1.25648,1.39939
"CLDN3",5.85818,5.49191,5.39008
"CLDN4",4.33948,3.83808,3.87758
"CLDN5",3.8415,4.08036,4.27402
"CLDN6",2.58092,2.49126,2.51124
"CLDN7",3.90334,3.56483,4.40938
"CLDN8",3.33752,1.77584,2.85927
"CLDN9",3.68042,3.68757,3.60692
"CLDND1",4.08889,4.4865,4.9048
"CLDND2",5.13204,4.84254,5.37142
"CLEC10A",2.25518,2.57633,2.61211
"CLEC11A",3.5783,3.8988,3.34438
"CLEC12A",1.65972,1.70441,1.68635
"CLEC12B",1.36561,1.43575,1.68888
"CLEC14A",3.44508,3.17821,3.2653
"CLEC16A",4.31679,4.5664,4.14567
"CLEC17A",3.05867,3.19394,3.20925
"CLEC18A",3.29865,3.16799,3.47798
"CLEC18B",3.41085,3.56539,3.42941
"CLEC1A",1.94037,1.60004,1.57882
"CLEC1B",1.56539,1.45249,1.77992
"CLEC2A",1.54483,1.52872,1.60746
"CLEC2B",1.80377,2.60302,2.42136
"CLEC2D",2.09198,3.00463,2.73258
"CLEC3A",2.34971,2.00725,2.01949
"CLEC3B",4.19043,4.74634,4.29292
"CLEC4A",1.76491,2.32208,1.68081
"CLEC4C",2.27051,2.47164,2.15953
"CLEC4D",1.58743,1.35207,1.51857
"CLEC4E",1.73177,1.65052,1.97407
"CLEC4F",2.30267,2.41883,2.37967
"CLEC4G",3.27012,2.85357,3.24213
"CLEC4GP1",3.99415,3.81107,3.86472
"CLEC4M",2.52784,2.05516,2.19491
"CLEC5A",1.86268,1.53978,2.12218
"CLEC6A",1.7384,1.59437,1.87457
"CLEC7A",1.83454,2.19063,2.11155
"CLEC9A",2.13383,2.23105,2.15742
"CLECL1",1.78469,2.26101,2.3435
"CLGN",4.09644,3.93596,3.58915
"CLIC1",5.95961,5.85519,5.6794
"CLIC2",1.4582,1.41952,1.63094
"CLIC3",3.2446,3.34234,4.18668
"CLIC4",5.36872,6.04604,5.60969
"CLIC5",2.26519,2.07907,2.44076
"CLIC6",2.93588,2.91755,2.82465
"CLINT1",5.21805,5.10366,4.54912
"CLIP1",4.99774,4.72186,4.79086
"CLIP2",3.68552,3.64712,3.14225
"CLIP3",5.39154,5.3419,5.11522
"CLIP4",3.59298,3.74407,3.35086
"CLK1",5.76928,6.13272,5.82706
"CLK2",4.73892,5.56565,4.57714
"CLK2P",3.26769,3.70618,3.19661
"CLK3",4.55966,4.65509,4.1943
"CLK4",3.17986,4.01642,3.87763
"CLLU1",1.67684,1.66985,1.28219
"CLLU1OS",2.14215,2.26219,2.57467
"CLMN",4.30733,4.654,4.15984
"CLN3",3.83231,3.88969,4.19141
"CLN5",2.99587,2.72939,3.30471
"CLN6",3.55471,3.18909,2.94598
"CLN8",4.28855,4.17758,4.21441
"CLNK",2.18013,2.15228,2.16473
"CLNS1A",2.74897,3.31945,3.45005
"CLOCK",3.14711,3.41533,3.29061
"CLP1",2.82736,2.78137,3.0641
"CLPB",4.03403,3.24817,3.77987
"CLPP",5.25466,5.26803,5.01488
"CLPS",3.36218,3.32975,3.37012
"CLPTM1",5.43017,4.79122,5.15066
"CLPTM1L",4.06826,4.03902,4.01825
"CLPX",3.09805,3.97703,2.99945
"CLRN1",2.19351,1.78471,2.03871
"CLRN2",2.41727,2.24864,2.36843
"CLRN3",1.75924,1.70347,2.21052
"CLSPN",2.26763,1.99031,1.88852
"CLSTN1",6.1117,5.30958,5.5529
"CLSTN2",2.89673,2.90041,3.00095
"CLSTN3",3.24148,3.28962,3.34489
"CLTA",4.8491,5.17624,4.67305
"CLTB",5.54227,5.52455,5.67155
"CLTC",5.28949,5.32607,4.99909
"CLTCL1",3.08583,3.47183,3.13175
"CLU",5.11376,5.98203,4.99057
"CLUAP1",3.62707,4.00236,3.03279
"CLUL1",2.95863,2.80933,2.83565
"CLVS1",2.41173,1.90937,2.19311
"CLVS2",2.59981,2.12778,2.71368
"CLYBL",1.67054,2.12188,2.47019
"CMA1",2.14322,2.19328,2.2952
"CMAH",3.08642,2.85301,2.83716
"CMAS",4.37413,4.41081,4.5712
"CMBL",4.8486,3.73362,3.81
"CMC1",3.40714,2.08121,2.51094
"CMIP",3.8728,3.2629,3.83316
"CMKLR1",2.77944,3.13226,2.8681
"CMPK1",5.47536,6.01212,4.80856
"CMPK2",3.49169,3.40511,3.20509
"CMTM1",2.88036,2.9962,3.13268
"CMTM2",3.33087,3.22236,3.53876
"CMTM3",4.25671,4.43131,4.45802
"CMTM4",3.10585,3.57187,3.86023
"CMTM5",2.55133,1.81469,2.97263
"CMTM6",4.28415,3.51066,3.75457
"CMTM7",3.9258,3.7632,4.02317
"CMTM8",3.79482,3.44822,3.6439
"CMYA5",1.80156,2.26915,2.09268
"CNBD1",1.86333,1.61938,1.51777
"CNBP",5.96695,6.33239,6.13317
"CNDP1",2.01884,1.47884,1.89575
"CNDP2",4.70556,5.17719,4.61882
"CNFN",4.0198,4.22405,4.54164
"CNGA1",1.78505,2.22187,2.49602
"CNGA2",1.69489,1.79242,1.90464
"CNGA3",2.05591,2.09838,2.43845
"CNGA4",2.39233,2.40376,2.44473
"CNGB1",3.4966,3.22944,3.75658
"CNGB3",1.98695,1.73695,1.72382
"CNIH",5.20543,5.40726,5.15533
"CNIH2",4.46777,4.42199,4.15629
"CNIH3",1.96213,2.23172,2.17322
"CNIH4",4.66153,4.01199,3.62797
"CNKSR1",4.03194,3.5881,3.91657
"CNKSR2",3.3622,3.09859,3.28898
"CNKSR3",4.24181,3.79084,4.16515
"CNN1",6.70352,5.9656,6.12955
"CNN2",5.52615,5.04119,4.03364
"CNN3",6.60568,5.61321,6.19836
"CNNM1",2.34241,2.31385,2.09597
"CNNM2",3.67756,3.87881,3.31244
"CNNM3",3.33666,3.59939,3.12546
"CNNM4",3.39132,3.58396,3.00042
"CNO",2.58715,2.11436,2.47356
"CNOT1",4.83044,5.43318,4.9436
"CNOT10",2.98923,3.52027,3.53638
"CNOT2",5.14815,5.43554,4.89469
"CNOT3",4.44414,4.90098,4.38801
"CNOT4",4.25008,4.77306,4.15622
"CNOT6",3.25875,3.23184,3.34364
"CNOT6L",3.9536,3.9322,4.0675
"CNOT7",2.88481,4.48553,3.60841
"CNOT8",3.30584,3.07767,2.90459
"CNP",4.66401,4.8972,4.60026
"CNPY1",2.22305,2.2418,1.79736
"CNPY2",4.66748,4.93641,5.4971
"CNPY3",5.60673,5.7527,5.89279
"CNPY4",2.32666,3.65107,2.36662
"CNR1",2.13507,2.26076,2.26823
"CNR2",2.85928,2.51469,2.84294
"CNRIP1",2.58731,2.67617,2.58901
"CNST",2.91851,3.01025,2.78612
"CNTD1",2.78273,2.1653,2.71268
"CNTD2",3.51125,3.41098,3.86986
"CNTFR",3.64933,3.9067,3.41023
"CNTLN",2.94396,3.6321,3.48882
"CNTN1",3.26634,3.55333,2.82498
"CNTN2",2.92721,2.69714,2.55308
"CNTN3",2.30154,2.04582,2.28491
"CNTN4",2.33956,1.77827,2.14483
"CNTN5",1.44508,1.52929,1.5353
"CNTN6",1.99856,1.76725,1.81693
"CNTNAP1",2.4235,2.49263,1.79477
"CNTNAP2",2.13594,2.70343,3.17856
"CNTNAP3",2.85834,3.75383,3.29919
"CNTNAP4",1.77866,1.66228,1.94727
"CNTNAP5",2.0419,2.39411,1.88976
"CNTROB",4.09978,3.90366,3.87998
"COASY",4.31803,3.99181,4.66153
"COBL",4.42043,3.72729,3.98928
"COBLL1",5.14162,5.44525,5.4032
"COBRA1",4.28626,4.02102,3.73559
"COCH",3.81032,3.5197,3.47358
"COG1",3.86609,4.96199,4.49407
"COG2",2.47233,2.61652,2.6965
"COG3",4.30116,4.48398,3.85897
"COG4",3.16548,3.96557,3.25291
"COG5",5.48647,5.17324,5.30496
"COG6",3.86426,4.52058,3.71253
"COG7",3.39154,3.64253,3.24499
"COG8",4.35791,4.77376,4.71954
"COIL",4.22151,4.54301,3.95239
"COL10A1",3.61138,3.71565,4.71783
"COL11A1",2.52797,1.99814,2.22846
"COL11A2",3.87225,3.58094,3.77042
"COL12A1",4.03612,3.88582,3.47275
"COL13A1",3.66298,3.4665,3.04493
"COL14A1",4.07351,4.98921,3.73052
"COL15A1",4.29849,4.56217,4.11622
"COL16A1",4.90081,5.29544,4.79295
"COL17A1",3.88132,3.52794,3.59019
"COL18A1",4.81199,4.85776,4.37412
"COL19A1",2.81766,2.61803,2.4511
"COL1A1",4.95481,5.93256,5.29473
"COL1A2",4.91851,6.50793,5.03138
"COL20A1",3.82171,3.42609,3.60467
"COL21A1",2.80785,2.20009,2.56161
"COL22A1",3.78455,3.38765,3.62777
"COL23A1",4.0831,3.90696,3.88329
"COL24A1",2.4691,2.32537,2.33948
"COL25A1",2.52265,2.48474,2.51234
"COL27A1",4.45554,4.02253,4.04811
"COL28A1",2.64094,3.63457,3.02942
"COL2A1",3.38526,3.04214,3.52675
"COL3A1",3.94338,6.19281,4.69944
"COL4A1",4.03605,4.55663,3.83147
"COL4A2",4.69138,4.99029,5.04415
"COL4A3",3.67296,3.21001,3.47533
"COL4A3BP",3.36586,3.1352,3.69173
"COL4A4",2.86692,3.26938,3.05951
"COL4A5",3.48513,3.55017,3.64886
"COL4A6",2.6707,2.60144,3.55668
"COL5A1",3.55522,4.27821,3.61789
"COL5A2",2.81521,2.91475,3.28333
"COL5A3",4.19425,4.24969,4.32199
"COL6A1",5.71375,6.35807,5.34
"COL6A2",5.29819,5.78427,4.85101
"COL6A3",4.87674,5.94902,4.75665
"COL6A5",1.5029,1.46688,1.8238
"COL6A6",2.14485,2.33783,2.25655
"COL7A1",4.2437,4.19086,4.15863
"COL8A1",2.59235,2.45891,2.83971
"COL8A2",3.13409,3.62811,3.59969
"COL9A1",3.25416,2.86464,3.09148
"COL9A2",4.42278,3.69462,3.97977
"COL9A3",4.07184,3.68163,4.12533
"COLEC10",2.22845,2.43285,2.17166
"COLEC11",4.739,4.37093,4.61779
"COLEC12",4.54414,4.88215,4.84579
"COLQ",2.70641,2.94554,3.11072
"COMMD1",5.4265,5.03336,4.51133
"COMMD10",2.38981,3.69183,2.86571
"COMMD2",2.15154,3.04266,2.37334
"COMMD3",4.13989,3.86414,3.76428
"COMMD4",3.74451,3.57066,3.52789
"COMMD5",2.93196,3.09778,3.17603
"COMMD6",3.76754,4.56226,4.10406
"COMMD7",4.05113,4.00014,3.57915
"COMMD8",2.00987,2.44285,2.24308
"COMMD9",2.45024,2.72186,2.53346
"COMP",3.14563,3.35954,3.14052
"COMT",4.01426,3.71625,3.73983
"COMTD1",4.61595,4.23661,4.70412
"COPA",4.99473,4.93936,4.32349
"COPB1",5.18155,4.95801,4.24916
"COPB2",5.55742,5.36962,5.34648
"COPE",4.34055,4.37682,4.6191
"COPG",5.69561,5.47235,5.54376
"COPG2",2.43851,2.49981,2.51315
"COPS2",4.12988,4.43718,4.7287
"COPS3",4.28562,4.11875,3.34783
"COPS4",2.65391,2.96047,2.49015
"COPS5",4.15412,4.24199,4.60027
"COPS6",5.12625,4.91336,4.66305
"COPS7A",4.29258,4.37998,4.31062
"COPS7B",2.99793,3.85952,3.40436
"COPS8",3.09404,2.45683,2.55415
"COPZ1",4.24697,4.37319,4.69848
"COPZ2",3.96538,4.19252,3.95662
"COQ10A",2.78031,3.82876,3.23974
"COQ10B",4.32453,2.801,3.70886
"COQ2",3.32439,3.06057,3.39591
"COQ3",2.0315,2.29517,2.0976
"COQ4",4.3136,4.61543,4.10374
"COQ5",4.07458,3.2459,3.88584
"COQ6",3.2016,3.75321,3.63265
"COQ7",3.38674,3.04403,3.73425
"COQ9",5.05529,5.04534,4.72142
"CORIN",2.07297,2.18283,1.9125
"CORO1A",3.30518,3.53138,3.25152
"CORO1B",5.0609,5.23587,5.22019
"CORO1C",5.13492,4.79289,3.76299
"CORO2A",3.25545,3.6719,3.68152
"CORO2B",2.86066,2.60429,2.68063
"CORO6",2.81837,3.11616,2.7664
"CORO7",3.9353,3.54134,3.77236
"COTL1",4.54516,4.8573,4.32216
"COX1",11.4482,11.5347,10.8068
"COX10",4.29195,4.13577,4.14011
"COX11",3.20371,3.38626,3.38807
"COX15",3.04008,3.90198,3.28354
"COX16",2.9822,3.15107,3.45144
"COX17",3.89202,4.07397,4.04523
"COX18",2.82641,3.44524,3.71556
"COX19",2.52649,2.93708,2.64098
"COX2",11.2925,11.266,10.4563
"COX3",10.9282,10.9138,10.6376
"COX4I1",4.74779,4.7271,4.85764
"COX4I2",2.96523,2.93666,3.02075
"COX4NB",2.73065,3.24948,3.25907
"COX5A",6.06059,5.9434,5.49526
"COX5B",3.86827,4.44791,3.36267
"COX6A1",6.76509,6.72953,6.72461
"COX6A2",4.42766,4.41375,4.14684
"COX6B1",4.99251,5.7,4.95371
"COX6B2",2.02811,1.7963,1.58397
"COX6C",3.88477,4.47611,4.3266
"COX7A1",4.62784,4.62173,4.48356
"COX7A2",3.85918,3.73615,3.21624
"COX7A2L",4.06338,3.6187,3.79053
"COX7B",0.929175,1.74169,1.9361
"COX7B2",1.63529,1.76559,1.43626
"COX7C",6.08601,6.45468,6.59679
"COX8A",5.98385,5.80304,6.18882
"COX8C",2.10002,2.22534,2.2917
"CP",2.19539,1.62617,1.92795
"CP110",3.05935,2.21555,2.35017
"CPA1",2.46197,3.23357,3.11198
"CPA2",2.05744,1.54204,1.64063
"CPA3",2.8363,3.00279,3.27578
"CPA4",2.04854,1.83837,2.1859
"CPA5",2.12546,1.94916,2.19897
"CPA6",1.75897,1.66543,1.39019
"CPAMD8",3.63874,3.85739,3.54045
"CPB1",2.67219,1.66427,1.73642
"CPB2",1.71993,1.75074,1.65352
"CPD",4.53346,4.05925,4.40259
"CPE",5.96198,4.7225,5.73196
"CPEB1",2.22389,2.471,2.46479
"CPEB2",3.25836,3.32835,3.43117
"CPEB3",3.7544,3.7768,3.67894
"CPEB4",4.34271,3.67792,3.60203
"CPLX1",4.05786,4.41601,4.03416
"CPLX2",3.6106,3.4849,3.76458
"CPLX3",6.42956,6.05609,6.28346
"CPLX4",1.69574,1.67172,1.63919
"CPM",4.38462,3.52834,4.83822
"CPN1",1.67362,1.80295,1.88028
"CPN2",3.04972,3.05073,3.0734
"CPNE1",4.79274,5.13946,4.45676
"CPNE2",3.87664,4.20843,4.04837
"CPNE3",4.46694,4.45758,3.98447
"CPNE4",4.28881,6.58492,6.07751
"CPNE5",3.13722,2.68721,2.89004
"CPNE6",3.38485,3.31804,3.50426
"CPNE7",3.71262,3.48174,3.84428
"CPNE8",2.1566,2.23396,2.03864
"CPNE9",2.00104,1.76259,2.0171
"CPO",1.90925,1.90471,2.35119
"CPOX",3.33271,3.75554,3.41691
"CPPED1",3.7579,4.09682,3.69364
"CPS1",2.43608,1.81092,2.54345
"CPS1.IT",2.05958,2.40821,2.38434
"CPSF1",4.45486,4.92479,4.16183
"CPSF2",3.24056,3.80015,3.76484
"CPSF3",3.36216,3.79782,3.5273
"CPSF3L",4.5976,4.52364,4.69926
"CPSF4",3.5673,3.36915,3.61835
"CPSF4L",2.03991,1.82675,1.72679
"CPSF6",4.98696,5.54569,4.3623
"CPSF7",4.5027,4.08452,4.52255
"CPT1A",3.35452,3.93466,3.74096
"CPT1C",3.17733,3.17343,2.88855
"CPT2",3.45562,4.24279,4.17362
"CPVL",2.72436,2.82651,2.95043
"CPXCR1",1.8781,1.59692,1.98021
"CPXM1",2.36039,2.28683,2.93483
"CPXM2",2.16811,1.73318,2.01206
"CPZ",3.97468,4.13593,3.78738
"CR1",1.66521,1.42807,1.81336
"CR1L",1.3572,1.44405,1.00957
"CR2",1.45554,1.50565,1.5826
"CRABP1",2.55792,2.10874,2.2003
"CRABP2",2.37654,2.46117,2.20305
"CRADD",3.95026,3.36528,3.93574
"CRAMP1L",3.42313,3.3087,3.51584
"CRAT",4.25906,3.95466,3.74775
"CRB1",1.96054,1.67146,2.20871
"CRB2",3.41445,3.28255,3.40381
"CRB3",3.69388,3.7342,3.81264
"CRBN",4.73249,5.05628,5.17775
"CRCP",4.03165,4.47458,3.73742
"CRCT1",2.05316,1.93943,2.08662
"CREB1",4.2113,5.14142,4.45689
"CREB3",4.62965,4.60781,5.25929
"CREB3L1",6.933,5.62918,5.55551
"CREB3L2",5.17251,5.60008,5.01808
"CREB3L3",3.37267,3.22163,3.61071
"CREB3L4",4.89197,4.55905,4.47886
"CREB5",2.65221,2.75988,2.61987
"CREBBP",5.12863,4.90161,4.13968
"CREBL2",5.26471,5.20643,4.9713
"CREBZF",5.37143,5.30605,5.11905
"CREG1",4.24251,4.70572,4.42313
"CREG2",2.30669,2.30052,2.1361
"CRELD1",3.36553,3.93093,3.83858
"CRELD2",3.41116,3.4337,3.5464
"CREM",2.85675,1.71069,2.33391
"CRH",1.24546,1.35802,1.48734
"CRHBP",2.17025,2.17324,2.29947
"CRHR1",2.76544,2.86802,3.00618
"CRHR2",2.45911,2.31211,2.44576
"CRIM1",4.00575,4.64359,4.4002
"CRIP1",4.37528,3.84228,4.05382
"CRIP2",4.23917,4.25633,3.56701
"CRIP3",3.36089,3.71405,3.45859
"CRIPAK",5.11436,5.84711,4.79641
"CRIPT",4.08686,3.79234,4.03307
"CRISP1",1.85975,1.83257,1.94298
"CRISP2",2.12288,1.95127,1.82221
"CRISP3",2.36995,2.63096,3.61787
"CRISPLD1",1.71652,2.46026,2.14836
"CRISPLD2",6.28533,5.45443,5.95828
"CRK",4.7139,4.92562,4.54517
"CRKL",3.89054,4.21567,4.32929
"CRLF1",4.93502,4.73574,4.78038
"CRLF2",1.84712,2.00548,1.61848
"CRLF3",3.51279,5.34917,4.18478
"CRLS1",3.61058,3.87712,3.49644
"CRMP1",3.58278,3.20093,3.55619
"CRNKL1",3.90961,3.59062,3.60542
"CRNN",3.45545,3.61987,3.43196
"CROCC",3.31001,3.28392,3.76908
"CROCCP2",3.90669,3.3583,3.80288
"CROCCP3",3.83594,3.669,3.62969
"CROT",2.41122,2.66458,2.94299
"CRP",1.85154,2.59384,2.34691
"CRSP8P",6.0066,5.65962,6.14374
"CRTAC1",2.47961,2.43135,2.59875
"CRTAM",1.86672,2.10069,2.00561
"CRTAP",4.44358,5.28658,4.64898
"CRTC1",4.84725,4.88071,5.04118
"CRTC2",4.37536,4.70448,4.45193
"CRTC3",4.17903,4.48556,4.08322
"CRX",2.25242,2.27813,2.81616
"CRY1",2.90789,2.8539,3.16652
"CRY2",4.61937,4.04602,4.25634
"CRYAA",5.354,5.14883,5.60874
"CRYAB",6.05162,5.77006,6.12125
"CRYBA1",2.26271,1.96451,2.07375
"CRYBA2",2.5288,2.36652,2.94535
"CRYBA4",3.22828,3.00664,3.31838
"CRYBB1",3.14937,2.76832,3.4178
"CRYBB2",4.09725,3.67944,4.42352
"CRYBB2P1",4.16483,5.97287,4.14711
"CRYBB3",3.05577,3.41815,3.45445
"CRYGA",2.46927,2.55693,2.13542
"CRYGB",2.24705,2.03049,2.05235
"CRYGC",3.40813,3.13598,3.66057
"CRYGD",2.10012,1.64992,2.01937
"CRYGN",3.01666,2.98151,3.17186
"CRYGS",2.17659,3.12509,2.96698
"CRYL1",3.96353,3.27476,4.11888
"CRYM",3.7564,3.40441,3.78318
"CRYZ",2.23106,2.7963,2.42044
"CRYZL1",2.1326,2.93936,2.44968
"CS",5.16882,5.34033,4.75471
"CSAD",4.93232,5.0327,4.90151
"CSAG1",2.36111,2.11554,2.59248
"CSAG2",1.99273,2.43643,2.66574
"CSDA",6.38553,5.22716,3.90737
"CSDC2",4.32395,4.32835,4.48275
"CSDE1",6.90744,6.93889,6.69258
"CSE1L",3.77744,4.43176,4.01399
"CSF1",3.13344,3.1287,3.09525
"CSF1R",3.17925,3.42107,3.24368
"CSF2",2.30398,2.137,2.4258
"CSF2RA",3.24836,3.1554,3.05004
"CSF2RB",3.25112,3.09548,3.1742
"CSF3",5.07718,4.99399,5.44513
"CSF3R",2.88142,2.68162,2.96715
"CSGALNACT1",5.05871,4.6309,5.00814
"CSGALNACT2",3.33314,3.04624,2.32115
"CSH1",3.81098,3.63682,3.80674
"CSH2",3.97297,4.43735,3.84006
"CSHL1",4.01625,4.127,4.03882
"CSK",3.64789,3.96486,3.6788
"CSMD1",2.26966,2.08474,2.33205
"CSMD2",2.48421,2.16423,2.42279
"CSMD3",2.06851,1.92578,1.93936
"CSN1S1",2.18864,1.55237,2.22357
"CSN1S2AP",2.04434,1.67908,1.82631
"CSN2",2.26032,2.09629,2.05462
"CSN3",3.21769,2.663,3.29356
"CSNK1A1",7.26276,5.69879,6.49455
"CSNK1A1L",3.46988,3.426,3.34178
"CSNK1A1P1",4.39809,3.64947,3.88319
"CSNK1D",5.11614,4.92905,4.87683
"CSNK1E",5.79499,6.14351,5.4954
"CSNK1G1",2.30244,2.55994,2.13464
"CSNK1G2",4.20683,4.00278,3.50791
"CSNK1G3",2.85781,2.93182,2.86402
"CSNK2A1",4.52351,5.5455,4.5324
"CSNK2A1P",4.38614,3.61113,3.15871
"CSNK2A2",3.31945,4.36038,3.69457
"CSNK2B",5.68081,5.9006,5.22438
"CSPG4",2.37665,1.75432,2.43423
"CSPG4P1Y",3.07221,3.36429,2.88107
"CSPG4P5",2.2844,2.72696,3.52154
"CSPG5",3.04075,2.63498,2.83163
"CSPP1",3.21182,3.76389,3.27031
"CSRNP1",5.08689,2.89474,4.53327
"CSRNP2",3.42893,3.95254,3.62929
"CSRNP3",2.81789,2.94828,2.32242
"CSRP1",6.92794,6.4795,5.82223
"CSRP2",5.41418,4.64414,3.44476
"CSRP2BP",2.79018,2.86753,2.85229
"CSRP3",2.02037,2.27964,2.09763
"CST1",4.23028,4.03555,4.2748
"CST11",2.3549,1.85095,2.35208
"CST2",3.87817,4.39434,4.30984
"CST3",6.90126,7.20867,6.865
"CST4",4.30415,3.6572,4.26087
"CST5",4.1459,3.52311,4.24244
"CST6",3.39471,3.09933,3.55313
"CST7",4.33367,4.1864,4.66566
"CST8",2.51187,2.36196,2.4773
"CST9",2.1712,1.73969,2.04951
"CST9L",2.3806,1.88571,2.76596
"CSTA",4.9761,3.80202,4.32723
"CSTB",7.10001,7.16915,6.41054
"CSTF1",3.59584,4.33716,4.38271
"CSTF2",2.23017,2.58284,2.14254
"CSTF2T",3.27275,3.83564,3.6022
"CSTF3",3.84624,4.0954,4.30172
"CSTL1",1.45634,1.5053,1.75663
"CSTT",1.37625,1.47411,1.33435
"CT45A1",2.14284,1.67024,1.9688
"CT45A2",2.19334,1.73417,1.86206
"CT45A3",2.2622,1.74982,1.8777
"CT45A4",2.1471,1.67193,1.73921
"CT45A5",2.08212,1.72691,1.76679
"CT45A6",1.95336,1.5564,1.65018
"CT47A1",3.05693,3.44582,2.99923
"CT47A10",2.98582,3.38525,2.92741
"CT47B1",2.89571,3.16208,2.41027
"CTAG1A",4.3481,4.04463,4.30204
"CTAG2",4.02196,3.39617,4.30894
"CTAGE1",1.77883,1.60509,1.67295
"CTAGE10P",1.39728,1.85514,1.89104
"CTAGE15P",3.55468,2.60986,2.36997
"CTAGE3P",1.53714,1.22182,1.62311
"CTAGE4",4.33934,2.66469,2.21593
"CTAGE5",3.8266,3.93857,3.70479
"CTAGE6P",3.20631,2.29185,2.15646
"CTAGE7P",1.56567,2.31184,1.22699
"CTBP1",5.08253,5.07425,5.23304
"CTBP2",4.73718,4.44964,4.14495
"CTBS",3.88429,4.51949,4.09659
"CTCF",4.68761,4.5905,4.72503
"CTCFL",2.74766,3.10899,2.76092
"CTDNEP1",4.9059,5.17659,5.293
"CTDP1",4.10168,3.68769,3.85262
"CTDSP1",5.08238,5.42524,5.40276
"CTDSP2",5.61532,5.86088,5.00441
"CTDSPL",3.74059,3.77446,3.61629
"CTDSPL2",5.24087,6.13025,5.48698
"CTF1",4.77004,4.34847,4.77624
"CTGF",6.26964,5.72271,6.02545
"CTH",1.99542,2.05835,2.09723
"CTHRC1",3.11556,3.32451,3.25482
"CTLA4",2.1166,1.77359,2.41771
"CTNNA1",4.83976,4.79645,4.35844
"CTNNA2",1.82757,1.67842,2.11531
"CTNNA3",2.16013,1.88251,1.91963
"CTNNAL1",2.87219,3.6147,3.08987
"CTNNB1",5.50866,5.65632,5.31686
"CTNNBIP1",4.55266,4.0809,4.14994
"CTNNBL1",3.41424,3.93744,2.85492
"CTNND1",6.04485,6.00954,6.21007
"CTNND2",3.72424,3.63296,3.77208
"CTNS",3.39794,3.57289,2.82831
"CTPS",4.21239,3.64227,3.91696
"CTPS2",2.84738,3.24828,3.0645
"CTR9",4.02201,3.3822,4.17528
"CTRB1",4.1467,3.99026,4.38956
"CTRB2",3.64762,3.51749,3.61916
"CTRC",2.93844,3.23355,2.92848
"CTRL",3.68091,4.13922,4.24353
"CTSA",4.4011,4.37634,4.50464
"CTSB",5.46839,5.50144,5.3516
"CTSC",2.34329,2.32986,2.13579
"CTSD",5.16589,5.11731,4.93132
"CTSE",2.67061,2.57916,3.35345
"CTSF",3.96777,3.38336,4.05527
"CTSG",2.91778,2.40194,2.44719
"CTSH",3.94017,4.39551,3.96373
"CTSK",3.50774,3.54157,2.98185
"CTSL1",6.37511,6.40231,5.79481
"CTSL2",2.00747,1.55184,1.81928
"CTSL3",1.99344,2.04304,2.18401
"CTSO",3.19196,3.27835,3.41549
"CTSS",4.49662,4.34854,4.2768
"CTSW",3.15834,3.32626,2.94741
"CTSZ",4.66508,4.94083,4.44275
"CTTN",5.66637,5.32794,5.19989
"CTTNBP2",3.09878,2.3262,2.69107
"CTTNBP2NL",4.39508,4.805,3.89812
"CTU1",4.07297,4.14017,4.09929
"CTU2",3.76427,3.71858,3.78242
"CTXN1",4.99909,4.85532,4.44318
"CTXN3",1.96957,1.5279,1.36944
"CUBN",2.79856,2.33398,2.22865
"CUEDC1",3.92223,3.66772,3.44107
"CUEDC2",3.91566,4.06233,4.18439
"CUL1",4.66709,4.84955,4.01016
"CUL2",3.89098,3.7604,3.35966
"CUL3",4.54467,4.77785,4.19722
"CUL4A",4.49694,4.43586,4.14408
"CUL4B",4.38435,4.8477,4.4297
"CUL5",3.0195,3.82033,3.3164
"CUL7",3.17804,3.2987,3.12567
"CUL9",3.46603,3.74444,3.49266
"CUTA",5.14844,4.89828,4.95717
"CUTC",2.81538,2.84168,2.94084
"CUX1",4.38851,4.36221,3.97299
"CUX2",4.37993,4.03609,3.81399
"CUZD1",1.76214,1.40746,1.82493
"CWC15",3.68852,3.47896,3.1484
"CWC22",3.33106,3.30861,2.65275
"CWC25",4.17887,3.84081,3.55667
"CWC27",3.61493,3.95674,3.31412
"CWF19L1",3.03458,2.98397,2.95643
"CWF19L2",3.36301,4.00967,3.10524
"CWH43",3.61922,3.30415,3.50127
"CX3CL1",4.10712,4.0254,3.85327
"CX3CR1",1.94817,3.08574,2.187
"CXADR",3.94282,3.99125,4.43368
"CXCL1",4.23073,4.03806,4.22749
"CXCL10",1.7639,1.64698,1.83915
"CXCL11",1.52336,1.59787,1.54941
"CXCL12",4.32177,4.62668,3.80614
"CXCL13",1.98809,1.98167,1.7237
"CXCL14",2.80063,2.93904,3.42363
"CXCL16",4.23126,4.51741,3.51421
"CXCL17",3.66255,2.55079,2.84389
"CXCL2",6.09161,3.54346,5.24152
"CXCL3",3.2965,3.47155,3.41259
"CXCL5",4.51765,4.03558,4.25526
"CXCL6",2.24103,2.17832,2.0509
"CXCL9",1.97753,2.49788,2.66823
"CXCR1",2.05324,1.93511,2.15388
"CXCR2",1.97006,1.46874,2.54672
"CXCR3",3.48124,3.5933,3.74656
"CXCR4",5.0382,3.31462,4.71007
"CXCR5",2.2162,1.99404,2.51211
"CXCR6",2.01424,1.89329,2.17111
"CXCR7",2.34629,2.12,1.98427
"CXXC1",3.35662,3.35261,3.00592
"CXXC1P1",2.2361,2.15862,2.44897
"CXXC4",2.2743,2.11221,1.9651
"CXXC5",4.43041,4.81047,4.88561
"CXorf1",1.57669,1.42786,2.20935
"CXorf18",4.29175,4.2163,4.62188
"CXorf19",1.66972,1.53959,1.66602
"CXorf21",1.28397,1.47721,1.99888
"CXorf22",2.01548,1.4514,1.36171
"CXorf23",3.50618,3.92865,3.71065
"CXorf24",2.48631,2.14806,2.66485
"CXorf26",3.16745,3.68508,3.56568
"CXorf27",2.41367,1.8375,2.3861
"CXorf36",1.943,2.42569,2.45269
"CXorf38",2.22194,2.30196,2.45355
"CXorf40A",3.7465,3.59794,3.17679
"CXorf40B",3.76826,2.53328,3.38073
"CXorf41",1.53814,1.92453,1.46079
"CXorf48",2.91342,3.34331,3.22689
"CXorf56",3.12744,2.9966,2.18753
"CXorf57",1.56844,1.93032,1.86399
"CXorf58",1.48587,1.39167,1.59387
"CXorf59",1.78728,2.15647,1.73002
"CXorf61",1.98607,2.31179,2.41909
"CXorf64",1.49851,2.08457,2.17223
"CXorf65",2.06394,2.39999,2.36596
"CXorf66",1.37149,1.46188,1.36812
"CXorf67",4.42785,4.20687,4.41057
"CYB561",4.22546,3.6174,3.61175
"CYB561D1",3.56231,2.83895,3.145
"CYB561D2",3.92202,3.24764,3.04529
"CYB5A",6.12823,5.76389,5.48977
"CYB5B",2.98775,2.6964,3.11135
"CYB5D1",5.12507,4.69472,5.47021
"CYB5D2",3.56891,4.16233,4.15847
"CYB5R1",5.53183,4.54613,4.04814
"CYB5R2",3.10304,3.38814,4.00473
"CYB5R3",5.59202,5.46287,5.36651
"CYB5R4",2.29839,2.62172,2.53926
"CYB5RL",2.94669,2.66318,2.85501
"CYBA",3.49629,3.43489,3.24149
"CYBASC3",3.59142,3.32364,3.82047
"CYBB",2.91155,3.56834,3.40349
"CYBRD1",4.38881,4.99384,4.36659
"CYC1",3.94395,4.06586,3.85397
"CYCS",5.01849,4.42443,4.2607
"CYFIP1",3.69278,3.93625,3.66639
"CYFIP2",3.18004,3.15662,3.34206
"CYGB",4.37364,4.06527,4.17696
"CYHR1",3.49356,3.97847,3.14494
"CYLC1",2.00318,1.87295,2.13649
"CYLC2",1.62851,1.39626,1.20652
"CYLD",2.6873,3.08598,2.5588
"CYP11A1",2.4288,1.94344,2.09699
"CYP11B1",2.83445,2.19527,2.78663
"CYP11B2",2.5167,2.43602,2.87754
"CYP17A1",2.48836,1.93301,2.48376
"CYP19A1",1.64028,1.52531,1.58577
"CYP1A1",2.46618,1.83594,2.38291
"CYP1A2",2.57474,3.06247,3.33182
"CYP1B1",3.53567,2.62276,2.82131
"CYP20A1",3.55002,3.82819,3.42349
"CYP21A2",2.72987,2.79023,3.11028
"CYP24A1",1.62096,1.51897,1.68901
"CYP26A1",2.4771,2.16626,2.06862
"CYP26B1",2.58345,2.20197,2.37747
"CYP26C1",3.49383,3.33586,3.52125
"CYP27A1",3.38059,4.05511,3.16377
"CYP27B1",2.74564,2.27988,2.57174
"CYP27C1",1.47283,2.00119,1.92735
"CYP2A13",2.69588,2.74512,2.62632
"CYP2A6",3.23468,3.19644,3.02283
"CYP2A7",3.08965,3.39994,3.38252
"CYP2B6",2.14275,1.85853,1.92732
"CYP2B7P1",1.87011,1.93094,1.51354
"CYP2C18",1.85742,2.2687,1.75335
"CYP2C19",1.49282,1.44033,1.62153
"CYP2C8",1.79241,1.89559,1.4942
"CYP2C9",1.96032,1.48717,2.02665
"CYP2D6",4.95594,5.0178,5.24482
"CYP2D7P1",4.42136,2.77493,3.53569
"CYP2E1",3.64182,3.451,4.01454
"CYP2F1",2.81299,2.65758,3.40245
"CYP2G1P",1.90405,2.0441,2.20046
"CYP2J2",2.13445,2.26653,2.30697
"CYP2R1",1.32529,2.02711,2.03898
"CYP2S1",4.56313,4.65254,4.52955
"CYP2U1",3.84201,3.88079,4.01494
"CYP2W1",3.6919,3.75902,3.63765
"CYP39A1",3.22481,3.03142,3.08584
"CYP3A4",1.45309,1.78385,1.31942
"CYP3A43",1.81756,1.92617,2.59723
"CYP3A5",2.98646,3.39957,4.5027
"CYP3A7",2.00944,2.24369,2.60857
"CYP46A1",3.87072,3.6465,4.01853
"CYP4A11",3.15809,3.18381,2.61087
"CYP4A22",2.96696,2.56222,2.93641
"CYP4B1",3.26799,3.55922,3.35876
"CYP4F11",2.26001,1.98139,2.75929
"CYP4F12",3.06658,3.36795,2.8106
"CYP4F2",1.58079,1.54742,1.92597
"CYP4F22",2.35123,2.79642,2.69083
"CYP4F3",1.95687,1.77768,1.84604
"CYP4F8",2.42138,3.27143,2.67114
"CYP4V2",3.57791,3.93678,3.29799
"CYP4X1",3.06201,2.96094,2.66748
"CYP4Z1",3.07797,2.36416,2.83817
"CYP4Z2P",2.40304,2.60834,1.5373
"CYP51A1",2.43013,3.75561,3.90378
"CYP7A1",1.87833,1.8651,1.89335
"CYP7B1",3.85694,3.86932,4.35717
"CYP8B1",1.60072,1.74657,1.68272
"CYR61",6.3047,3.51907,5.61201
"CYS1",4.75941,4.31716,4.11301
"CYSLTR1",1.66656,1.84009,1.57077
"CYSLTR2",1.63856,2.0728,2.16764
"CYTB",11.9585,11.9801,11.6339
"CYTH1",4.82852,4.04631,4.96317
"CYTH2",4.92687,4.97119,4.64393
"CYTH3",2.89198,3.17222,2.6631
"CYTH4",3.44223,3.61862,3.27509
"CYTIP",1.7879,1.92634,2.01875
"CYTL1",4.23594,5.05439,4.68317
"CYYR1",3.01471,2.87126,2.90346
"CYorf15A",3.99848,4.76502,4.4359
"CYorf15B",3.31276,4.43048,4.04948
"D2HGDH",4.82994,4.4457,4.76226
"D4S234E",2.55047,2.80811,2.34653
"DAAM1",3.73097,4.50496,4.06041
"DAAM2",3.7855,3.37135,3.02592
"DAB1",2.64644,2.60604,3.30569
"DAB2",4.54343,4.64931,4.39974
"DAB2IP",3.41664,3.80317,3.42846
"DACH1",4.32597,4.26052,4.09063
"DACH2",3.19347,3.01396,2.95706
"DACT1",3.69656,3.69004,3.38421
"DACT2",3.86843,3.21891,4.06984
"DACT3",4.33859,4.37489,3.57155
"DAD1",4.73247,5.19277,4.83418
"DAG1",3.53202,3.11373,3.61751
"DAGLA",2.8014,2.86734,2.86272
"DAGLB",2.63055,2.35984,2.32179
"DAK",3.85994,3.66225,3.79344
"DALRD3",4.82653,4.66575,4.90862
"DAND5",2.86693,3.05037,2.69901
"DAO",2.15091,2.49724,2.44097
"DAOA",1.70896,1.85953,1.62695
"DAP",4.86703,4.91344,5.30795
"DAP3",3.46319,4.35601,4.28223
"DAPK1",2.88703,3.49264,3.40156
"DAPK2",4.49961,4.69227,4.43244
"DAPK3",3.04046,2.99375,3.22835
"DAPL1",2.89578,3.20504,3.08413
"DAPP1",1.85089,1.94876,2.29423
"DARC",4.08449,3.90722,4.17005
"DARS",5.06483,4.4944,4.94435
"DARS2",4.05085,3.37891,4.04061
"DAXX",4.17302,4.23915,4.34344
"DAZ1",2.10812,1.8095,2.15407
"DAZ2",2.24231,1.95858,2.25108
"DAZAP1",4.37278,4.34656,4.19738
"DAZAP2",5.86604,5.74426,5.5251
"DAZL",2.34645,1.85399,1.93468
"DBC1",2.66652,3.38009,2.57791
"DBF4",1.54681,1.47996,1.21527
"DBF4B",2.65786,2.89939,2.90972
"DBH",3.45748,2.79707,3.74284
"DBI",6.10036,6.04711,6.60763
"DBN1",4.13196,4.66015,4.33911
"DBNDD1",4.62071,4.90418,4.83721
"DBNDD2",4.09787,4.19677,3.59489
"DBNL",4.40975,4.77703,4.07159
"DBP",3.64239,4.23834,3.83867
"DBR1",1.75541,1.7471,1.74981
"DBT",2.25783,2.6336,3.64501
"DBX1",2.15484,2.33605,2.42785
"DBX2",1.91106,1.73497,1.98198
"DCAF10",3.515,4.64102,3.62814
"DCAF11",3.83476,4.17645,4.16891
"DCAF12",4.66314,4.71614,4.68573
"DCAF12L1",2.51272,2.68181,3.07684
"DCAF12L2",2.65814,2.78496,2.55123
"DCAF13",3.3971,3.15794,3.31282
"DCAF15",3.4041,3.29217,3.76376
"DCAF16",4.48829,4.84084,4.19808
"DCAF17",2.28186,2.91433,2.5392
"DCAF4",2.25781,2.40167,2.40749
"DCAF4L1",2.0984,2.05114,1.54092
"DCAF4L2",3.31626,2.37592,2.72254
"DCAF5",3.37167,3.58099,4.0112
"DCAF6",5.53578,5.90242,5.60265
"DCAF7",4.38543,4.29286,4.65331
"DCAF8",4.87881,5.07718,4.59679
"DCAF8L1",1.85062,2.18175,2.06018
"DCAKD",4.54706,4.33486,4.36504
"DCBLD1",3.07945,3.40872,2.96295
"DCBLD2",3.78876,4.91104,4.08106
"DCC",2.22674,2.1649,2.20562
"DCD",4.26512,3.98108,4.25904
"DCDC1",1.44266,1.7296,1.68328
"DCDC2",2.06424,2.14157,2.23195
"DCDC5",1.87555,1.89108,1.87314
"DCHS1",3.37501,3.74077,4.21979
"DCHS2",2.0208,2.14515,2.40759
"DCI",3.97872,3.64763,4.00919
"DCK",2.6192,3.17738,2.39257
"DCLK1",2.43741,2.24848,2.20384
"DCLK2",2.14697,2.80732,2.3185
"DCLK3",1.99194,1.79434,1.9359
"DCLRE1A",1.95563,1.79808,1.94653
"DCLRE1B",2.39459,2.3307,2.04588
"DCLRE1C",2.13756,2.15692,2.05373
"DCN",6.44646,7.57889,5.89168
"DCP1A",4.10363,4.60693,4.15761
"DCP1B",3.45299,3.35195,3.70318
"DCP2",4.66997,4.51624,4.28074
"DCPS",3.34845,3.37032,3.05265
"DCST1",3.344,3.21683,3.09873
"DCST2",3.04236,3.36405,3.38727
"DCT",1.98753,1.99357,1.90654
"DCTD",4.27724,4.46085,3.99743
"DCTN1",4.73368,5.03547,4.25592
"DCTN2",3.6447,4.85786,3.9381
"DCTN3",4.11085,4.68398,4.50387
"DCTN4",3.86801,3.98876,3.31071
"DCTN5",4.42722,4.23775,4.36428
"DCTN6",2.83623,2.57304,2.17987
"DCTPP1",4.33629,4.40417,4.33732
"DCUN1D1",3.17725,3.6622,3.28443
"DCUN1D2",1.87323,2.06093,1.74566
"DCUN1D3",4.49915,3.17666,3.41383
"DCUN1D4",3.4998,4.54719,3.58901
"DCUN1D5",3.52791,3.52274,3.43452
"DCX",1.76194,2.01211,2.37561
"DCXR",5.57872,5.86453,5.65728
"DDA1",5.88515,6.34538,6.53012
"DDAH1",4.66011,4.08385,5.08531
"DDAH2",4.83243,4.97729,4.43286
"DDB1",4.26931,5.00925,3.92202
"DDB2",3.37769,4.34527,3.75016
"DDC",2.43917,2.34389,2.60119
"DDHD1",2.82027,4.15861,3.55469
"DDHD2",3.84213,4.18997,3.7761
"DDI1",1.75407,1.68971,1.57385
"DDI2",3.4633,4.57158,3.88278
"DDIT3",4.06021,5.12775,4.67295
"DDIT4",3.66907,4.0914,4.26505
"DDIT4L",2.22511,2.59249,2.57395
"DDN",3.41778,3.09502,3.54228
"DDO",2.47363,2.40097,2.93912
"DDOST",4.93959,5.05595,5.06151
"DDR1",4.81247,5.02931,5.23507
"DDR2",3.18989,4.37524,3.915
"DDRGK1",4.47118,4.95758,4.62231
"DDT",4.81157,5.14863,5.52131
"DDX1",3.44923,3.8704,3.60588
"DDX10",3.33035,2.96217,3.71939
"DDX11",4.19689,4.84166,4.75949
"DDX11L2",2.47927,2.87078,2.71971
"DDX12",3.92427,4.52087,4.17332
"DDX17",7.31701,7.77466,7.27846
"DDX18",4.0288,4.28404,4.78677
"DDX19A",3.41574,3.18027,4.03926
"DDX19B",5.10207,4.6801,5.28858
"DDX20",2.73109,2.9058,2.88727
"DDX21",4.36666,3.57778,3.40937
"DDX23",4.02876,3.63717,3.73852
"DDX24",5.98861,5.38865,6.0792
"DDX25",1.76961,1.83541,2.34836
"DDX26B",2.44754,2.95174,2.77317
"DDX27",4.09055,4.34013,4.23152
"DDX28",2.08044,2.28079,2.42778
"DDX31",3.1133,3.53693,3.46505
"DDX39",3.65444,4.19831,3.91911
"DDX3X",5.89373,5.25528,5.34239
"DDX3Y",4.33015,4.64076,4.00443
"DDX4",1.89281,2.07361,1.97691
"DDX41",3.71451,4.16407,3.92286
"DDX42",4.92937,5.3943,4.72373
"DDX43",1.5695,1.87538,1.92109
"DDX46",4.32891,5.43694,5.13151
"DDX47",3.55886,4.24865,4.02782
"DDX49",3.97564,3.92743,3.9957
"DDX5",7.72076,7.87278,7.52053
"DDX50",4.06643,4.2634,3.91018
"DDX51",3.79335,4.00672,3.95202
"DDX52",3.18666,3.85736,3.54378
"DDX53",1.33202,1.53921,1.7106
"DDX54",4.35324,3.94704,4.5341
"DDX55",3.32224,3.81583,3.18881
"DDX56",3.88987,3.92547,3.73602
"DDX58",4.98133,3.11704,3.43989
"DDX59",3.14253,2.65136,2.67108
"DDX6",6.10246,6.25533,5.29107
"DDX60",3.04056,2.68991,2.68274
"DDX60L",3.26618,2.58377,1.98108
"DEAF1",4.38111,4.40261,4.78082
"DEC1",2.15801,1.87632,1.77368
"DECR1",3.8258,3.85331,4.03447
"DECR2",3.66582,3.55705,3.37123
"DEDD",4.76524,4.48121,4.26862
"DEDD2",4.23806,4.20041,4.16306
"DEF6",3.97241,4.06221,4.09463
"DEF8",2.80975,2.94105,2.88543
"DEFA3",2.55296,2.34254,2.5384
"DEFA4",1.98212,1.83076,1.8335
"DEFA5",2.68977,2.16301,3.20838
"DEFA6",2.95008,2.67379,2.93786
"DEFB1",2.63577,2.05224,1.89443
"DEFB103A",2.24485,1.95388,2.50554
"DEFB104A",1.74713,1.95511,1.81758
"DEFB105A",1.89448,2.24371,1.99652
"DEFB106A",2.34805,1.97243,2.27819
"DEFB107A",1.56346,1.61724,1.35759
"DEFB108B",2.42256,2.85861,2.61852
"DEFB109P1B",4.78211,6.7233,4.71018
"DEFB110",1.32158,1.5204,1.19747
"DEFB112",1.50003,1.51326,1.68399
"DEFB113",2.19725,2.23686,2.42259
"DEFB114",1.43477,1.15608,1.35742
"DEFB115",2.69453,2.875,3.28479
"DEFB116",1.51685,1.81649,1.70242
"DEFB118",2.33272,2.27428,2.42969
"DEFB119",1.59619,1.57188,1.63475
"DEFB121",3.10461,2.88354,3.05375
"DEFB123",2.83631,3.11729,3.08521
"DEFB124",4.12624,3.89026,4.32857
"DEFB125",2.18027,1.84352,1.93445
"DEFB126",2.15952,2.30363,2.64417
"DEFB127",1.26675,1.37535,1.39638
"DEFB128",1.41886,1.56036,1.33101
"DEFB129",1.80976,2.19589,1.84057
"DEFB130",2.94361,2.76303,2.47
"DEFB131",2.33231,2.89011,2.74752
"DEFB132",3.65742,3.1421,3.8915
"DEFB133",1.75751,1.85494,1.69168
"DEFB134",1.83018,2.16443,3.42175
"DEFB135",1.10156,1.4423,1.30975
"DEFB136",2.19458,2.4921,2.6473
"DEFB4A",2.44527,1.82374,2.80878
"DEFT1P",3.90915,3.86837,4.01704
"DEGS1",5.14907,5.33515,5.29721
"DEGS2",5.0929,5.09181,5.04381
"DEK",6.11906,5.7928,5.42578
"DEM1",2.68902,3.24437,2.53952
"DENND1A",3.63122,4.09951,4.06464
"DENND1B",3.09646,2.75896,3.07239
"DENND1C",3.39022,2.68273,2.85065
"DENND2A",3.38373,3.67734,3.56417
"DENND2C",2.66042,2.70386,2.65597
"DENND2D",2.7567,2.86502,2.66597
"DENND3",3.26689,3.18596,3.07897
"DENND4A",3.95237,3.75739,3.47071
"DENND4B",4.36352,4.79906,4.80968
"DENND4C",4.23398,4.45546,4.46697
"DENND5A",4.4325,4.48262,4.13915
"DENND5B",2.50296,2.72562,2.56113
"DENR",3.4278,3.99288,3.68223
"DEPDC1",1.40878,1.7922,1.19923
"DEPDC1B",1.62853,1.49498,1.7789
"DEPDC4",1.04447,1.42886,1.14383
"DEPDC5",3.02158,2.7357,2.96423
"DEPDC6",3.04934,3.07555,2.47993
"DEPDC7",1.46776,1.50361,1.62958
"DERA",2.17229,2.42465,2.31824
"DERL1",3.45626,3.43921,3.6671
"DERL2",4.13504,4.67656,4.94995
"DERL3",3.79046,4.29521,4.12955
"DES",7.62546,7.47153,6.61054
"DET1",2.40774,2.44028,2.22973
"DEXI",4.13273,4.81262,3.8742
"DFFA",2.65062,3.02144,2.43965
"DFFB",3.23219,3.45357,3.10248
"DFNA5",2.41311,2.56761,2.49762
"DFNB31",4.42804,3.62051,3.85529
"DGAT1",4.28106,4.25758,4.20411
"DGAT2",3.56493,3.65801,3.62643
"DGAT2L6",1.72214,1.6414,1.35003
"DGCR14",3.27477,2.98124,3.34857
"DGCR2",4.59785,4.37962,4.35971
"DGCR5",3.53982,3.22563,3.05172
"DGCR6",1.98237,2.93532,2.25529
"DGCR6L",4.19858,4.55301,4.45616
"DGCR8",4.16702,4.69754,4.40392
"DGKA",3.13132,3.8214,3.39393
"DGKB",1.20194,1.84622,2.01942
"DGKD",4.25807,4.13984,4.12549
"DGKE",2.72778,2.99027,2.43991
"DGKG",2.90514,2.76056,2.80381
"DGKH",2.41031,2.46171,2.5063
"DGKI",2.65535,2.44507,2.22145
"DGKK",2.30633,2.22517,1.99441
"DGKQ",4.33638,4.23189,4.67923
"DGKZ",4.22586,4.06943,4.48835
"DGUOK",3.66782,3.20982,3.75456
"DHCR24",5.86006,5.55951,5.79493
"DHCR7",3.97731,3.35764,3.70751
"DHDDS",3.52623,3.90968,3.22523
"DHDH",3.55575,2.81287,3.4229
"DHDPSL",2.9109,2.84313,3.17927
"DHFR",2.36229,2.52301,2.16723
"DHFRL1",2.77134,3.26055,3.21
"DHH",3.00596,3.17513,2.90388
"DHODH",3.38804,3.70542,3.38061
"DHPS",3.52132,3.58888,3.79545
"DHRS1",3.8596,3.86373,4.66957
"DHRS11",3.3562,2.55907,3.37981
"DHRS12",3.19094,3.31524,3.37603
"DHRS13",3.67288,3.44859,3.05822
"DHRS2",2.64551,2.07368,2.71929
"DHRS3",4.18257,4.19351,3.76772
"DHRS4",3.97948,4.09328,3.70068
"DHRS4L2",4.0984,4.30027,4.03913
"DHRS7",6.72911,6.16106,5.60126
"DHRS7B",3.52539,3.14852,3.18662
"DHRS7C",2.72688,2.24819,2.05151
"DHRS9",1.74598,2.06284,2.29418
"DHTKD1",3.8973,3.85143,3.89513
"DHX15",5.92557,5.77993,4.66175
"DHX16",4.47743,3.77117,4.10966
"DHX29",3.68728,3.65536,3.8378
"DHX30",3.72825,3.89871,4.0436
"DHX32",4.44078,4.32775,3.85412
"DHX33",2.85682,3.03938,3.19662
"DHX34",3.52895,3.31634,3.76385
"DHX35",2.08747,2.75368,1.8134
"DHX36",3.41241,3.55892,4.03786
"DHX37",4.89234,4.9611,4.59427
"DHX38",3.29616,3.34756,3.30461
"DHX40",3.5395,4.07347,3.84564
"DHX57",3.55601,4.13935,3.23771
"DHX58",3.25658,2.79203,3.1118
"DHX8",3.4279,3.2608,3.69443
"DHX9",3.92667,4.18243,3.2987
"DIABLO",3.32478,3.20159,3.48271
"DIAPH1",4.37631,3.92238,4.26321
"DIAPH2",2.65486,3.86495,2.79163
"DIAPH3",1.52016,1.54873,1.80083
"DICER1",5.51236,5.69111,5.30305
"DIDO1",3.93791,4.39666,3.94198
"DIMT1L",3.18971,3.2672,3.15796
"DIO1",1.52338,1.90705,3.0169
"DIO2",3.06522,2.7398,2.35818
"DIO3",3.89685,3.35101,3.41946
"DIP2A",3.29046,3.09956,3.34828
"DIP2B",3.6427,3.75146,3.799
"DIP2C",3.88793,3.76373,3.7707
"DIRAS1",5.18404,5.03429,4.99117
"DIRAS2",2.96741,2.7149,2.79555
"DIRAS3",1.86678,1.68351,1.73385
"DIRC1",2.0663,1.88597,2.28594
"DIRC2",3.68789,3.1098,3.66497
"DIS3",3.83062,3.42707,3.75099
"DIS3L",2.87071,3.53251,2.74153
"DIS3L2",4.40583,4.62164,4.22821
"DISC1",3.06979,3.26654,3.10488
"DISP1",2.06792,2.83594,2.42904
"DISP2",4.05641,3.31672,3.64453
"DIXDC1",4.24734,5.21035,4.32141
"DKC1",3.3241,3.52565,3.1438
"DKFZP434F142",3.09972,2.45205,3.12133
"DKFZP434I0714",3.2543,3.15506,2.67504
"DKFZP434K028",3.23707,3.14995,3.50005
"DKFZP434L187",2.47142,2.40223,2.65509
"DKFZP686I15217",3.47101,3.41194,3.62101
"DKFZP779L1853",2.54293,2.00669,2.1266
"DKFZp451A211",3.66533,3.31908,3.38266
"DKFZp686O24166",1.64234,1.42408,1.47974
"DKFZp761E198",4.25633,3.70487,4.18592
"DKFZp761P0212",4.66265,3.83618,4.3373
"DKFZp779M0652",5.1101,5.11843,5.0814
"DKK1",1.8839,1.49658,1.92107
"DKK2",2.1913,2.49126,2.07388
"DKK3",3.92169,3.8078,3.5838
"DKK4",3.14588,2.51271,3.47094
"DKKL1",2.27554,1.91817,2.25674
"DLAT",3.78586,4.20114,4.25395
"DLC1",3.04281,3.0197,2.97264
"DLD",3.77293,4.10036,3.36531
"DLEC1",3.23099,2.85035,3.18672
"DLEU1",2.76255,2.98562,3.37189
"DLEU2",2.49106,3.72991,1.98196
"DLEU2L",1.97581,2.75287,1.68087
"DLEU7",4.7726,4.67713,4.47133
"DLG1",4.38722,4.92417,4.28806
"DLG2",2.89139,2.59803,2.54719
"DLG3",2.92396,3.70468,3.30985
"DLG4",3.78161,3.61721,3.0799
"DLG5",5.42515,5.444,5.19343
"DLGAP1",3.37229,3.87038,3.30718
"DLGAP2",3.01933,2.59952,3.17898
"DLGAP3",3.01757,2.34712,2.7834
"DLGAP4",5.36352,5.20214,5.49702
"DLGAP5",1.48791,1.48167,1.53814
"DLK1",3.46692,3.60653,3.8539
"DLK2",4.74323,4.58159,4.9436
"DLL1",3.3642,3.3945,3.08575
"DLL3",2.77427,2.03144,2.43442
"DLL4",2.84871,2.84544,2.92649
"DLST",4.04202,3.99251,3.68357
"DLX1",4.03422,4.04759,4.25864
"DLX2",3.04588,3.34887,3.30337
"DLX3",2.95276,2.51536,2.70803
"DLX4",3.43912,3.35541,3.17698
"DLX5",3.307,3.14747,3.13735
"DLX6",4.35314,4.33306,4.06354
"DMAP1",3.25475,3.49417,3.50845
"DMBT1",2.80735,2.94446,3.16126
"DMBX1",4.0939,3.9988,4.23896
"DMC1",1.58441,2.29261,1.69804
"DMD",3.90556,3.53956,3.52688
"DMGDH",1.6571,2.01302,2.27986
"DMKN",4.17821,4.19312,4.73713
"DMP1",1.78131,1.69074,2.16316
"DMPK",4.46795,4.7661,4.21446
"DMRT1",2.19439,2.2667,2.26476
"DMRT2",1.8506,1.90561,2.25634
"DMRT3",2.94813,2.34467,3.02237
"DMRTA1",3.24964,3.36602,3.40182
"DMRTA2",2.6595,2.50829,2.31833
"DMRTB1",4.45182,4.338,4.36816
"DMRTC1",3.70457,3.41417,3.55817
"DMRTC2",3.50567,3.78077,4.05026
"DMTF1",4.91847,5.82313,5.08051
"DMWD",3.84415,4.45153,4.4914
"DMXL1",6.55413,5.74334,5.3689
"DMXL2",3.65547,4.09312,3.49059
"DNA2",2.00051,2.03773,2.76778
"DNAH1",3.22379,3.25075,3.21846
"DNAH10",2.15839,1.90941,2.11683
"DNAH11",2.17961,1.76618,1.82365
"DNAH12",1.49964,1.36812,1.41492
"DNAH14",1.9854,1.9129,1.89281
"DNAH17",2.26751,2.10713,2.1393
"DNAH2",2.25625,2.08485,2.43131
"DNAH3",1.61384,1.60746,1.72644
"DNAH5",2.40481,2.50321,2.9986
"DNAH6",2.05164,2.1344,2.15639
"DNAH7",1.83888,2.27071,2.15541
"DNAH8",1.50938,1.67815,1.53252
"DNAH9",2.16748,1.96945,2.05847
"DNAI1",2.09235,2.45362,2.33465
"DNAI2",2.53575,2.67352,3.13302
"DNAJA1",4.72351,4.37966,4.22051
"DNAJA2",3.11899,3.16563,2.94203
"DNAJA3",3.53774,3.88413,4.08633
"DNAJA4",5.0276,4.37551,4.27218
"DNAJB1",4.82804,4.42659,3.95145
"DNAJB11",3.52801,3.72872,3.99215
"DNAJB12",4.11321,3.78584,3.93336
"DNAJB13",2.35787,2.26338,2.53022
"DNAJB14",4.46432,4.5475,3.79758
"DNAJB2",4.07126,4.44987,3.76049
"DNAJB3",2.30375,2.66929,2.68272
"DNAJB4",2.49344,3.14719,2.12982
"DNAJB5",4.03472,3.4798,3.39077
"DNAJB6",4.23828,4.12074,4.3891
"DNAJB7",2.24373,2.87098,2.88724
"DNAJB8",3.31562,3.32105,3.56512
"DNAJB9",3.7045,3.95248,3.44482
"DNAJC1",4.69769,4.94052,4.42643
"DNAJC10",4.40134,3.93173,4.56736
"DNAJC11",3.41709,3.99705,3.7709
"DNAJC12",3.32595,3.17566,3.36672
"DNAJC13",2.80393,3.51654,3.28033
"DNAJC14",2.98377,3.39439,2.92153
"DNAJC15",3.52586,3.97106,3.45797
"DNAJC16",4.41033,4.23612,3.31797
"DNAJC17",3.45485,4.18553,3.62412
"DNAJC18",2.16109,2.63381,2.75121
"DNAJC19",4.45638,3.54078,4.1896
"DNAJC2",4.39101,4.47741,4.3764
"DNAJC21",4.37603,4.3666,4.20622
"DNAJC22",2.48754,2.47296,2.25472
"DNAJC24",2.02277,3.09514,2.33044
"DNAJC25",4.61181,4.40995,4.50408
"DNAJC27",3.67149,2.56448,3.04833
"DNAJC28",1.44604,1.57862,1.48595
"DNAJC3",4.91024,5.29015,4.85474
"DNAJC30",3.948,4.37453,4.03022
"DNAJC4",3.69521,4.36097,3.83173
"DNAJC5",5.23185,4.96257,4.33736
"DNAJC5B",1.4493,1.63635,1.51497
"DNAJC5G",2.41824,1.97497,1.68624
"DNAJC6",1.77701,2.09198,1.88034
"DNAJC7",4.14842,4.36733,4.20695
"DNAJC8",4.37183,4.25895,4.36219
"DNAJC9",3.63892,3.92987,3.64486
"DNAL1",2.30429,3.64221,2.67184
"DNAL4",2.84505,3.46876,3.68702
"DNALI1",4.564,3.84441,4.34914
"DNASE1",3.1664,3.01023,3.85198
"DNASE1L1",3.04475,3.0452,3.04367
"DNASE1L2",3.01102,3.31357,2.95701
"DNASE1L3",1.62056,2.39949,1.63985
"DNASE2",4.15376,3.93816,3.92332
"DNASE2B",2.05696,2.08032,1.91653
"DND1",5.19749,5.32129,6.25834
"DNER",2.22181,2.13757,2.42679
"DNHD1",3.01626,2.87138,2.98157
"DNM1",3.26075,4.5844,3.66519
"DNM1L",4.1713,5.04516,4.77807
"DNM1P35",4.37484,3.61299,4.5179
"DNM1P41",4.35437,4.62681,4.64661
"DNM2",4.52886,4.87488,4.65346
"DNM3",2.25387,2.62966,2.22871
"DNMBP",3.42844,3.38921,2.8747
"DNMT1",3.83032,4.78616,3.73546
"DNMT3A",4.21761,4.24013,4.04205
"DNMT3B",2.52935,2.74279,2.49474
"DNMT3L",3.14745,2.5246,2.85138
"DNPEP",4.22197,3.72838,4.48203
"DNTT",2.10148,1.7697,1.89911
"DNTTIP1",3.32533,3.17357,3.54479
"DNTTIP2",4.68586,2.90332,3.77126
"DOC2A",3.32607,3.5662,3.66956
"DOC2B",3.55708,1.88667,3.00299
"DOCK1",4.66714,4.89025,4.10323
"DOCK10",2.99397,3.74028,3.58506
"DOCK11",1.93506,2.44589,2.18136
"DOCK2",2.56034,2.52122,2.17454
"DOCK3",2.50674,2.51317,2.81827
"DOCK4",4.45255,4.49203,3.78672
"DOCK5",3.36889,4.06269,3.2612
"DOCK6",3.22573,3.58886,3.12142
"DOCK7",3.67489,4.07789,3.21486
"DOCK8",3.24503,3.95945,4.06243
"DOCK9",3.55481,3.6956,3.81964
"DOHH",4.46896,4.51181,4.20364
"DOK1",2.99022,2.98105,2.59483
"DOK2",2.66778,2.80598,2.98267
"DOK3",3.02183,2.75686,3.18879
"DOK4",2.51317,2.9521,2.94778
"DOK5",2.07017,1.9458,2.03851
"DOK6",2.16278,2.03893,2.16624
"DOK7",4.11952,4.07615,4.1414
"DOLK",3.94045,3.75267,3.5878
"DOLPP1",4.07184,3.4228,4.07249
"DOM3Z",4.10486,4.74871,4.66097
"DONSON",2.41169,3.16209,3.0949
"DOPEY1",3.45269,3.65526,3.56528
"DOPEY2",4.38113,4.06207,4.52682
"DOT1L",4.41397,4.67784,4.16479
"DPAGT1",3.09044,2.98485,3.77674
"DPCD",3.7288,4.34311,4.16495
"DPCR1",3.57409,2.84553,3.04168
"DPEP1",3.16645,2.77475,3.28531
"DPEP2",3.41848,3.35001,3.33479
"DPEP3",2.40871,2.50057,2.30004
"DPF1",3.0663,3.34298,2.92826
"DPF2",3.45259,5.30115,4.45145
"DPF3",2.35431,2.3378,2.32451
"DPH1",3.91773,3.42311,4.1056
"DPH2",2.83735,2.62449,3.20025
"DPH3",3.67094,3.86039,3.85536
"DPH3P1",3.61669,2.96262,3.12725
"DPH5",2.02133,2.51255,2.46731
"DPM1",4.20432,3.63989,4.45517
"DPM2",4.18948,3.56886,3.88344
"DPM3",5.23048,5.12688,5.14306
"DPP10",1.90543,1.71462,1.58435
"DPP3",2.96368,2.95004,2.56038
"DPP4",6.79893,5.89669,5.79042
"DPP6",2.56769,2.26272,2.7213
"DPP7",5.12496,5.7369,5.86028
"DPP8",3.10844,3.59558,3.18377
"DPP9",3.26743,3.57421,2.84417
"DPPA2",1.39116,1.31246,1.37005
"DPPA3",2.87146,3.16269,2.70274
"DPPA4",2.34378,1.99214,1.98876
"DPPA5",1.98745,2.24758,2.43431
"DPRX",1.9745,2.22316,2.2244
"DPT",4.89675,4.60159,4.27877
"DPY19L1",1.76581,2.45282,2.44132
"DPY19L2",3.8421,3.74977,3.1608
"DPY19L2P1",2.13168,1.36676,2.13057
"DPY19L2P2",2.26344,1.54722,1.92062
"DPY19L2P4",2.4869,2.89754,1.76864
"DPY19L3",3.04242,3.30095,2.88328
"DPY19L4",2.7766,2.54544,2.5249
"DPY30",5.08941,4.38361,5.00893
"DPYD",3.97085,4.00928,3.55193
"DPYS",2.47529,2.01177,2.17543
"DPYSL2",4.28931,4.70381,4.19204
"DPYSL3",4.85533,4.72237,4.67185
"DPYSL4",3.49108,3.22773,3.48469
"DPYSL5",2.24299,2.25988,2.75953
"DQX1",2.61687,2.3488,2.97476
"DR1",3.75448,3.83775,3.97119
"DRAM1",1.95605,2.45674,2.05606
"DRAM2",2.33701,3.43374,2.59839
"DRAP1",4.9231,5.00005,4.64449
"DRD1",2.08523,1.95407,2.18071
"DRD2",3.68948,3.75726,3.99912
"DRD3",2.59795,2.37018,2.5841
"DRD4",3.62508,3.51735,3.90157
"DRD5",3.52271,3.05186,3.61435
"DRG1",3.52246,3.17545,3.33677
"DRG2",3.52239,3.04778,3.58152
"DRGX",2.59111,2.52088,3.60354
"DROSHA",3.44927,3.7766,3.42821
"DRP2",1.98073,2.58427,2.94107
"DSC1",1.87943,1.94138,1.5913
"DSC2",4.59089,4.0412,4.50974
"DSC3",2.536,2.79969,2.67097
"DSCAM",2.48725,2.08772,2.12082
"DSCAML1",3.17183,3.4576,3.58573
"DSCC1",1.38835,1.86533,1.35482
"DSCR10",2.26019,2.51217,2.92576
"DSCR3",3.8209,3.60444,2.99967
"DSCR4",3.08301,2.77814,2.89446
"DSCR6",3.74365,3.79629,4.22119
"DSCR8",1.42688,1.44989,1.25223
"DSCR9",2.04965,1.78577,2.40518
"DSE",4.58884,4.4629,3.62402
"DSEL",1.9417,1.90174,2.23511
"DSERG1",5.06628,2.78879,3.76754
"DSG1",1.32625,1.75956,1.32624
"DSG2",3.19988,2.93167,3.35107
"DSG3",2.32129,2.12382,1.73533
"DSG4",1.59324,1.55114,1.66278
"DSN1",1.90457,2.00738,1.56318
"DSP",4.95335,4.80956,4.95151
"DSPP",1.88225,1.37995,1.86135
"DST",4.72209,5.52175,4.39847
"DSTN",4.704,5.15507,4.09809
"DSTNP2",3.80859,3.59436,3.39498
"DSTYK",2.74713,3.1945,2.99227
"DTD1",4.32881,4.41796,4.68605
"DTHD1",2.74273,1.55852,1.77529
"DTL",1.90193,1.94303,1.77325
"DTNA",4.06962,4.78002,3.60991
"DTNB",5.37069,5.5319,5.37278
"DTNBP1",3.53087,3.37916,3.73707
"DTWD1",2.17252,2.97707,2.77898
"DTWD2",1.88957,2.57812,2.55676
"DTX1",2.9159,3.32176,3.30366
"DTX2",3.55917,4.28079,4.30219
"DTX3",3.50772,3.84219,3.55152
"DTX3L",3.55045,3.81222,3.2015
"DTX4",4.83293,4.82,4.33466
"DTYMK",2.44838,2.53878,2.68036
"DUOX1",3.71636,3.31701,3.42773
"DUOX2",2.50411,2.76433,2.70688
"DUOXA1",4.70721,4.24757,4.69944
"DUOXA2",1.98287,2.55185,2.46431
"DUPD1",3.72983,3.245,3.82399
"DUS1L",3.97674,3.53465,3.83318
"DUS2L",2.79164,2.88958,3.21993
"DUS3L",3.35132,3.23344,3.26555
"DUS4L",2.54065,2.57597,2.16284
"DUSP1",7.4533,5.43304,7.33959
"DUSP10",3.22409,1.83894,2.62748
"DUSP11",3.39744,4.16752,3.38999
"DUSP12",3.08985,2.95337,3.50736
"DUSP13",3.40053,3.18348,3.43395
"DUSP14",3.7538,3.23605,3.38088
"DUSP15",3.67317,3.39826,3.44745
"DUSP16",5.41228,5.0043,4.58135
"DUSP18",1.69138,1.74825,1.45081
"DUSP19",1.36293,1.62831,2.08117
"DUSP2",4.0388,3.83878,4.3963
"DUSP21",2.06734,2.26773,1.9496
"DUSP22",3.97386,3.19225,3.2474
"DUSP23",4.43706,4.52998,4.18702
"DUSP26",3.56975,3.58581,3.43385
"DUSP27",2.0877,2.21081,2.27409
"DUSP28",3.04724,3.18842,2.93197
"DUSP3",5.27381,5.15547,4.95855
"DUSP4",3.17196,2.63004,2.97675
"DUSP5",5.05004,3.0572,3.33412
"DUSP5P",2.18625,2.58827,2.12893
"DUSP6",3.30374,3.4539,2.81635
"DUSP7",3.54916,3.82739,3.21992
"DUSP8",4.00017,3.30296,3.26393
"DUSP9",4.37425,3.89617,4.30589
"DUT",4.5001,4.41601,4.45854
"DUX4",4.38097,4.8242,4.44254
"DUX4L4",4.08538,4.81042,4.40158
"DUXA",1.66416,1.6699,1.55766
"DVL1",5.02139,4.72511,5.12009
"DVL2",3.67877,4.3305,3.97797
"DVL3",4.0525,4.7937,4.18311
"DYDC1",1.30119,1.14878,1.23711
"DYDC2",2.11294,1.57551,1.81809
"DYM",4.13098,4.66744,3.94495
"DYNC1H1",4.77822,5.61967,4.62801
"DYNC1I1",2.88547,2.58886,2.51516
"DYNC1I2",4.37826,3.38128,2.74476
"DYNC1LI1",3.47363,3.7421,4.19468
"DYNC1LI2",5.68339,5.61484,5.35143
"DYNC2H1",2.7951,2.75347,2.68018
"DYNC2LI1",2.58459,2.67985,2.18837
"DYNLL1",5.09516,5.20402,4.28638
"DYNLL2",5.30866,5.7926,4.85071
"DYNLRB1",4.97119,4.89844,4.98623
"DYNLRB2",2.18239,2.22347,1.95453
"DYNLT1",5.39565,5.99575,4.29953
"DYNLT3",4.32208,3.58615,4.00908
"DYRK1A",3.36607,3.3044,3.25343
"DYRK1B",4.05444,3.8603,3.93384
"DYRK2",3.94028,4.14681,4.27048
"DYRK3",2.1811,1.74833,1.60964
"DYRK4",2.45206,2.69473,2.56789
"DYSF",2.57853,2.62689,2.32165
"DYSFIP1",2.794,2.80633,2.99388
"DYX1C1",2.1686,1.9424,1.92112
"DZIP1",3.52129,4.46598,3.03011
"DZIP1L",2.61087,2.55318,2.36075
"DZIP3",3.03714,3.73578,2.89341
"E2F1",4.44771,4.42692,4.40393
"E2F2",2.83133,2.65336,3.03355
"E2F3",2.39732,2.05497,2.14365
"E2F4",4.16038,4.18986,3.8635
"E2F5",2.73448,2.89992,2.7996
"E2F6",2.34412,2.26843,2.44022
"E2F7",2.21778,2.40228,2.41053
"E2F8",2.38311,2.47386,2.49438
"E4F1",3.78126,3.66874,3.84806
"EAF1",4.53943,3.57984,3.97226
"EAF2",4.25061,5.23376,3.97212
"EAPP",4.5483,4.42983,5.94944
"EARS2",4.0792,4.00674,4.26184
"EBAG9",4.03597,3.78726,3.81185
"EBF1",3.41788,3.88766,3.59973
"EBF2",3.05334,2.13188,2.62734
"EBF3",3.23449,3.39061,3.15121
"EBF4",4.00665,3.80754,3.84952
"EBI3",3.39739,3.15729,3.41252
"EBLN2",3.1175,2.43942,2.54701
"EBNA1BP2",3.86522,3.62924,3.91958
"EBP",3.69392,3.32593,3.20859
"EBPL",3.81289,4.46004,4.81215
"ECD",3.96167,3.89275,4.16582
"ECE1",5.12812,4.47459,4.80637
"ECE2",3.0718,3.40438,3.30426
"ECEL1",2.77127,2.80434,2.86187
"ECEL1P2",3.86449,3.36659,3.4838
"ECH1",4.62096,5.10327,4.75683
"ECHDC1",4.22808,5.20405,4.19504
"ECHDC2",4.52048,5.215,4.81302
"ECHDC3",3.61506,4.47508,3.61296
"ECHS1",4.91915,5.80026,5.15841
"ECM1",4.40668,4.44482,4.02618
"ECM2",3.26448,3.65089,2.79182
"ECRP",3.19572,3.3151,3.06844
"ECSIT",4.35773,4.31084,4.3293
"ECT2",1.63538,1.63895,1.7554
"EDA",2.29946,2.33174,2.53326
"EDA2R",2.16791,2.60288,3.06176
"EDAR",2.45757,2.26801,2.57498
"EDARADD",2.75046,3.11708,3.39079
"EDC3",3.27487,3.41936,3.19582
"EDC4",3.9692,4.22985,3.76689
"EDDM3A",1.23541,1.53776,1.70686
"EDDM3B",1.28905,1.56617,1.64837
"EDEM1",2.56066,2.58209,3.09226
"EDEM2",3.243,3.64551,3.8129
"EDEM3",4.0228,4.15811,3.66232
"EDF1",5.71125,6.4207,5.90253
"EDIL3",1.99195,2.83795,2.64509
"EDN1",3.16484,2.66999,2.83356
"EDN2",3.69004,3.39822,3.37462
"EDN3",3.2149,3.20132,3.36571
"EDNRA",4.42907,4.28869,3.54289
"EDNRB",3.43309,3.30874,2.54492
"EEA1",3.93824,4.79788,4.18887
"EED",3.89522,4.47885,4.21529
"EEF1A1",7.144,7.21699,6.74923
"EEF1A2",3.7806,3.90954,4.23095
"EEF1B2",4.58221,4.37828,4.59145
"EEF1D",4.8941,4.96005,4.43453
"EEF1DP3",3.79095,3.38658,3.44588
"EEF1E1",2.87132,2.4597,3.43352
"EEF1G",5.53931,6.58506,5.32973
"EEF2",6.24655,7.1122,6.55691
"EEF2K",4.81657,4.16213,4.41863
"EEFSEC",3.5725,4.30035,4.22302
"EEPD1",2.98822,2.62721,2.77624
"EFCAB1",1.55072,2.71595,1.73914
"EFCAB2",2.76995,3.56536,2.84804
"EFCAB3",1.58761,1.20378,1.57121
"EFCAB4A",5.42752,5.00277,5.13734
"EFCAB4B",3.3008,2.83605,3.60174
"EFCAB5",1.69107,1.6071,2.05538
"EFCAB6",2.78244,2.78647,2.63312
"EFCAB7",2.00986,2.94361,2.1164
"EFEMP1",3.33698,5.5095,4.05499
"EFEMP2",4.00627,3.91406,3.77329
"EFHA1",4.38943,4.35873,3.73072
"EFHA2",2.93217,3.1841,2.42476
"EFHB",1.90815,1.72358,1.72314
"EFHC1",3.44652,3.52387,3.30125
"EFHC2",2.10449,2.05321,1.95698
"EFHD1",4.02545,3.55112,3.64945
"EFHD2",4.85136,4.51048,4.63725
"EFNA1",4.26193,3.20153,3.91658
"EFNA2",3.74263,3.77069,3.71631
"EFNA3",2.41583,1.79447,1.94447
"EFNA4",3.48311,2.87842,3.34128
"EFNA5",2.9164,2.91757,2.87202
"EFNB1",3.44217,3.64652,3.66473
"EFNB2",5.14059,3.27899,3.55235
"EFNB3",3.05914,2.66532,2.74801
"EFR3A",5.43644,4.72318,4.14859
"EFR3B",3.09766,2.46429,2.77808
"EFS",5.04306,4.95774,5.10634
"EFTUD1",1.57681,1.40452,2.02041
"EFTUD2",4.08323,4.37575,3.88267
"EGF",2.22062,1.66066,2.02405
"EGFL6",1.99921,1.80487,2.06506
"EGFL7",4.43502,4.45275,4.59933
"EGFLAM",2.67933,2.65184,2.8477
"EGFR",3.78711,3.47699,3.40973
"EGLN1",3.72474,4.1849,3.93974
"EGLN2",4.38204,4.38398,3.99641
"EGLN3",3.82093,3.67864,3.94301
"EGR1",9.55213,5.93168,8.8545
"EGR2",5.5741,4.04662,4.62372
"EGR3",4.62076,3.10024,3.58182
"EGR4",3.91212,4.2486,4.10589
"EHBP1",3.51356,3.64153,3.54149
"EHBP1L1",3.21827,3.2426,3.46024
"EHD1",3.05821,3.56428,3.71799
"EHD2",4.29437,4.2704,3.92334
"EHD3",3.18943,2.26208,2.53609
"EHD4",3.36389,3.74728,3.42261
"EHF",5.48818,5.57344,5.51417
"EHHADH",1.67806,2.39447,1.93117
"EHMT1",3.77145,3.91127,4.0219
"EHMT2",3.58453,3.41918,3.28175
"EI24",3.99203,4.12092,3.94897
"EID1",4.98308,5.16048,5.41068
"EID2",5.021,4.53042,4.52853
"EID2B",1.78492,1.52146,2.28706
"EID3",2.95702,2.71895,2.65087
"EIF1",8.18068,8.5707,7.64494
"EIF1AD",2.93268,3.32558,3.48608
"EIF1AX",3.93211,4.28033,4.23416
"EIF1AY",3.50829,3.19312,3.38377
"EIF1B",4.39332,4.93724,3.91821
"EIF2A",4.44187,4.93185,4.52864
"EIF2AK1",4.11171,4.75705,4.67091
"EIF2AK2",4.74408,4.16282,3.57043
"EIF2AK3",4.58258,4.3064,4.28787
"EIF2AK4",4.07134,4.80632,4.20081
"EIF2B1",3.56907,4.91148,4.04641
"EIF2B2",3.55385,3.71933,3.45836
"EIF2B3",3.29907,3.42264,3.18483
"EIF2B4",4.66424,4.76087,4.77438
"EIF2B5",3.74211,4.35178,4.01227
"EIF2C1",4.23415,4.56198,3.49482
"EIF2C2",3.59454,3.43568,3.98137
"EIF2C3",3.78069,4.78188,3.88156
"EIF2C4",3.87672,3.55482,3.79761
"EIF2S1",3.57349,3.63504,3.21187
"EIF2S2",6.32982,5.01586,5.94445
"EIF2S3",5.89032,6.43546,5.95205
"EIF3A",5.70036,6.23712,5.71247
"EIF3B",4.6822,4.26117,4.21086
"EIF3C",6.23462,6.31419,5.64903
"EIF3D",5.43322,5.60674,5.6314
"EIF3E",5.60684,5.93784,5.2869
"EIF3F",5.08959,4.58784,4.49356
"EIF3G",4.96481,5.65174,5.48237
"EIF3H",6.01762,6.15971,5.59564
"EIF3I",5.45089,5.45404,5.17004
"EIF3J",4.48294,4.92358,4.97601
"EIF3K",5.32918,5.38835,5.3022
"EIF3L",5.37554,6.08373,5.58751
"EIF3M",4.33637,4.49051,4.10579
"EIF4A1",4.98802,5.04759,5.14935
"EIF4A2",4.42101,5.24894,4.37871
"EIF4A3",3.89891,3.20634,4.26493
"EIF4B",6.97538,7.51365,6.90644
"EIF4E",3.16241,2.96567,2.68619
"EIF4E1B",4.38987,4.13075,4.33193
"EIF4E2",4.03582,3.78283,3.19626
"EIF4E3",5.13566,4.55521,4.49641
"EIF4EBP1",3.56476,3.2637,3.62876
"EIF4EBP2",5.45278,5.89373,5.20589
"EIF4ENIF1",4.45923,4.70311,4.42916
"EIF4G1",5.03491,4.75955,4.7939
"EIF4G2",6.5039,6.61267,6.40514
"EIF4G3",4.85215,5.09058,4.83451
"EIF4H",5.79017,6.52573,5.20549
"EIF5",4.33394,3.14448,2.9514
"EIF5A",4.36097,3.86745,4.55848
"EIF5A2",2.44882,2.72435,2.86019
"EIF5AL1",5.09644,5.24325,4.78766
"EIF5B",4.705,4.62765,4.79508
"EIF6",4.18638,3.90297,4.02387
"ELAC1",2.9907,3.42382,3.32615
"ELAC2",3.87298,4.2104,3.58993
"ELANE",4.81435,4.72037,4.41055
"ELAVL1",4.3831,4.65676,4.60995
"ELAVL2",1.77523,2.24313,2.03905
"ELAVL3",3.03092,2.94698,2.88101
"ELAVL4",1.66938,1.38457,1.63519
"ELF1",5.17529,4.71636,4.68683
"ELF2",4.10192,4.075,4.0801
"ELF3",4.03571,2.8022,3.16164
"ELF4",3.35854,3.9811,3.61164
"ELF5",3.11164,2.89365,3.16821
"ELFN1",2.67292,2.44353,3.04673
"ELFN2",4.16293,3.62578,3.9991
"ELK1",4.51898,4.46458,4.25976
"ELK3",4.45653,4.95948,4.76346
"ELK4",5.55021,6.01627,6.00168
"ELL",4.01372,3.55391,3.99247
"ELL2",6.50585,4.75753,6.30244
"ELL3",2.678,2.33194,2.70878
"ELMO1",2.50143,3.70738,2.86526
"ELMO2",4.17061,3.49555,3.85968
"ELMO3",3.02838,2.54915,3.26832
"ELMOD1",2.02336,1.69443,1.89036
"ELMOD2",1.52975,2.44621,2.10554
"ELMOD3",3.05519,3.62503,3.80933
"ELN",4.87893,5.62987,4.93083
"ELOF1",3.49135,3.39648,3.40861
"ELOVL1",3.62416,3.60647,3.96519
"ELOVL2",3.66658,2.8063,3.24545
"ELOVL3",2.11339,1.77672,1.99878
"ELOVL4",2.00625,2.22389,2.13438
"ELOVL5",5.94417,5.74071,5.72882
"ELOVL6",1.63938,1.39219,1.34309
"ELOVL7",4.56033,4.46304,4.41731
"ELP1P",2.34656,2.30915,2.35801
"ELP2",3.72318,4.52668,3.96913
"ELP2P",3.0063,2.79534,3.52674
"ELP3",3.93378,4.03109,3.84219
"ELP4",1.84848,2.14162,1.74164
"ELSPBP1",1.92294,2.15518,1.71406
"ELTD1",2.89316,3.5942,2.15303
"EMB",3.08822,3.35249,3.4906
"EMCN",2.85695,2.42337,2.96691
"EMD",4.21385,4.41522,4.06317
"EME1",2.47983,2.43016,2.29509
"EME2",4.91946,4.5264,5.06308
"EMG1",3.70548,4.00772,4.18902
"EMID1",4.012,4.132,4.32101
"EMID2",4.18575,3.93831,4.48338
"EMILIN1",3.97421,4.45491,4.70194
"EMILIN2",3.42647,3.20765,3.44825
"EMILIN3",3.29249,4.06377,3.88583
"EML1",3.43963,3.83628,2.98609
"EML2",3.04498,3.6257,3.23943
"EML3",2.56253,2.98016,2.87737
"EML4",4.04858,4.23026,3.8336
"EML5",2.29972,2.72387,2.62878
"EML6",2.90692,1.98888,2.92232
"EMP1",6.10781,2.73404,3.54213
"EMP2",5.12759,5.39232,4.85766
"EMP3",3.60093,4.47114,4.00133
"EMR1",1.85984,1.5838,1.71014
"EMR2",2.67109,2.66651,2.7713
"EMR3",1.81557,1.81494,1.76056
"EMR4P",2.47116,2.27457,2.4568
"EMX1",4.34902,4.19405,3.87966
"EMX2",2.05374,1.85537,2.16602
"EN1",3.83911,4.13398,3.76513
"EN2",3.53432,3.12875,3.29542
"ENAH",4.94916,5.32748,5.26914
"ENAM",1.96874,2.92448,2.38815
"ENC1",2.71428,2.98501,2.89073
"ENDOD1",5.51865,5.32836,4.91882
"ENDOG",4.61561,4.25211,4.57318
"ENDOU",2.00697,1.94139,2.47757
"ENG",4.58421,4.72795,4.56506
"ENGASE",3.42519,3.52271,3.32947
"ENHO",3.90904,3.52911,3.94146
"ENKUR",1.82148,1.77187,1.51231
"ENO1",4.51723,5.06773,3.74327
"ENO2",3.05466,3.13667,3.16457
"ENO3",2.31496,2.22876,2.23288
"ENO4",1.814,1.80417,2.50831
"ENOPH1",4.00817,4.50138,4.95645
"ENOSF1",4.4414,3.963,4.82201
"ENOX1",3.1076,2.74848,3.26783
"ENOX2",2.12106,2.38075,2.59842
"ENPEP",2.41045,2.51574,2.5748
"ENPP1",2.94246,3.20251,2.85358
"ENPP2",3.35884,4.19541,2.65235
"ENPP3",2.49049,2.26915,2.42342
"ENPP4",3.82689,4.20562,4.0618
"ENPP5",2.86219,3.30963,3.10447
"ENPP6",1.97579,1.64943,1.49777
"ENPP7",3.30028,2.77211,2.55982
"ENSA",3.80954,2.92723,3.08081
"ENTHD1",1.57259,1.41931,1.56781
"ENTPD1",3.24418,3.75622,2.98771
"ENTPD2",4.08905,4.02289,3.81298
"ENTPD3",2.34049,3.27818,2.23726
"ENTPD4",4.61585,4.05279,3.96015
"ENTPD5",3.97845,3.67416,4.19958
"ENTPD6",5.08895,5.16595,4.9359
"ENTPD7",3.31475,3.45743,3.58105
"ENTPD8",4.39888,3.52835,4.35072
"ENY2",5.11076,5.01265,3.92286
"EOMES",3.23761,3.37607,3.5696
"EP300",5.96996,5.6877,5.74161
"EP400",4.19189,3.94523,3.60197
"EP400NL",4.09762,4.56551,4.5257
"EPAG",2.72934,2.67488,2.88396
"EPAS1",5.75761,6.04373,5.52247
"EPB41",3.1416,3.50054,3.17834
"EPB41L1",3.33789,3.61334,3.3474
"EPB41L2",3.44278,3.95792,2.845
"EPB41L3",2.80971,3.52221,3.06607
"EPB41L4A",4.08006,3.94433,3.44198
"EPB41L4B",3.33459,3.94283,3.49887
"EPB41L5",3.45813,3.74058,3.3844
"EPB42",2.37065,2.72135,2.41125
"EPB49",4.3334,4.26527,4.43807
"EPC1",4.21026,4.4706,4.68163
"EPC2",4.73864,4.93915,4.496
"EPCAM",5.60692,4.55778,4.95482
"EPDR1",5.10552,5.07081,4.61315
"EPGN",1.47155,1.54729,1.33968
"EPHA1",3.50666,3.39857,3.37596
"EPHA10",2.53932,2.83514,2.82096
"EPHA2",3.27146,3.20889,3.02825
"EPHA3",3.75982,5.26566,4.38362
"EPHA4",3.5397,3.6438,3.66524
"EPHA5",2.18725,2.21413,2.5002
"EPHA6",1.9805,1.9931,1.92688
"EPHA7",3.48911,4.39607,2.83863
"EPHA8",2.77376,2.39946,2.85334
"EPHB1",3.45695,3.10922,3.201
"EPHB2",3.73572,3.39474,3.473
"EPHB3",3.05154,3.19873,3.03983
"EPHB4",3.28252,4.57728,3.55426
"EPHB6",3.82694,4.10943,4.46466
"EPHX1",4.46822,4.66454,4.26531
"EPHX2",4.30659,4.48269,4.01212
"EPHX3",2.41669,2.50272,3.01762
"EPHX4",2.22857,2.03432,2.11418
"EPM2A",1.9908,1.96268,1.85796
"EPM2AIP1",3.08641,4.77783,4.01588
"EPN1",5.09591,5.21797,5.11351
"EPN2",4.89892,4.09396,4.61759
"EPN3",4.38752,4.36295,4.60032
"EPO",3.65693,3.17289,3.58089
"EPOR",3.28025,3.13647,3.64676
"EPRS",3.56949,3.83812,3.73389
"EPS15",4.82702,5.48887,5.32807
"EPS15L1",4.74486,5.38779,4.53054
"EPS8",4.28017,4.51613,3.74876
"EPS8L1",2.88045,2.34613,2.91513
"EPS8L2",4.2092,3.89865,4.94546
"EPS8L3",3.61638,3.48946,4.0495
"EPSTI1",3.27917,2.07327,2.11714
"EPT1",2.2201,2.62153,2.34291
"EPX",2.78304,2.35095,2.56526
"EPYC",2.23833,2.31223,2.34426
"ERAL1",2.47673,3.69107,2.80557
"ERAP1",4.12695,3.7991,2.96501
"ERAP2",2.80303,2.97298,2.70201
"ERAS",3.5862,3.47312,3.80131
"ERBB2",4.38586,4.14048,3.92489
"ERBB2IP",5.49419,5.21126,5.15956
"ERBB3",3.98575,4.21741,3.70589
"ERBB4",2.52062,2.61699,2.75415
"ERC1",4.64834,5.00971,4.29577
"ERC2",2.90259,2.61662,2.43769
"ERCC1",4.25636,4.22868,4.30745
"ERCC2",3.25715,4.09015,4.24338
"ERCC3",2.76287,2.71947,3.02334
"ERCC4",2.06249,2.971,2.61457
"ERCC5",3.67674,3.59431,4.08438
"ERCC6",3.49099,3.70794,3.40737
"ERCC6L",1.50006,2.15126,1.86359
"ERCC8",1.5409,1.95026,1.81967
"EREG",2.26703,2.33818,2.42714
"ERF",6.05794,4.99291,5.20641
"ERG",4.16761,4.35243,4.2143
"ERGIC1",5.99381,5.81985,5.71555
"ERGIC2",3.62051,4.26723,3.33484
"ERGIC3",4.53015,4.70444,4.21817
"ERH",4.67609,5.42668,5.28839
"ERI1",2.85559,2.86408,2.52347
"ERI2",1.88481,2.55013,3.10393
"ERI3",3.98735,3.48559,4.11264
"ERICH1",4.98986,5.71011,4.8704
"ERLEC1",5.4577,5.27078,5.5214
"ERLIN1",3.02637,3.46678,3.31279
"ERLIN2",3.21845,2.75734,3.1912
"ERMAP",3.29043,3.3738,3.11328
"ERMN",1.79509,1.35716,1.50214
"ERMP1",3.80365,4.17245,3.48816
"ERN1",4.23018,3.973,4.10029
"ERN2",3.13681,2.75956,3.23508
"ERO1L",2.71528,2.37424,2.36326
"ERO1LB",2.47647,2.52337,2.35988
"ERP27",2.16258,2.47208,2.63632
"ERP29",4.74054,4.75953,4.93924
"ERP44",4.94704,4.86367,4.62159
"ERRFI1",6.34702,3.36404,5.34729
"ERV3",4.78176,4.70263,4.29002
"ERVFRDE1",3.75178,4.53061,3.88678
"ERVWE1",2.43962,2.54361,2.1467
"ESAM",2.06458,2.61317,2.04822
"ESCO1",2.93961,3.08086,2.9178
"ESCO2",1.56906,1.23528,1.33247
"ESD",4.57815,4.31514,4.51821
"ESF1",3.00408,3.01169,3.50511
"ESM1",1.50822,1.91498,1.53414
"ESPL1",2.71011,2.35582,2.46788
"ESPN",3.66087,3.86578,4.01098
"ESPNL",4.00961,3.6048,4.28849
"ESPNP",3.06137,3.4757,4.13049
"ESR1",3.13552,2.30855,2.62768
"ESR2",2.37966,1.78578,2.05085
"ESRP1",4.32144,4.87121,5.17722
"ESRP2",4.29782,4.54925,4.72673
"ESRRA",2.86331,2.85476,2.90953
"ESRRB",2.50047,2.13232,2.49592
"ESRRG",2.21238,2.3217,2.21069
"ESX1",2.2098,1.79626,2.05045
"ESYT1",2.86325,3.71943,2.63367
"ESYT2",5.11309,4.76888,4.59247
"ESYT3",2.11791,2.06371,2.2664
"ETAA1",2.63485,2.75664,2.60171
"ETF1",5.57831,4.50458,4.35155
"ETFA",4.00237,4.63936,4.01027
"ETFB",4.05798,4.1391,4.49699
"ETFDH",2.85495,3.26946,3.01073
"ETHE1",4.56351,3.92764,4.56143
"ETNK1",3.33706,3.36797,3.27597
"ETNK2",2.99114,2.68175,2.88476
"ETS1",4.3282,4.63125,4.08232
"ETS2",6.29275,4.69986,4.35428
"ETV1",1.88922,2.30493,1.79874
"ETV2",2.94789,2.8057,2.89114
"ETV3",4.0578,4.83408,3.91486
"ETV3L",3.3726,3.01041,2.6967
"ETV4",2.48498,3.14318,2.9231
"ETV5",3.61195,4.59321,3.69265
"ETV6",4.93214,4.39805,3.98835
"ETV7",2.47677,2.29908,2.33136
"EVC",3.76496,4.41987,4.11508
"EVC2",2.8991,2.89852,2.53378
"EVI2A",3.02831,2.9973,3.52877
"EVI2B",3.93633,4.49919,4.87765
"EVI5",2.65311,2.56481,2.72111
"EVI5L",3.5689,2.76666,3.2349
"EVL",4.38169,5.34197,4.58076
"EVPL",4.21865,3.55199,4.36328
"EVX1",4.13837,3.35288,3.08249
"EVX2",3.52857,3.58896,3.686
"EWSR1",7.2475,7.03225,7.40766
"EXD1",1.7834,1.65321,2.11178
"EXD2",3.80684,3.52156,3.57472
"EXD3",4.03185,3.76112,4.10345
"EXO1",1.63157,1.88839,1.62693
"EXOC1",3.00706,3.70453,3.14375
"EXOC2",3.30698,3.42371,3.1205
"EXOC3",4.63548,4.7948,4.13926
"EXOC3L",3.0451,3.9561,3.58362
"EXOC3L2",4.60703,4.33962,4.41069
"EXOC4",4.53875,4.7998,4.73377
"EXOC5",2.5141,2.75136,2.79866
"EXOC6",3.17437,2.9442,3.20257
"EXOC6B",3.2277,3.80385,3.00027
"EXOC7",5.67359,5.79172,5.26319
"EXOC8",2.50296,2.89448,2.47816
"EXOG",2.18447,2.97485,2.44863
"EXOSC1",3.48455,3.90077,2.75665
"EXOSC10",5.14757,5.99179,4.87644
"EXOSC2",3.26567,3.58319,4.35662
"EXOSC3",2.55402,3.05422,2.66988
"EXOSC4",4.5062,4.34406,4.21773
"EXOSC5",2.73336,2.76107,2.84684
"EXOSC6",5.34907,5.41397,5.27955
"EXOSC7",3.09318,3.19583,3.57472
"EXOSC8",2.56793,2.68405,2.4555
"EXOSC9",2.88688,2.73744,2.44583
"EXPH5",3.32852,3.71597,3.32047
"EXT1",3.90542,4.58556,3.91605
"EXT2",3.89672,3.95281,3.7297
"EXTL1",2.80279,2.85125,3.01308
"EXTL2",2.74327,2.94744,2.5075
"EXTL3",2.58199,2.5413,2.33812
"EYA1",5.15803,3.30862,3.73247
"EYA2",4.67395,4.01605,4.26148
"EYA3",3.80507,3.87145,3.48709
"EYA4",3.48019,3.49736,2.50239
"EYS",1.91274,1.64216,1.95591
"EZH1",2.97764,4.35754,3.20084
"EZH2",1.94145,2.34998,1.92502
"EZR",6.13826,5.41935,5.53873
"F10",4.57912,4.54466,4.3541
"F11",1.9376,1.93427,2.32061
"F11R",4.89087,4.52946,4.83468
"F12",3.22615,3.0899,3.48716
"F13A1",2.74717,2.56776,2.61049
"F13B",1.7769,1.49498,1.95837
"F2",2.10371,2.16234,2.28446
"F2R",3.72891,3.72181,3.24783
"F2RL1",3.60477,3.10661,3.31077
"F2RL2",2.50245,2.6624,2.2679
"F2RL3",3.07678,3.13567,3.37222
"F3",6.15369,4.64233,5.39649
"F5",2.87052,3.11233,3.00485
"F7",2.88092,2.74648,3.03592
"F8",2.47857,2.6339,2.15441
"F8A1",4.87394,4.91408,4.70349
"F9",1.56068,1.37043,1.31925
"FA2H",3.07916,3.08849,3.08148
"FAAH",3.96581,4.01938,4.14278
"FAAH2",2.67078,2.23881,2.60997
"FABP1",1.85634,1.73608,2.01868
"FABP12",1.54322,1.51572,1.46172
"FABP2",1.69384,1.4654,1.26284
"FABP3",2.96236,3.06968,2.81836
"FABP4",1.16258,1.1982,1.57955
"FABP5",3.89426,3.91844,3.98711
"FABP6",4.73617,4.05251,4.85399
"FABP7",2.46807,1.93731,1.99098
"FADD",4.46617,4.19163,4.41626
"FADS1",3.63596,3.5005,3.73278
"FADS2",4.74025,4.44097,4.40138
"FADS3",4.35622,4.08938,3.74464
"FADS6",4.04059,4.10403,4.71182
"FAF1",4.63223,4.26922,4.09009
"FAF2",3.50089,3.54146,3.15016
"FAH",2.73818,3.11753,3.07049
"FAHD1",2.43475,2.39035,2.43239
"FAHD2A",2.68311,3.36153,3.40236
"FAHD2B",3.81967,3.91606,3.55004
"FAIM",2.1397,2.40424,2.23133
"FAIM2",4.13739,4.52171,4.15323
"FAIM3",2.78466,2.35964,2.51607
"FAM100A",4.64189,4.66523,4.42499
"FAM100B",5.71179,5.19865,5.25897
"FAM101A",3.80687,3.58296,3.37135
"FAM101B",4.0803,4.02696,3.93976
"FAM102A",4.2287,4.0988,3.93581
"FAM102B",2.25969,3.24805,2.3594
"FAM103A1",5.17135,5.03378,4.75417
"FAM104A",5.17272,5.71291,5.89977
"FAM104B",2.13046,2.1773,2.20135
"FAM105A",2.82359,3.56707,2.59927
"FAM105B",3.18477,3.65232,2.67363
"FAM106A",4.64561,4.2077,4.08199
"FAM106C",4.03834,3.8602,3.75283
"FAM107A",4.91616,4.04324,4.10489
"FAM107B",4.37171,3.69957,3.97789
"FAM108A1",4.1303,4.49588,4.57703
"FAM108B1",2.72628,2.76561,2.26682
"FAM108C1",4.1746,4.2682,4.45237
"FAM109A",4.07394,4.15201,4.67465
"FAM109B",4.52981,3.44434,3.75047
"FAM110A",3.6539,3.57321,3.69823
"FAM110B",2.9858,3.30294,3.17008
"FAM110C",4.69002,4.65441,4.55953
"FAM111A",5.63226,5.5985,5.57502
"FAM111B",1.7739,1.72422,2.13294
"FAM113A",4.27872,4.47435,4.39012
"FAM113B",1.84409,1.64462,2.55243
"FAM114A1",4.56244,4.89553,4.47673
"FAM114A2",2.42802,2.49693,3.13952
"FAM115A",2.63479,3.41662,3.06533
"FAM115C",4.25636,4.08687,4.0593
"FAM116A",3.61983,3.69932,3.8278
"FAM116B",4.80583,4.57828,4.99438
"FAM117A",4.13948,4.23253,3.95666
"FAM117B",4.56713,4.08702,4.95254
"FAM118A",4.66492,4.59751,4.74592
"FAM118B",2.91642,3.27123,3.11953
"FAM119A",3.68986,3.50701,3.08265
"FAM119B",2.93468,2.48606,3.1921
"FAM120A",5.29545,5.08675,5.01439
"FAM120AOS",4.9738,5.32819,5.01181
"FAM120B",3.84384,4.49875,2.92707
"FAM120C",3.18708,3.00624,2.69262
"FAM122A",4.0021,4.26568,3.99247
"FAM122B",3.489,3.8035,3.93887
"FAM122C",3.5853,3.82829,2.9495
"FAM123A",2.5642,2.55856,2.57442
"FAM123B",2.77314,3.69976,2.74885
"FAM123C",3.65749,3.32867,3.34748
"FAM124A",3.5465,2.94734,3.44806
"FAM124B",3.79482,3.13037,3.86525
"FAM125A",3.55321,3.16697,3.66628
"FAM125B",3.88532,3.92743,3.80096
"FAM126A",1.95643,2.77656,1.99813
"FAM126B",2.34053,3.46238,2.76974
"FAM127A",6.84633,6.93011,7.01765
"FAM127B",4.83748,5.69252,5.53998
"FAM127C",6.16208,6.18937,6.04833
"FAM129A",5.03216,4.66232,4.1915
"FAM129B",4.74367,4.4926,4.55707
"FAM129C",2.95256,2.88741,2.93442
"FAM131A",3.54978,2.85297,3.64625
"FAM131B",3.4843,2.83799,3.40789
"FAM131C",3.76629,4.17891,4.2693
"FAM132A",4.25104,4.0349,4.43953
"FAM132B",3.30618,3.16551,3.44788
"FAM133A",1.73779,2.05419,1.52291
"FAM133B",7.6307,6.41231,7.01296
"FAM134A",4.2059,4.45878,4.28512
"FAM134B",3.41024,3.46152,3.38802
"FAM134C",3.30682,3.78147,3.31864
"FAM135A",4.95713,5.04887,5.62194
"FAM135B",1.78829,1.89288,2.2028
"FAM136A",3.67255,3.34603,3.03818
"FAM136B",2.80876,2.86479,2.31897
"FAM138A",1.98281,2.04467,2.29488
"FAM138B",1.90825,2.14022,2.23202
"FAM138D",1.72142,1.52258,1.96992
"FAM13A",4.38557,4.958,4.44216
"FAM13B",3.00932,4.01676,2.92567
"FAM13C",4.3395,4.8091,4.47893
"FAM149A",2.59859,2.76039,2.46769
"FAM149B1",3.13561,3.93173,3.72374
"FAM150A",2.33906,2.24226,2.23244
"FAM150B",3.79837,3.46466,4.00892
"FAM151B",2.24097,2.20981,2.9168
"FAM153B",3.97743,4.23513,4.26158
"FAM153C",3.27384,3.81764,3.79337
"FAM154A",1.90984,2.44747,1.8188
"FAM154B",2.13769,1.6097,1.58183
"FAM155B",3.67979,3.44356,3.85693
"FAM156A",4.65801,5.13224,4.36861
"FAM158A",4.58353,3.89249,4.14201
"FAM159A",3.05025,3.08978,2.72405
"FAM159B",2.59663,2.81159,3.22038
"FAM160A1",1.75294,2.29979,2.1233
"FAM160A2",3.71595,4.31595,4.17643
"FAM160B1",3.71328,4.05707,3.86788
"FAM160B2",4.20369,4.28573,3.90438
"FAM161A",2.21331,2.57069,1.8325
"FAM162A",4.20031,4.05883,4.34233
"FAM162B",4.39068,4.26733,4.06265
"FAM163A",2.57741,2.67544,3.26553
"FAM163B",3.07945,2.65072,2.65572
"FAM164A",3.39403,4.38819,3.38104
"FAM164C",2.28999,2.00412,2.31678
"FAM165B",3.25127,3.4749,3.00312
"FAM167A",3.60673,2.67043,3.34345
"FAM167B",3.71774,3.20053,3.97851
"FAM168A",5.56173,5.52573,5.51579
"FAM168B",4.80382,5.08096,4.99672
"FAM169A",2.24615,2.43506,2.65845
"FAM169B",2.05786,2.52088,1.98021
"FAM170A",2.6871,2.47552,2.39974
"FAM170B",4.45283,4.54697,4.75977
"FAM171A1",3.82041,4.11324,4.17326
"FAM171A2",3.29948,3.57245,4.26393
"FAM171B",3.05174,2.92605,3.77375
"FAM172A",4.03195,4.39363,4.34243
"FAM172B",1.60896,1.9032,1.68589
"FAM173A",4.63133,4.20906,4.72752
"FAM173B",2.12324,2.40625,2.58506
"FAM174A",3.60328,3.33891,3.60024
"FAM174B",5.33769,5.62571,4.7754
"FAM175A",1.82685,2.1678,1.90401
"FAM175B",3.8234,4.16285,3.43812
"FAM176A",2.60573,2.78451,2.62021
"FAM177A1",5.84915,5.29291,4.46484
"FAM177B",1.83596,4.11732,1.76244
"FAM178A",2.79211,3.71124,3.12764
"FAM178B",3.04789,3.01824,3.47724
"FAM179A",3.35008,2.7867,3.17457
"FAM179B",3.6904,4.25344,3.56466
"FAM180A",3.10945,2.59813,3.03883
"FAM180B",3.20255,2.58772,3.01006
"FAM181A",2.92564,2.79296,3.40062
"FAM181B",4.0402,3.92575,3.87128
"FAM182A",3.62851,3.14426,3.6663
"FAM183A",2.74617,2.92769,3.47684
"FAM183B",2.33346,1.49321,2.57556
"FAM184A",2.83043,2.42984,2.43448
"FAM184B",3.49987,3.29041,3.07586
"FAM185A",3.01612,3.30136,3.37442
"FAM186A",1.95696,2.1581,1.99838
"FAM186B",2.77432,2.22232,2.15192
"FAM187B",2.38486,2.49494,2.85599
"FAM188A",3.48323,3.49399,3.03417
"FAM188B",3.79267,4.46777,4.14164
"FAM189A1",3.15639,3.21525,3.13977
"FAM189A2",4.65479,3.64447,4.22506
"FAM189B",3.83887,3.66768,3.69218
"FAM18A",2.87504,2.12236,1.99568
"FAM18B2",3.68283,3.31312,3.79432
"FAM190A",2.70323,2.37603,2.742
"FAM190B",5.25866,5.66597,5.38711
"FAM192A",5.29662,5.37154,5.36971
"FAM193A",4.69643,4.57985,4.31602
"FAM193B",4.28905,4.99091,4.1132
"FAM194A",1.54395,1.39733,1.31186
"FAM194B",1.82453,1.93807,1.70348
"FAM195A",4.24643,4.56413,4.75286
"FAM195B",3.94611,3.89347,3.51417
"FAM196A",3.33392,3.47554,3.62591
"FAM198A",2.99397,3.03333,3.39797
"FAM198B",3.37401,3.86804,3.05834
"FAM199X",3.01944,3.14788,2.86878
"FAM19A1",2.28778,3.03832,3.5637
"FAM19A2",2.24213,2.22221,2.35086
"FAM19A3",3.39333,2.89071,3.1216
"FAM19A4",2.18077,2.41725,2.29164
"FAM19A5",4.75868,4.64283,4.6215
"FAM200A",1.96154,2.36094,2.49976
"FAM200B",1.61707,1.79731,2.05766
"FAM201B",5.09435,4.24003,5.21583
"FAM20A",2.61927,3.69344,2.55331
"FAM20B",3.50419,3.64215,3.5851
"FAM20C",4.46517,4.7147,4.38677
"FAM21A",4.98685,5.05158,5.12591
"FAM21B",4.98885,5.11678,5.19772
"FAM21C",4.85107,4.79489,4.88008
"FAM22A",3.82173,3.59312,3.66856
"FAM22F",3.85976,3.24581,3.94474
"FAM22G",3.94749,3.587,4.09657
"FAM23A",1.91842,2.26513,2.14453
"FAM24A",2.22547,2.42021,1.96123
"FAM24B",2.09729,2.06443,2.00445
"FAM25B",4.23182,3.83497,4.51394
"FAM26D",1.41611,1.54043,1.79235
"FAM26E",2.0081,2.51043,2.20147
"FAM26F",2.41683,2.8028,2.29858
"FAM27A",4.06185,4.41013,4.06371
"FAM27C",4.72982,3.97886,4.46789
"FAM27D1",3.01344,4.42871,3.37731
"FAM27E3",3.15126,3.55993,3.56888
"FAM27L",2.95808,2.12975,2.95472
"FAM32A",4.16871,4.19315,3.78159
"FAM35A",3.16062,4.27663,4.30742
"FAM35B",3.34708,3.49703,3.56045
"FAM35B2",3.46884,4.01482,4.13676
"FAM36A",6.07459,5.48603,6.01827
"FAM38A",3.82739,4.17984,4.14067
"FAM38B",3.39554,3.39531,3.23859
"FAM3A",4.64898,5.08544,5.06395
"FAM3B",5.98913,5.91153,5.41412
"FAM3C",4.48481,4.26266,4.54709
"FAM3D",4.35207,4.17394,3.88468
"FAM40A",3.9202,3.57214,3.39228
"FAM40B",2.14033,1.96717,2.12111
"FAM43A",3.86322,3.27986,3.725
"FAM43B",4.88901,4.68166,4.6995
"FAM45A",3.55874,4.10849,3.80002
"FAM45B",1.59236,2.98504,2.16325
"FAM46A",3.45739,3.41206,2.90138
"FAM46B",3.72162,3.23756,3.47879
"FAM46C",4.30002,3.97196,4.56283
"FAM46D",1.35999,1.31736,1.59131
"FAM47A",2.67707,2.08269,2.10207
"FAM47B",1.67504,1.78106,1.75204
"FAM47C",3.04125,2.76943,3.38207
"FAM47E",2.29958,2.29444,1.63989
"FAM48A",4.84982,5.26691,4.12108
"FAM48B2",3.10635,3.81172,2.22271
"FAM49A",3.45549,3.35289,3.61155
"FAM49B",3.77505,3.83888,3.63862
"FAM50A",4.99388,4.43077,4.799
"FAM50B",3.15735,3.45908,3.54645
"FAM53A",4.25947,3.28373,4.04944
"FAM53B",3.83961,3.87566,4.25619
"FAM53C",4.91392,4.5651,4.33094
"FAM54A",1.65987,1.76952,1.90865
"FAM54B",4.10506,4.29627,4.40526
"FAM55A",2.16274,2.31385,2.41173
"FAM55B",2.16315,2.43897,2.35216
"FAM55C",2.65279,3.19632,2.60258
"FAM55D",2.17506,1.96479,1.84305
"FAM57A",4.17855,3.36797,3.23823
"FAM57B",4.06305,3.78913,4.08499
"FAM58A",3.58956,3.50876,3.57982
"FAM58B",3.34505,1.94138,2.76103
"FAM59A",3.62081,3.29281,3.13567
"FAM59B",3.66822,3.62016,3.5082
"FAM5B",1.88092,2.23937,1.41597
"FAM5C",1.88515,2.35406,1.55113
"FAM60A",3.90865,2.34734,3.66363
"FAM63A",3.29895,3.45132,3.65902
"FAM63B",3.66468,3.02155,2.99565
"FAM64A",2.85718,3.19918,3.182
"FAM65A",4.14934,3.96321,3.59543
"FAM65B",1.84609,2.31119,2.657
"FAM65C",2.65603,2.41576,2.55044
"FAM69A",2.48516,2.9336,2.25065
"FAM69B",3.46229,3.99129,3.36366
"FAM69C",2.13097,2.09752,2.08238
"FAM70A",3.60545,2.93076,3.44481
"FAM70B",2.77543,2.35182,2.57677
"FAM71A",2.39127,2.60858,2.57094
"FAM71B",2.07669,1.57252,1.98671
"FAM71C",2.11485,1.95508,1.79433
"FAM71D",2.69724,2.10519,2.32221
"FAM71E2",3.53259,3.39405,3.42725
"FAM71F1",2.795,2.37815,2.83435
"FAM71F2",3.28275,3.2873,3.61079
"FAM72D",1.8788,1.89671,2.27717
"FAM73A",3.56401,4.44196,3.53352
"FAM73B",3.48925,3.48344,3.43582
"FAM74A3",2.24667,1.89917,2.04488
"FAM75A7",3.03022,2.59969,3.05913
"FAM75C1",3.24651,2.31636,2.72999
"FAM75C2",3.05701,2.98809,3.12343
"FAM75D1",2.28131,2.29944,2.00266
"FAM75D4",2.26404,2.06007,2.05023
"FAM75D5",1.7631,2.29154,1.66227
"FAM76A",3.14151,3.95628,3.98348
"FAM76B",3.44321,3.78473,3.39771
"FAM78A",2.65008,3.33848,2.2233
"FAM78B",2.90816,2.64622,3.04751
"FAM81A",2.11647,2.03727,1.99399
"FAM81B",1.76905,1.69712,1.74916
"FAM82A1",1.97138,2.71815,2.58454
"FAM82A2",3.51338,3.21685,3.87874
"FAM82B",3.02182,3.65887,3.06509
"FAM83A",2.90745,2.97222,3.06338
"FAM83B",2.73306,2.75993,2.78303
"FAM83C",2.72859,2.4752,3.11317
"FAM83D",3.24534,2.74723,3.24325
"FAM83E",3.62255,3.50603,3.70525
"FAM83F",3.7968,3.43763,2.78694
"FAM83G",2.12478,1.58973,2.8827
"FAM83H",4.22514,3.94192,4.36977
"FAM84A",4.43146,3.97348,4.29029
"FAM84B",2.95571,2.97284,2.77263
"FAM86A",2.63154,3.2563,2.67174
"FAM86B1",3.95815,4.80097,3.67665
"FAM86C",4.24883,4.45499,4.69154
"FAM86DP",3.3313,3.42002,3.2916
"FAM87A",2.70583,2.34462,2.60125
"FAM89A",2.0516,2.6882,2.43221
"FAM89B",4.52534,4.1223,4.04193
"FAM8A1",4.31044,4.96835,4.34279
"FAM90A1",2.83013,4.19992,3.70149
"FAM90A10",3.04523,3.49585,3.03415
"FAM90A13",3.20255,3.55133,3.04825
"FAM90A18",3.18659,3.53506,2.98187
"FAM90A20",3.12728,3.45591,3.11716
"FAM90A25P",3.23651,3.59118,2.73039
"FAM90A7",3.17768,3.54683,2.89033
"FAM90A8",3.21053,3.55947,3.08144
"FAM91A1",3.28915,3.06277,2.93089
"FAM92A1",5.10389,5.46376,4.87798
"FAM92A2",2.45107,2.1058,2.23133
"FAM92A3",1.52505,1.48748,1.50021
"FAM92B",3.87188,3.85561,4.17267
"FAM95B1",3.1643,2.57968,3.30311
"FAM96A",2.78105,2.89199,3.47213
"FAM96B",5.56499,5.3461,5.13451
"FAM98A",3.76867,3.88554,3.72918
"FAM98B",2.52759,2.67306,2.50003
"FAM98C",3.97873,4.24746,3.78772
"FAM99A",2.49539,1.71813,3.24628
"FAM9A",1.53606,1.13706,1.33758
"FAM9B",1.88824,2.04433,1.74005
"FAM9C",1.2481,1.54937,1.55426
"FAN1",3.3242,3.60056,3.19908
"FANCA",2.7905,3.06902,2.95218
"FANCB",1.52989,1.91009,1.57263
"FANCC",2.71847,3.14933,2.35329
"FANCD2",1.86192,2.24259,2.11963
"FANCE",2.87938,2.72575,2.95806
"FANCF",2.37667,2.35773,2.45953
"FANCG",2.98765,3.05187,2.91358
"FANCI",1.99518,1.96911,1.95218
"FANCL",3.23233,4.02463,3.67606
"FANCM",1.78048,2.11238,1.65268
"FANK1",2.4572,2.57418,2.89989
"FAP",2.37949,2.31251,2.00272
"FAR1",3.73835,4.09429,4.04099
"FAR2",2.38192,2.35707,2.47301
"FARP1",4.9101,4.93665,4.78162
"FARP2",4.21752,4.22393,4.35324
"FARS2",2.12197,2.93996,2.48223
"FARSA",4.11187,3.94688,4.29706
"FARSB",2.6862,3.17509,2.9151
"FAS",3.92242,3.91853,3.74227
"FASLG",3.1839,3.27897,2.86223
"FASN",4.34568,4.09707,4.5183
"FASTK",5.66999,5.38465,5.76225
"FASTKD1",1.91695,2.82576,2.29159
"FASTKD2",3.13079,3.07485,2.60736
"FASTKD3",3.13483,2.52828,2.49253
"FASTKD5",2.28781,2.47152,2.35549
"FAT1",5.0015,4.97267,3.82781
"FAT2",2.88546,2.51844,2.68473
"FAT3",2.28521,1.88586,1.82328
"FAT4",2.12733,2.20075,1.95665
"FATE1",3.05919,2.7918,2.92051
"FAU",5.32102,5.1115,5.15648
"FBF1",3.67843,3.72355,3.69433
"FBL",4.96155,5.05364,4.83061
"FBLIM1",3.26775,3.61439,3.43623
"FBLL1",2.92091,3.28002,2.87664
"FBLN1",5.63175,5.90609,5.07522
"FBLN2",3.58632,3.97496,3.91412
"FBLN5",3.67326,5.00349,4.11611
"FBLN7",3.47011,3.162,3.08003
"FBN1",3.28711,4.23,3.17358
"FBN2",2.30298,2.05836,2.15448
"FBN3",3.30587,2.93259,3.05616
"FBP1",4.2441,4.07683,4.78378
"FBP2",2.10929,1.94924,2.40994
"FBRS",4.42035,4.27578,4.40333
"FBRSL1",5.30232,5.12566,5.30646
"FBXL12",3.11613,3.00724,2.96696
"FBXL13",1.55832,1.9471,1.68255
"FBXL14",4.35232,4.06807,4.32008
"FBXL15",2.73211,2.40723,2.53943
"FBXL16",3.48147,3.37829,3.78311
"FBXL17",4.60019,4.61108,4.59805
"FBXL18",3.731,3.50673,4.16499
"FBXL19",4.24914,4.09901,4.03723
"FBXL2",2.74143,2.78553,2.43302
"FBXL20",3.54691,4.10411,4.20162
"FBXL21",1.73103,1.9448,1.93815
"FBXL22",2.35437,1.97084,2.78725
"FBXL3",5.8957,6.03995,4.51625
"FBXL4",3.11293,3.41522,3.15398
"FBXL5",4.52091,4.84262,4.24779
"FBXL6",3.44547,3.20309,3.6209
"FBXL7",3.83643,3.66131,3.8203
"FBXL8",5.3702,5.30509,5.37856
"FBXO10",4.35819,4.18378,3.85626
"FBXO11",3.80339,4.38551,3.80982
"FBXO15",1.63887,1.75821,1.78301
"FBXO16",2.84889,3.24393,2.91373
"FBXO17",4.58884,4.50326,4.69724
"FBXO18",3.37901,2.73675,3.12929
"FBXO2",4.52618,4.77476,4.52174
"FBXO21",4.57761,4.31067,4.20741
"FBXO22",2.55147,2.74621,3.24355
"FBXO24",2.75268,3.08019,2.33004
"FBXO25",5.96518,6.44273,5.30802
"FBXO27",3.40922,3.1433,3.23184
"FBXO28",4.05811,4.11268,3.50889
"FBXO3",2.98056,3.36453,2.85764
"FBXO30",3.60246,3.61669,3.12215
"FBXO31",3.20059,3.26456,3.13619
"FBXO32",5.44211,4.41227,4.33763
"FBXO33",2.77815,2.82063,2.96467
"FBXO34",4.40808,3.65213,4.01439
"FBXO36",3.11337,3.23102,3.26885
"FBXO38",2.54574,4.1857,3.89676
"FBXO39",3.26604,3.08932,3.35948
"FBXO4",1.82663,2.2729,2.13221
"FBXO40",1.84218,2.01003,2.19526
"FBXO41",2.69411,2.39643,2.41648
"FBXO42",3.6305,3.2918,3.18979
"FBXO43",1.48376,1.37479,1.71086
"FBXO44",4.06346,3.98558,4.0225
"FBXO45",2.2067,2.39105,2.05273
"FBXO46",4.12698,4.011,4.29546
"FBXO47",1.4683,1.36699,1.12747
"FBXO48",1.80858,1.93824,2.20676
"FBXO5",2.04331,2.15958,2.40413
"FBXO6",4.14222,3.66084,3.88967
"FBXO7",5.12788,5.21991,4.62606
"FBXO8",3.49993,3.27725,2.95163
"FBXO9",3.68731,3.9468,4.22609
"FBXW10",1.49215,1.5548,1.42919
"FBXW11",3.8493,3.98683,3.78276
"FBXW12",1.74089,2.09426,1.79289
"FBXW2",4.15995,4.154,3.79133
"FBXW4",4.66301,5.37207,4.61128
"FBXW4P1",4.28699,4.28918,3.98741
"FBXW5",4.87123,4.90918,5.13136
"FBXW7",3.05892,2.44634,2.54912
"FBXW8",3.21145,3.37427,3.29361
"FBXW9",4.38779,4.04228,4.54363
"FCAMR",3.09863,2.99584,3.61029
"FCAR",2.80271,2.26195,2.65728
"FCER1A",2.32563,2.48793,2.14637
"FCER1G",2.91127,2.79507,2.29977
"FCER2",2.07501,2.07414,2.3216
"FCF1",3.83308,3.49427,3.47625
"FCGBP",2.79628,3.21495,2.76255
"FCGR1A",2.105,2.54523,2.26351
"FCGR1B",2.2741,2.55658,2.50877
"FCGR2A",1.58736,2.2577,1.7343
"FCGR2B",2.67681,2.79053,2.61824
"FCGR2C",3.95687,3.49972,3.89203
"FCGR3A",2.69813,3.51458,3.71785
"FCGRT",4.33017,4.47885,4.40899
"FCHO1",2.88688,2.95822,2.55066
"FCHO2",3.48392,4.41699,3.33822
"FCHSD1",3.63708,3.36103,4.0869
"FCHSD2",3.31789,3.48696,3.13987
"FCN1",3.80987,3.28866,3.56535
"FCN2",3.71377,3.47976,3.943
"FCN3",2.64361,2.2935,2.59025
"FCRL1",2.50711,2.58541,2.40936
"FCRL2",1.59642,1.67728,2.024
"FCRL3",2.36569,2.04488,2.57583
"FCRL4",1.95236,1.93039,1.74904
"FCRL5",2.10641,1.9862,2.75801
"FCRL6",2.79251,2.31515,2.7314
"FCRLA",2.88031,2.81702,3.57341
"FCRLB",2.86677,2.95992,2.90557
"FDFT1",5.0485,5.07119,4.92164
"FDPS",3.7878,4.1857,3.80933
"FDPSL2A",3.6016,4.13879,4.98143
"FDX1",4.52867,4.31492,4.2615
"FDX1L",4.90637,4.75572,4.93364
"FDXACB1",1.71409,1.40081,1.85517
"FDXR",3.56033,3.48678,3.67188
"FECH",3.84983,4.34904,3.64673
"FEM1A",3.36837,3.16332,3.67374
"FEM1B",3.88026,4.59645,4.26545
"FEM1C",4.40782,4.1919,4.35206
"FEN1",4.22873,3.55147,3.84148
"FER",2.45953,3.28974,2.26959
"FER1L4",2.83396,2.98576,2.84487
"FER1L5",3.29539,3.14882,3.42459
"FER1L6",2.42748,2.10766,2.47017
"FERD3L",3.80414,3.18186,3.62568
"FERMT1",1.96129,3.77664,2.54291
"FERMT2",5.13939,5.26382,4.6388
"FERMT3",3.67432,3.44564,3.0945
"FES",3.33093,2.88191,3.30339
"FETUB",2.47523,2.04363,2.48548
"FEV",3.82944,3.65584,3.72404
"FEZ1",2.00778,2.50395,1.86916
"FEZ2",2.66639,3.322,2.72671
"FEZF1",2.88196,2.99052,2.8756
"FEZF2",3.49789,3.24973,3.40169
"FFAR1",4.16356,3.66179,4.07208
"FFAR2",2.06918,2.05695,1.93155
"FFAR3",2.78849,2.33156,2.55543
"FGA",1.61406,1.7169,1.96273
"FGB",1.82688,1.72038,1.83774
"FGD1",4.08438,3.86888,3.95408
"FGD2",2.74991,2.69578,2.95759
"FGD3",3.32151,3.27918,3.1085
"FGD4",2.07839,2.67611,2.93686
"FGD5",3.21039,3.86659,2.98948
"FGD6",2.55615,2.99883,2.78374
"FGF1",1.69459,1.5403,1.97551
"FGF10",2.15252,3.55697,2.56306
"FGF11",3.00649,2.61848,2.92894
"FGF12",1.92832,2.07717,2.66744
"FGF13",3.44238,3.3548,3.54078
"FGF14",1.77764,1.8954,1.75824
"FGF16",2.12678,1.58022,2.06791
"FGF17",3.07084,3.14042,3.41366
"FGF18",2.83481,2.72042,2.77874
"FGF19",2.24752,2.00984,1.75957
"FGF2",4.63439,3.86228,3.57423
"FGF20",2.58369,2.12946,2.37993
"FGF21",2.10843,2.1106,2.00799
"FGF22",4.04925,4.04082,4.23878
"FGF23",2.44409,2.42726,2.0268
"FGF3",2.32545,3.05352,2.52215
"FGF4",3.7821,3.8979,3.73398
"FGF5",1.99175,2.1893,2.53814
"FGF6",2.76915,2.68892,2.36617
"FGF7",3.52006,3.78362,3.42656
"FGF8",3.43168,3.45191,3.58604
"FGF9",1.45217,1.90203,1.49422
"FGFBP1",2.50164,2.52815,2.89511
"FGFBP2",1.62404,1.67385,1.83077
"FGFBP3",3.52637,3.94747,3.66583
"FGFR1",4.25674,4.96255,3.7761
"FGFR1OP",3.16678,2.88423,2.74881
"FGFR1OP2",3.76426,3.30205,3.00425
"FGFR2",4.15505,3.81314,3.83244
"FGFR3",3.81501,3.81097,4.07029
"FGFR4",2.60589,2.40341,2.79209
"FGFRL1",4.7681,3.76441,4.52594
"FGG",1.31919,1.90432,1.20687
"FGGY",2.51677,2.18914,2.65532
"FGL1",1.22201,1.32839,1.40265
"FGL2",4.51502,4.14591,3.15104
"FGR",3.06822,3.32945,3.75494
"FH",3.15583,2.88827,3.45994
"FHAD1",2.30032,2.30369,2.57347
"FHDC1",2.22544,2.12095,2.67114
"FHIT",1.91868,2.22936,2.5725
"FHL1",4.17351,4.53048,4.46692
"FHL2",5.04884,4.60694,4.57302
"FHL3",2.72267,2.7065,3.1122
"FHL5",1.99499,2.67095,1.75452
"FHOD1",2.88554,2.9501,2.62952
"FHOD3",3.8757,3.39427,3.66818
"FIBCD1",4.47362,4.3292,4.76646
"FIBIN",2.52921,2.10382,2.79115
"FIBP",4.00731,4.04828,3.95921
"FICD",3.50914,2.96838,3.04306
"FIG4",1.88491,2.45968,1.72742
"FIGF",1.55039,1.7745,1.51055
"FIGLA",2.38533,2.14372,2.1468
"FIGN",3.27408,3.01094,3.40329
"FIGNL1",1.83084,1.95967,2.20451
"FIGNL2",2.61332,3.56181,3.73108
"FILIP1",2.09793,2.49291,2.35225
"FILIP1L",5.21209,4.86161,4.63053
"FIP1L1",4.32829,4.89978,4.87784
"FIS1",3.87458,3.74165,3.44875
"FITM1",3.58409,3.22726,3.55275
"FITM2",2.62515,3.22289,2.98803
"FIZ1",4.37671,4.55345,4.64191
"FJX1",3.58812,3.76655,3.91029
"FKBP10",4.37574,4.68116,3.7688
"FKBP11",5.00321,3.70485,4.28032
"FKBP14",2.17408,2.3738,2.25715
"FKBP15",3.91496,3.88993,3.82245
"FKBP1A",3.93786,4.18902,3.61839
"FKBP1B",5.2558,5.17095,5.63426
"FKBP2",5.72225,5.33185,5.69817
"FKBP3",4.01676,5.11338,4.26829
"FKBP4",5.43361,5.35403,4.80662
"FKBP5",5.64391,5.95174,5.62789
"FKBP6",2.9106,2.8717,2.52334
"FKBP7",3.05982,3.21293,2.95447
"FKBP8",4.35327,4.17677,4.56208
"FKBP9",3.12216,3.39322,2.57907
"FKBP9L",3.40954,3.85738,3.68733
"FKBPL",4.44536,3.49693,3.67856
"FKRP",4.03387,4.06061,4.37022
"FKSG2",1.34892,1.55862,1.5263
"FKSG83",1.97109,1.94631,2.18437
"FKTN",2.80015,3.00994,2.78282
"FLAD1",3.6965,3.58891,3.88863
"FLCN",3.64209,4.42932,4.03061
"FLG",2.38199,2.00632,2.99192
"FLG2",1.96222,1.67188,2.03474
"FLI1",3.08843,3.72173,3.27255
"FLII",3.83355,4.21428,3.79247
"FLJ00290",1.87819,2.54441,2.60436
"FLJ10661",2.74348,2.16863,2.47811
"FLJ11235",3.69317,3.77026,3.58303
"FLJ11292",2.03947,2.12387,2.06559
"FLJ11710",4.22001,3.46001,4.70495
"FLJ13197",4.34119,3.80206,4.25819
"FLJ13224",3.13114,2.94682,2.81668
"FLJ13744",1.83332,1.85058,2.00487
"FLJ14107",2.11233,1.18487,2.17752
"FLJ16124",2.28549,2.13583,2.26027
"FLJ16126",2.30945,2.07578,2.28636
"FLJ16171",2.42992,2.81173,2.11235
"FLJ16734",3.06798,3.16464,3.72774
"FLJ20464",2.39064,1.86811,2.21319
"FLJ20712",2.09329,1.98545,1.95727
"FLJ22184",4.32733,4.04862,4.37421
"FLJ23865",2.54339,2.41711,2.51384
"FLJ25328",2.37064,1.98359,2.20432
"FLJ25694",3.63881,3.10278,3.07471
"FLJ25715",2.45918,3.32202,1.92528
"FLJ25758",2.34781,2.29121,1.92364
"FLJ26850",3.07663,2.63306,3.0483
"FLJ27243",3.84468,4.17056,3.67842
"FLJ27255",2.21229,1.72599,1.94303
"FLJ30064",3.55003,3.47368,3.06732
"FLJ30403",2.56817,2.6184,2.174
"FLJ30430",1.13729,1.58312,1.53776
"FLJ30679",2.81794,2.45947,3.50365
"FLJ30901",4.87341,4.6475,4.88457
"FLJ31713",4.39912,3.72039,3.76782
"FLJ31958",2.16481,3.59218,2.43181
"FLJ32063",1.56001,1.86816,2.4289
"FLJ32154",2.8935,2.85492,3.55031
"FLJ32742",2.59617,1.8193,3.18104
"FLJ32756",2.61422,2.44478,2.75356
"FLJ32790",2.12547,2.5795,2.417
"FLJ32955",1.80486,2.19872,1.50663
"FLJ33360",2.09096,2.01996,2.37056
"FLJ33534",1.78547,1.97632,1.76744
"FLJ33544",2.46136,1.88909,2.27059
"FLJ33996",2.866,2.30007,2.96536
"FLJ34503",2.00682,2.2693,1.98147
"FLJ34521",2.22389,2.25158,2.81171
"FLJ34690",1.73869,2.15149,1.88773
"FLJ35220",2.86904,2.51927,2.90824
"FLJ35409",3.51828,1.99117,2.56272
"FLJ35424",2.66251,2.31842,2.95427
"FLJ35776",4.91547,4.16341,4.81129
"FLJ35816",2.56996,1.95028,2.54381
"FLJ35934",4.91315,4.7484,4.69379
"FLJ36000",2.1437,1.63903,2.37832
"FLJ36031",3.19404,3.71234,3.14076
"FLJ36116",3.49648,4.02403,3.34826
"FLJ36840",5.22846,4.45103,5.29803
"FLJ37035",2.30121,2.92814,3.00985
"FLJ37201",1.65291,1.75771,1.39231
"FLJ37396",2.52517,2.44569,2.27755
"FLJ37453",2.97164,2.90953,2.87825
"FLJ37543",2.61277,2.39304,2.68039
"FLJ37786",3.88222,3.56668,3.76684
"FLJ38109",3.07356,3.29548,3.36864
"FLJ38379",2.38687,3.19328,3.65668
"FLJ38576",4.03226,3.83697,4.37786
"FLJ38668",3.53911,3.02739,3.52883
"FLJ38723",2.81799,2.47959,2.60316
"FLJ38773",2.43135,1.95983,2.35675
"FLJ38894",3.04771,2.95659,2.58998
"FLJ39061",2.00131,2.13155,2.08905
"FLJ39632",6.2821,7.10649,8.75143
"FLJ39639",2.73604,2.41236,3.2461
"FLJ39653",3.63815,4.13561,3.81602
"FLJ40194",2.19295,2.33413,2.9959
"FLJ40288",2.33804,1.81782,2.27739
"FLJ40292",4.87493,4.46721,4.67259
"FLJ40448",3.62202,3.37742,4.16431
"FLJ40453",1.47712,1.54699,1.37256
"FLJ40504",3.01414,2.77087,2.94833
"FLJ40536",3.10046,2.06442,2.97903
"FLJ40852",1.73628,1.6603,1.89823
"FLJ41170",3.07777,3.13355,3.22966
"FLJ41309",1.71912,1.73717,1.98596
"FLJ41327",3.32511,3.02315,2.46867
"FLJ41423",2.60163,2.76356,2.85133
"FLJ41484",3.66326,2.79028,2.70409
"FLJ41649",2.88999,2.28655,2.65982
"FLJ41733",3.28295,3.39005,3.27148
"FLJ42102",3.19614,2.76769,2.95424
"FLJ42220",1.92689,2.00782,2.22609
"FLJ42280",2.17962,2.1588,2.04682
"FLJ42289",1.60863,1.34557,2.83328
"FLJ42291",2.72586,2.90125,3.51498
"FLJ42393",5.98355,3.34622,4.91828
"FLJ42418",2.72859,2.68613,2.90238
"FLJ42842",1.96998,1.90658,1.59623
"FLJ42875",4.06547,3.77453,4.18429
"FLJ43315",3.17647,1.40838,2.05382
"FLJ43390",2.09489,1.73933,2.0859
"FLJ43681",5.00849,5.07065,5.15823
"FLJ43763",2.3554,2.16392,2.45674
"FLJ43826",2.13662,2.26644,1.97197
"FLJ43860",3.27697,2.47121,3.56168
"FLJ43879",2.62731,2.32948,2.71979
"FLJ44006",2.26505,2.23118,2.75268
"FLJ44124",3.1333,2.84782,3.48093
"FLJ44313",3.59678,3.64472,3.72262
"FLJ44385",3.01041,2.75676,2.81283
"FLJ44606",3.18569,3.93878,3.74017
"FLJ44635",3.57432,3.29004,3.89503
"FLJ44674",3.22253,2.7103,3.05955
"FLJ44790",2.63204,2.46098,3.12962
"FLJ44838",2.09138,2.11257,2.50806
"FLJ44874",2.01415,2.16798,2.1519
"FLJ44881",2.06244,1.66235,1.90718
"FLJ44896",1.57875,2.81067,1.45852
"FLJ45079",2.34677,1.73882,2.00473
"FLJ45139",2.51117,2.43571,2.64238
"FLJ45244",3.28975,3.56126,3.67596
"FLJ45248",2.24282,2.14165,3.03139
"FLJ45256",2.139,2.13458,2.0348
"FLJ45340",5.55305,5.22775,5.6674
"FLJ45684",3.04722,2.82077,2.39005
"FLJ45721",2.00711,2.13715,2.06555
"FLJ45743",1.867,1.53432,1.73445
"FLJ45825",1.34837,1.13432,1.13833
"FLJ45831",3.00559,2.31603,3.7371
"FLJ45832",1.3394,1.40537,1.47144
"FLJ45949",2.09389,3.17451,1.97136
"FLJ45950",2.56036,1.83882,2.34745
"FLJ45964",2.38414,3.03341,2.5114
"FLJ45974",1.80642,1.88451,1.71017
"FLJ45983",3.14304,2.9517,3.33189
"FLJ46010",1.68529,1.77166,1.86152
"FLJ46020",2.79719,3.12553,3.26816
"FLJ46111",2.6198,2.08819,2.40071
"FLJ46120",3.25995,3.00826,3.0102
"FLJ46257",2.28234,2.64392,2.70335
"FLJ46300",3.6521,3.4953,3.5853
"FLJ46358",2.88182,2.89834,3.33867
"FLJ46361",2.28359,2.19103,2.95699
"FLJ46363",2.92519,2.55842,2.7912
"FLJ46365",2.4211,2.11731,2.42969
"FLJ46836",3.39698,3.03372,3.65395
"FLJ90680",2.13929,2.15868,2.33139
"FLJ90757",4.1786,4.61448,4.40927
"FLNA",6.99793,7.33502,5.91831
"FLNB",5.66451,6.11216,5.79152
"FLNC",4.80786,4.92254,4.49975
"FLOT1",5.11221,5.52133,5.12526
"FLOT2",5.27172,4.97242,4.67642
"FLRT1",3.30428,3.57228,3.87753
"FLRT2",3.18935,3.48641,2.75164
"FLRT3",5.11723,3.93566,3.51931
"FLT1",2.86104,3.11077,2.82683
"FLT3",2.25297,1.82081,1.93999
"FLT3LG",4.87383,4.55088,4.79085
"FLT4",2.98443,2.89583,2.75687
"FLVCR1",2.18768,2.34887,2.26462
"FLVCR2",3.43962,3.23442,3.65495
"FLYWCH1",4.72913,4.51182,5.07833
"FLYWCH2",4.59926,4.08028,4.71966
"FMN1",2.8424,2.36564,2.26811
"FMN2",1.97841,2.0613,1.84328
"FMNL1",3.87735,4.27522,3.64711
"FMNL2",3.74836,4.54351,3.70926
"FMNL3",2.62267,3.18453,2.72679
"FMO1",1.47476,1.71765,1.77813
"FMO2",1.77007,2.73521,2.18247
"FMO3",2.19726,1.92541,2.27035
"FMO4",2.58946,2.95088,2.35069
"FMO5",2.73155,3.01695,3.37973
"FMO6P",1.70297,1.92745,2.26757
"FMO9P",1.56205,1.46784,1.73925
"FMOD",4.23983,4.47666,4.45368
"FMR1",3.32139,2.91071,3.13814
"FMR1NB",3.37173,3.20695,3.395
"FN1",4.48319,4.6772,3.4895
"FN3K",4.03792,4.11815,4.34083
"FN3KRP",3.80777,3.77086,4.21634
"FNBP1",5.67301,5.72754,5.29025
"FNBP1L",4.4318,4.27703,4.80834
"FNBP4",5.56576,6.22078,6.3689
"FNDC1",2.26326,2.05232,2.36166
"FNDC3A",4.70482,4.99171,4.76728
"FNDC3B",4.87728,4.55155,3.97255
"FNDC4",4.44881,3.90503,4.60347
"FNDC5",3.63123,3.59435,3.87599
"FNDC7",2.03913,1.53055,2.10633
"FNDC8",2.47539,2.09929,2.47441
"FNIP1",3.71502,3.80694,2.668
"FNIP2",2.04485,2.46379,2.76978
"FNTA",3.75311,3.88654,3.90277
"FNTB",2.49072,2.71714,2.65785
"FOLH1",5.82312,4.96819,5.4352
"FOLH1B",6.48817,5.04629,5.7385
"FOLR1",2.28467,2.57868,2.43121
"FOLR2",2.67019,2.53792,2.68603
"FOLR3",2.33333,2.25065,2.21244
"FOLR4",4.25631,4.21511,4.19964
"FOS",9.39362,4.3412,8.85532
"FOSB",8.2856,3.96643,6.09604
"FOSL1",5.02028,4.81607,4.84968
"FOSL2",5.88799,4.71408,5.1442
"FOXA1",6.39631,5.44208,5.86394
"FOXA2",3.26422,3.69999,3.96104
"FOXA3",3.65302,3.99809,3.76968
"FOXB1",2.98567,2.49076,2.79778
"FOXB2",4.50402,4.48449,4.45344
"FOXC1",4.52761,4.30272,4.46017
"FOXC2",4.61346,4.58761,4.29849
"FOXD1",2.73905,2.26741,2.15413
"FOXD2",2.83864,2.53902,2.40574
"FOXD3",2.28817,2.73247,2.88672
"FOXD4",3.02245,2.85722,3.02319
"FOXD4L1",3.06197,2.86577,2.966
"FOXD4L2",3.33285,2.93239,3.05268
"FOXD4L3",3.26682,2.96101,3.16088
"FOXD4L6",2.94647,2.79907,2.98632
"FOXE1",2.83516,2.79052,2.42012
"FOXE3",4.54851,4.45912,4.4882
"FOXF1",3.92634,4.08997,3.77023
"FOXF2",2.76352,3.59135,2.82827
"FOXG1",3.36891,3.00313,3.306
"FOXH1",3.53691,3.62804,3.63494
"FOXI1",3.59555,3.5849,3.90064
"FOXI2",3.74684,3.64448,3.75604
"FOXJ1",3.72376,3.65101,3.71636
"FOXJ2",4.21864,4.47078,4.24046
"FOXJ3",5.7322,6.09069,5.69391
"FOXK1",4.45182,4.32461,4.16627
"FOXK2",4.45153,4.58841,4.28324
"FOXL1",3.87766,4.05331,4.24249
"FOXL2",3.61574,3.3916,3.6842
"FOXM1",2.37287,2.65684,3.07759
"FOXN1",2.58088,2.60665,2.86301
"FOXN2",2.7517,3.28482,2.65099
"FOXN3",4.67492,4.67477,4.80751
"FOXN4",3.73748,3.5435,3.98431
"FOXO1",4.90485,4.61821,4.17193
"FOXO3",4.53054,3.97737,4.31254
"FOXO3B",5.22405,6.45258,6.21951
"FOXO4",3.51541,4.12153,3.0539
"FOXP1",5.75433,5.09269,5.02447
"FOXP2",1.98429,1.81244,1.90387
"FOXP3",4.26628,4.46292,4.03981
"FOXP4",5.58141,5.45045,5.13464
"FOXQ1",3.91221,3.74157,3.98577
"FOXR1",2.9614,2.85143,2.91714
"FOXR2",2.02683,1.51928,1.99507
"FOXRED1",2.72059,3.08609,2.09161
"FOXRED2",3.60118,2.97458,3.44823
"FOXS1",4.58581,4.60194,4.38558
"FPGS",3.52057,3.80919,4.33512
"FPGT",2.61041,3.23718,3.08584
"FPR1",2.27724,1.95977,2.56236
"FPR2",1.66505,1.59339,2.35559
"FPR3",2.24857,2.26871,3.04623
"FRA10AC1",2.53309,2.73022,2.56036
"FRAS1",3.08849,2.67957,2.96946
"FRAT1",3.81654,4.08953,3.99988
"FRAT2",3.1108,2.79615,3.31488
"FREM1",2.81712,2.8689,2.97738
"FREM2",1.90653,1.88846,1.83236
"FREM3",1.61054,2.04326,2.22025
"FRG1",6.4388,6.22469,6.01069
"FRG1B",3.59712,3.68092,3.31829
"FRG2",2.25169,2.1684,2.07258
"FRG2B",2.35245,2.31733,2.24031
"FRG2C",1.44747,1.41431,1.53802
"FRK",2.96365,3.01385,2.71448
"FRMD1",2.21324,2.51177,2.89228
"FRMD3",2.4688,3.17833,2.25482
"FRMD4A",3.16185,3.21132,3.07221
"FRMD4B",4.47076,4.09023,3.89283
"FRMD5",2.15922,2.04205,2.25992
"FRMD6",3.63354,4.08301,3.24458
"FRMD7",1.83248,1.81862,1.35908
"FRMD8",2.62744,2.46651,3.29211
"FRMPD1",2.7883,2.45961,2.93193
"FRMPD2",1.87483,1.919,2.30129
"FRMPD3",2.12958,2.25017,2.43697
"FRMPD4",2.09631,1.80389,1.83698
"FRRS1",1.99873,2.60235,2.32041
"FRS2",3.69173,3.66117,3.40867
"FRS3",3.53176,3.83991,3.79094
"FRY",3.17463,3.65519,3.1871
"FRYL",3.93661,3.74908,3.84904
"FRZB",2.93788,3.42852,2.68585
"FSCB",1.64037,1.77075,1.64278
"FSCN1",4.07317,3.61425,3.62463
"FSCN2",1.96108,2.53888,3.12214
"FSCN3",2.63035,2.26304,1.85548
"FSD1",2.85751,2.5541,3.21109
"FSD1L",1.57287,1.72459,1.43401
"FSD2",2.28395,1.8103,2.11969
"FSHB",2.38345,2.09896,1.93002
"FSHR",2.24664,1.80967,2.07257
"FSIP1",1.84198,1.76385,1.90789
"FSIP2",2.06362,2.01021,1.76148
"FST",2.42853,1.9441,2.36638
"FSTL1",6.84889,7.01113,6.52583
"FSTL3",4.56379,3.95982,4.70606
"FSTL4",2.00375,1.92095,1.84278
"FSTL5",1.44617,1.38963,1.58223
"FTCD",4.24078,3.93223,3.79997
"FTH1",7.48828,7.70107,7.61686
"FTH1P3",4.82297,5.41433,5.37394
"FTH1P5",3.3258,3.24766,3.2502
"FTHL17",3.68725,3.56113,3.74845
"FTL",6.00261,6.79671,5.97454
"FTMT",1.77573,2.2787,1.99164
"FTO",3.82366,4.41063,4.09655
"FTSJ1",4.04373,3.64602,4.17825
"FTSJ2",3.36494,4.32887,3.4493
"FTSJ3",3.30051,3.92159,2.74921
"FTSJD1",2.30257,2.16121,2.34279
"FTSJD2",4.24645,4.06446,3.64743
"FUBP1",5.4516,5.85608,5.01755
"FUBP3",5.13973,5.51943,4.89366
"FUCA1",3.3471,3.19767,3.27739
"FUCA2",3.58006,3.4893,3.11112
"FUK",3.52271,3.25637,3.69732
"FUNDC1",3.32185,2.91186,3.44341
"FUNDC2",2.93723,2.31722,2.41903
"FUNDC2P2",1.74666,1.85614,2.04728
"FURIN",4.6645,3.67294,4.10024
"FUS",6.67192,6.18952,5.7741
"FUT1",2.97533,2.66524,3.16096
"FUT10",2.74433,3.3573,3.02719
"FUT11",4.36816,3.85496,3.9791
"FUT2",2.77498,2.96342,1.8701
"FUT3",2.17233,2.04393,1.81021
"FUT4",3.85434,4.01481,3.83813
"FUT5",3.15768,2.48298,2.84224
"FUT6",3.17685,2.75319,2.97514
"FUT7",3.20612,3.30636,2.92544
"FUT8",3.09319,4.14247,3.96103
"FUT9",1.57635,1.96073,1.76358
"FUZ",3.68743,3.92172,3.70139
"FXC1",3.28243,3.37312,3.39396
"FXN",2.82924,3.27857,3.06339
"FXR1",4.12683,4.58368,3.98772
"FXR2",3.27494,3.46112,3.5684
"FXYD1",2.90348,3.36056,3.02672
"FXYD2",3.66488,3.91926,4.01531
"FXYD3",6.63462,6.19747,6.1689
"FXYD4",2.94393,2.61151,2.70435
"FXYD5",4.79581,5.12814,4.82665
"FXYD6",5.49409,5.73313,4.98433
"FXYD7",5.22203,5.24604,5.12142
"FYB",2.90278,2.81588,2.9392
"FYCO1",4.17429,4.38349,4.59863
"FYN",3.48775,3.86917,3.38247
"FYTTD1",3.82678,3.79663,3.68493
"FZD1",3.53132,3.46195,3.46292
"FZD10",4.31744,4.12976,4.42854
"FZD2",4.26455,4.39933,4.20992
"FZD3",2.70988,3.44475,2.637
"FZD4",3.60624,4.31314,4.12977
"FZD5",4.28473,4.03791,3.98018
"FZD6",3.06005,2.63643,2.49128
"FZD7",4.6107,4.76263,4.17746
"FZD8",4.08458,4.0669,4.37377
"FZD9",4.02752,3.90543,3.78139
"FZR1",4.55931,4.74573,4.9523
"G0S2",4.27267,4.58382,3.77175
"G2E3",2.20039,2.30381,3.35686
"G3BP1",5.35538,5.84034,4.88902
"G3BP2",5.18752,4.45747,4.30722
"G6PC",2.04024,1.81364,2.49588
"G6PC2",1.42722,1.74895,1.64536
"G6PC3",3.76968,4.01752,3.80419
"G6PD",3.22358,3.21557,3.31838
"GAA",3.90535,3.7967,3.3276
"GAB1",4.06979,4.3893,3.85912
"GAB2",3.19864,3.73558,3.45471
"GAB3",2.11615,2.35813,2.42926
"GAB4",2.98684,3.15274,3.24952
"GABARAP",5.14209,5.0362,3.7287
"GABARAPL1",5.62487,4.65742,5.28279
"GABARAPL2",5.56514,5.55749,5.01269
"GABARAPL3",1.76513,1.71525,2.33246
"GABBR1",3.71755,4.87329,4.09383
"GABBR2",2.56903,2.09164,2.17888
"GABPA",4.37901,4.31005,4.59711
"GABPB1",3.15375,2.43824,2.83758
"GABPB2",4.88678,5.26278,4.41665
"GABRA1",1.76041,1.63178,1.66831
"GABRA2",1.91746,1.6349,1.34278
"GABRA3",1.93497,1.54442,2.22662
"GABRA4",1.59336,1.28584,1.47394
"GABRA5",2.54666,2.69358,2.96324
"GABRA6",2.22697,2.06896,1.96082
"GABRB1",1.52953,1.59243,1.51532
"GABRB2",2.69887,2.2493,2.66484
"GABRB3",2.85347,3.59781,3.70525
"GABRD",3.66164,3.26425,3.78794
"GABRE",4.25335,4.69299,3.71918
"GABRG1",1.38737,1.50503,1.81645
"GABRG2",1.60684,1.61933,2.04399
"GABRG3",3.10237,3.05207,3.06505
"GABRP",2.80807,2.99978,3.17621
"GABRQ",1.86444,1.81689,2.15476
"GABRR1",1.83388,1.82879,2.1203
"GABRR2",2.94007,2.55932,3.14881
"GABRR3",1.24692,1.40777,1.4552
"GAD1",2.41567,1.95303,2.18328
"GAD2",1.77883,2.08718,2.35378
"GADD45A",4.25607,3.81664,3.82373
"GADD45B",7.25566,3.715,6.149
"GADD45G",4.52705,3.36447,4.44721
"GADD45GIP1",5.28251,5.25744,5.23775
"GADL1",1.37371,1.33739,1.44337
"GAFA1",1.88187,1.75714,1.7668
"GAFA2",4.64862,3.90707,3.89561
"GAFA3",4.26211,3.57705,2.90403
"GAGE12B",4.45714,3.8102,4.94445
"GAGE12G",1.92395,1.88621,2.42815
"GAGE12I",1.71973,1.70568,2.27245
"GAGE12J",1.50421,1.6598,2.31295
"GAK",4.63282,4.58491,4.74823
"GAL",3.5468,3.60688,3.38537
"GAL3ST1",3.75315,3.01335,3.75365
"GAL3ST2",3.48875,3.40948,3.92551
"GAL3ST3",3.32187,3.28069,3.31696
"GAL3ST4",4.26842,4.59699,4.02065
"GALC",2.87685,3.21119,2.84987
"GALE",2.60921,2.72447,2.88361
"GALK1",3.9461,3.96836,3.99812
"GALK2",2.84665,3.51412,2.87221
"GALM",2.14087,2.36101,2.47118
"GALNS",3.56685,3.90397,3.44135
"GALNT1",2.80652,2.71068,2.71067
"GALNT10",3.89214,4.49245,4.25584
"GALNT11",4.50047,4.34604,4.17656
"GALNT12",2.70589,2.51312,3.36758
"GALNT13",1.76687,2.18971,1.72922
"GALNT14",3.3608,2.7283,2.88817
"GALNT2",4.34262,4.549,4.40624
"GALNT3",3.66673,3.07317,3.5198
"GALNT4",3.06477,1.83814,2.41571
"GALNT5",1.64599,1.5418,2.0092
"GALNT6",2.57159,2.03572,2.8055
"GALNT7",5.08743,4.81176,5.49871
"GALNT8",1.92201,1.71325,2.4292
"GALNT9",3.69323,3.18198,3.57738
"GALNTL1",3.33549,3.29477,3.39166
"GALNTL2",2.52914,2.67676,2.62008
"GALNTL4",2.47116,2.0549,1.95762
"GALNTL5",1.41116,1.56468,1.61782
"GALNTL6",2.50647,2.32247,2.2547
"GALP",2.93785,2.14751,2.30918
"GALR1",2.68626,2.7703,2.583
"GALR2",3.64036,3.56039,3.92654
"GALR3",4.38024,3.91624,4.31909
"GALT",3.83391,4.22133,4.07966
"GAMT",4.18837,3.91806,3.67822
"GAN",3.81683,4.00467,3.75961
"GANAB",4.85228,4.98497,4.58687
"GAP43",2.93456,2.62149,2.79808
"GAPDH",6.39328,6.76539,6.82909
"GAPDHS",2.36869,2.23367,1.9495
"GAPT",1.77159,1.73158,2.2919
"GAPVD1",3.19334,4.14719,3.28341
"GAR1",4.65224,4.23912,4.5044
"GARNL3",3.2698,3.67295,3.85248
"GARS",3.68332,3.86728,3.71653
"GART",2.41588,2.48414,2.48178
"GAS1",3.48385,3.88136,3.35124
"GAS2",1.67814,1.46314,1.43342
"GAS2L1",4.55704,4.61568,5.00949
"GAS2L2",3.52083,3.27961,3.41545
"GAS2L3",1.74446,2.03563,1.54844
"GAS6",3.3507,3.95914,3.66932
"GAS7",3.53229,3.37064,3.41839
"GAS8",4.00077,4.66901,3.67416
"GAST",3.50453,3.51908,3.79341
"GATA1",3.80257,3.47824,3.683
"GATA2",5.06699,5.32075,5.29541
"GATA3",3.3145,3.12076,3.39201
"GATA4",3.32807,2.99557,3.31711
"GATA5",4.69227,4.79821,4.79983
"GATA6",4.60157,5.23081,4.5117
"GATAD1",4.81781,4.98322,5.17229
"GATAD2A",4.91187,4.8452,4.92071
"GATAD2B",4.5703,5.2008,5.08882
"GATC",4.67706,3.52696,4.52293
"GATM",2.85793,3.41386,2.8134
"GATS",4.25789,4.76472,5.08664
"GATSL1",2.75995,3.11542,2.90423
"GATSL3",3.59073,3.54546,3.74602
"GBA",2.92293,2.93815,2.16504
"GBA2",4.53427,3.99333,4.09776
"GBA3",1.72682,1.50589,1.69873
"GBAP1",1.86735,3.26625,2.15776
"GBAS",4.19564,5.69216,5.13709
"GBE1",2.96663,2.97478,3.02368
"GBF1",4.35143,4.63979,4.33758
"GBGT1",4.16686,4.2085,3.46637
"GBP1",4.41123,3.96494,3.56288
"GBP2",3.64634,3.71509,3.10905
"GBP3",3.66591,4.06332,3.64556
"GBP4",1.88199,2.67556,2.35465
"GBP5",1.86429,2.09859,2.23176
"GBP6",1.78077,1.8085,1.8754
"GBP7",2.46184,2.58777,2.72202
"GBX1",2.2104,2.28665,2.27685
"GBX2",4.28147,4.38863,4.3693
"GC",1.70119,1.6075,1.48195
"GCA",2.09206,2.16706,1.75539
"GCAT",3.79438,3.55014,3.24848
"GCC1",2.43706,2.66843,3.04809
"GCC2",5.25769,4.89511,5.10516
"GCDH",3.74402,3.59191,3.45572
"GCET2",2.91098,2.74927,2.37872
"GCFC1",3.8472,4.10816,4.09194
"GCG",1.65291,1.8269,2.26667
"GCGR",3.34676,3.27189,3.38891
"GCH1",1.66273,1.9943,1.85965
"GCHFR",3.92721,4.12712,3.57784
"GCK",2.95139,2.79482,3.1565
"GCKR",2.02257,1.80287,1.72471
"GCLC",4.27034,4.10023,3.82471
"GCLM",1.69081,1.95649,2.17673
"GCM1",1.80901,1.92797,1.65002
"GCM2",2.4655,1.67886,1.76927
"GCN1L1",3.36851,3.67455,3.39541
"GCNT1",4.76161,3.74458,4.50647
"GCNT2",4.40815,4.96836,4.30998
"GCNT3",2.82955,2.64485,2.49603
"GCNT4",1.77902,2.24073,1.76876
"GCNT7",3.09543,2.44789,2.1765
"GCOM1",2.34014,3.02877,2.1513
"GCRG224",3.36685,3.1361,2.98333
"GCSH",4.19598,4.60897,3.93073
"GDA",2.27838,1.58759,1.57781
"GDAP1",2.53911,2.87285,2.98824
"GDAP1L1",3.49367,3.40297,3.65481
"GDAP2",4.08407,3.93771,3.67192
"GDE1",5.28505,5.04621,4.97288
"GDEP",4.13423,6.2093,4.95556
"GDF1",3.11267,2.7437,3.07655
"GDF10",3.54381,3.50086,3.70153
"GDF11",3.75522,3.63127,3.32993
"GDF15",5.34798,3.44583,4.42053
"GDF2",4.10033,4.13463,3.81301
"GDF3",1.40048,1.45734,1.86506
"GDF5",2.20375,2.10715,2.34271
"GDF6",2.69671,2.60803,3.1632
"GDF7",3.74813,3.55306,3.66444
"GDF9",2.71041,1.90749,2.79799
"GDI1",4.79456,5.24205,4.41409
"GDI2",4.92323,5.04606,4.18623
"GDNF",1.66638,1.59262,1.50003
"GDPD1",1.8313,1.66808,2.08815
"GDPD2",2.53111,1.78404,1.7221
"GDPD3",2.31371,2.48984,1.90254
"GDPD4",1.79307,2.02933,1.76693
"GDPD5",3.11615,3.32424,3.51309
"GEM",4.09713,2.97141,3.29528
"GEMIN4",3.85097,3.95115,3.64264
"GEMIN5",3.11818,3.10525,2.84965
"GEMIN6",2.82182,3.86463,3.61125
"GEMIN7",2.54127,2.63923,2.70663
"GEMIN8",3.79128,4.0489,3.46752
"GEMIN8P4",3.24258,3.25626,2.949
"GEN1",2.4006,2.10392,1.85827
"GET4",4.08864,3.51476,4.05018
"GFAP",3.61004,3.18804,3.40294
"GFER",4.30905,4.6464,3.6418
"GFI1",2.94747,3.20085,3.15687
"GFI1B",3.90651,3.69519,4.22308
"GFM1",3.84261,3.58873,2.82913
"GFM2",2.59894,2.95901,2.5805
"GFOD1",2.66727,2.39975,2.85421
"GFOD2",2.09146,2.82036,2.04144
"GFPT1",5.35142,5.13847,5.35702
"GFPT2",3.00907,2.68166,2.3198
"GFRA1",3.29219,3.38515,2.96001
"GFRA2",2.79957,2.29707,2.18745
"GFRA3",2.00679,1.77766,2.42887
"GFRA4",5.00526,5.0987,5.12669
"GFRAL",1.4033,1.47956,1.37725
"GGA1",3.49897,4.15824,3.83643
"GGA2",4.06626,4.14291,3.67324
"GGA3",4.334,4.47785,4.34002
"GGCT",3.84488,4.25342,4.26097
"GGCX",2.86458,3.24263,3.17514
"GGH",1.93248,1.81105,1.85082
"GGN",3.82918,3.6137,3.55005
"GGNBP1",3.34185,2.76908,3.71785
"GGNBP2",3.30936,4.07035,3.55298
"GGPS1",5.03214,4.37878,4.43506
"GGT1",4.19449,4.26629,4.52352
"GGT3P",4.06632,4.33808,4.35221
"GGT5",3.20279,3.56949,3.48543
"GGT6",3.61806,3.54868,3.76225
"GGT7",3.67737,3.77204,3.69077
"GGTA1",1.98971,1.95968,1.72535
"GGTLC1",3.14875,2.54119,2.89416
"GGTLC2",3.57887,3.71708,2.62372
"GH1",2.28663,2.49692,2.59514
"GH2",2.56621,1.61784,1.60771
"GHDC",3.2822,3.06122,2.93048
"GHITM",3.05328,3.22565,2.99586
"GHR",3.26068,2.8638,3.10733
"GHRH",2.59131,2.43483,2.71656
"GHRHR",2.95225,2.80306,3.28493
"GHRL",4.45792,4.43399,4.10667
"GHSR",3.67107,3.61255,3.37404
"GIF",2.33518,1.52918,1.61058
"GIGYF1",3.51755,3.49871,3.58476
"GIGYF2",4.61666,5.18316,4.82646
"GIMAP1",2.57498,2.89583,2.55473
"GIMAP2",1.93373,2.75509,2.3897
"GIMAP4",2.94851,3.54603,2.90359
"GIMAP5",4.05583,4.24297,4.78159
"GIMAP6",2.56661,2.86198,2.49949
"GIMAP7",2.6453,2.9663,2.75884
"GIMAP8",3.04202,3.73952,3.73859
"GIN1",1.89982,1.7087,1.51665
"GINS1",1.56929,1.67885,1.74092
"GINS2",3.25014,3.2389,3.17693
"GINS3",2.00609,2.4165,2.46062
"GINS4",2.19094,2.11671,1.89836
"GIP",2.36379,2.01394,2.12915
"GIPC1",4.50204,4.62309,4.55149
"GIPC2",2.78873,1.93117,2.08348
"GIPC3",3.12114,2.82697,2.91835
"GIPR",3.67297,3.66319,3.66099
"GIT1",4.29264,4.21258,4.28983
"GIT2",3.48373,4.08321,3.51809
"GJA1",4.6883,4.27506,3.68437
"GJA10",2.04047,2.1852,2.98425
"GJA3",3.57284,3.84546,3.80361
"GJA4",4.28436,3.73914,4.27179
"GJA5",1.64098,2.06861,1.7595
"GJA8",2.17059,2.54897,2.3592
"GJA9",2.50609,2.18532,1.38476
"GJB1",4.79468,3.99433,4.48663
"GJB2",2.91797,2.6117,2.58223
"GJB3",2.84898,2.30751,2.64747
"GJB4",3.11295,2.61638,3.18823
"GJB5",2.99317,3.25482,2.98369
"GJB6",3.15216,2.91193,3.30787
"GJB7",1.73832,1.76338,1.57475
"GJC1",3.8277,4.08818,3.58681
"GJC2",4.09768,3.59022,3.42884
"GJC3",3.55531,3.52903,4.16551
"GJD2",4.15753,3.99792,3.99761
"GJD3",3.90792,4.10208,3.95052
"GJD4",3.43755,3.24966,3.39179
"GK",3.02277,3.51046,2.63731
"GK2",1.86237,1.41127,1.25599
"GK3P",2.80792,2.09059,3.13293
"GK5",4.36015,4.09076,4.01858
"GKAP1",2.26856,2.58409,2.35914
"GKN1",1.374,1.37596,1.22509
"GKN2",1.59427,1.48868,1.0974
"GLA",3.59206,2.39453,2.63361
"GLB1",2.7854,2.65341,2.82403
"GLB1L",3.03703,2.80405,2.69542
"GLB1L2",3.86978,3.9445,4.19424
"GLB1L3",3.38865,3.29264,3.39607
"GLCCI1",4.11452,4.81878,4.46786
"GLCE",2.68907,2.78966,2.88668
"GLDC",3.05737,3.65134,3.59944
"GLDN",2.00806,3.03172,2.17964
"GLE1",3.56766,3.74851,3.5576
"GLG1",5.14367,5.5071,4.82616
"GLI1",3.29345,3.63266,3.49424
"GLI2",3.04616,3.46898,3.42154
"GLI3",4.25074,4.3139,3.73227
"GLI4",4.04657,4.30285,4.48191
"GLIPR1",3.88894,3.41244,3.53677
"GLIPR1L1",2.63589,2.40251,2.91241
"GLIPR1L2",1.29897,1.55839,1.35299
"GLIPR2",4.65091,4.95384,5.0759
"GLIS1",3.66111,4.34495,3.79807
"GLIS2",3.87885,4.04745,3.74271
"GLIS3",2.87759,3.59592,3.80212
"GLMN",2.07693,1.95258,1.59433
"GLO1",5.35766,5.19561,5.33565
"GLOD4",3.2526,3.50114,3.48472
"GLOD5",2.23995,2.30327,2.00763
"GLP1R",3.21044,2.68266,3.04968
"GLP2R",2.34328,2.0093,2.6365
"GLRA1",1.85793,1.91782,1.76084
"GLRA2",1.99704,1.61454,1.44491
"GLRA3",1.78974,1.5975,1.44843
"GLRA4",3.22182,2.87375,3.24205
"GLRB",1.66947,1.82266,1.67071
"GLRX",5.29044,4.34484,4.86982
"GLRX2",2.54167,2.93392,3.07368
"GLRX3",4.17901,4.36273,3.6708
"GLRX5",4.81687,4.56071,4.79714
"GLS",3.28644,4.32581,3.27424
"GLS2",3.57475,3.82189,3.33664
"GLT1D1",2.29667,2.1642,1.77792
"GLT25D1",3.18035,3.92306,3.68384
"GLT25D2",2.97583,4.34351,2.91063
"GLT6D1",2.13621,1.7811,2.15436
"GLT8D1",3.56648,4.33469,3.29029
"GLT8D2",2.5882,3.4348,2.69879
"GLTP",3.98783,4.34625,4.9255
"GLTPD1",3.11015,3.32151,3.40981
"GLTPD2",3.46196,3.4964,3.78426
"GLTSCR1",3.82387,3.70177,3.34145
"GLTSCR2",6.31996,5.90776,6.09675
"GLUD1",6.25578,6.34479,5.67136
"GLUD2",1.81415,1.73401,1.56677
"GLUL",4.84785,4.42738,4.13049
"GLYAT",1.92328,1.95035,2.02399
"GLYATL1",3.22341,3.42947,3.35197
"GLYATL2",1.75316,1.66256,1.65067
"GLYCTK",3.87318,4.04698,3.48472
"GLYR1",4.34468,3.86253,3.99224
"GM2A",4.60781,4.70581,4.73271
"GMCL1",3.14981,3.42281,2.95289
"GMCL1L",1.61207,1.29901,1.33023
"GMDS",3.48077,3.56609,3.04543
"GMEB1",2.90861,3.1903,2.85649
"GMEB2",3.75133,3.19714,3.59458
"GMFB",3.06069,2.22523,2.98323
"GMFG",3.0066,3.63474,3.66564
"GMIP",3.90454,3.56555,3.5759
"GML",2.14927,2.31596,2.25728
"GMNN",2.47284,3.37446,3.43266
"GMPPA",4.14136,4.30965,4.3833
"GMPPB",4.0881,3.51402,3.78075
"GMPR",5.18291,5.03071,4.73583
"GMPR2",4.24921,4.28188,4.3288
"GMPS",3.8971,3.71896,4.19022
"GNA11",4.03562,4.60247,4.17016
"GNA12",4.34056,4.45055,3.79275
"GNA13",3.82466,3.57092,3.62166
"GNA14",2.483,2.08186,2.13772
"GNA15",3.89825,3.88373,3.62612
"GNAI1",2.92716,2.97867,3.04691
"GNAI2",4.8235,5.26068,5.08304
"GNAI3",3.93339,3.80556,4.04131
"GNAL",2.484,2.73396,2.63467
"GNAO1",3.51515,5.06869,3.96969
"GNAQ",6.55094,6.03116,6.80916
"GNAS",6.10889,6.25885,6.05557
"GNAT1",2.22507,2.27728,2.3165
"GNAT2",3.35339,3.16154,2.79436
"GNAZ",3.97853,4.44371,4.15205
"GNB1",5.55985,5.6399,5.59575
"GNB1L",3.13696,3.29414,3.3835
"GNB2",4.9381,4.89064,4.55788
"GNB2L1",6.69309,7.97106,6.85707
"GNB3",2.5921,2.3752,2.76359
"GNB4",2.6556,3.34445,2.42667
"GNB5",3.32665,3.09689,3.03903
"GNE",3.66809,3.98427,3.67913
"GNG10",4.96979,5.34809,5.22719
"GNG11",2.05825,2.32765,2.22655
"GNG12",5.16457,5.55166,3.93296
"GNG13",4.34827,4.29068,4.45776
"GNG2",3.41803,2.61916,2.98204
"GNG3",2.617,3.41913,3.08592
"GNG4",4.6227,3.83753,3.90591
"GNG5",5.71936,5.12604,5.31726
"GNG7",3.54162,2.868,3.33833
"GNG8",3.00316,3.16461,2.9336
"GNGT1",1.03664,1.22371,1.35128
"GNGT2",2.32638,2.30767,2.60216
"GNL1",4.26706,3.77738,3.64276
"GNL2",3.68551,3.69456,3.63496
"GNL3",3.92529,4.30279,3.96285
"GNL3L",4.16761,4.63443,3.73412
"GNLY",2.25418,2.60036,2.13131
"GNMT",3.59562,3.76053,3.94496
"GNN",1.85075,1.74833,1.48531
"GNPAT",3.405,3.63875,3.6423
"GNPDA1",3.14904,3.40264,3.37007
"GNPDA2",1.56315,2.04065,1.56198
"GNPNAT1",4.76975,4.76182,4.77171
"GNPTAB",3.82104,4.65086,4.87257
"GNPTG",4.88049,4.51788,4.2726
"GNRH1",3.52503,2.85098,3.12369
"GNRH2",4.02359,4.0575,4.20489
"GNRHR",1.73743,2.13049,1.82365
"GNRHR2",3.86107,3.79516,3.98013
"GNS",4.61595,4.69295,4.18449
"GOLGA1",2.91826,3.56125,2.42092
"GOLGA2",4.55916,4.6597,4.65274
"GOLGA2B",2.47109,2.11272,2.35469
"GOLGA2P2Y",3.95342,3.99017,3.97386
"GOLGA3",4.82488,5.20316,4.5201
"GOLGA4",4.1322,3.85812,3.94834
"GOLGA5",4.45078,4.23693,3.97405
"GOLGA6A",3.59986,3.07538,3.91717
"GOLGA6B",3.20112,3.07601,3.47575
"GOLGA6L1",2.43601,2.5424,2.41679
"GOLGA6L10",5.1604,5.67984,5.80925
"GOLGA6L2",2.94033,2.62731,3.03518
"GOLGA6L5",5.32154,5.8781,5.67999
"GOLGA6L9",5.46189,5.84589,5.77675
"GOLGA7",5.06056,4.74717,4.79641
"GOLGA7B",2.5354,2.56744,2.81693
"GOLGA8B",5.9119,6.49233,5.88936
"GOLGA8C",3.18372,3.26394,3.27529
"GOLGA8DP",3.4756,3.59131,3.67344
"GOLGA8E",3.37259,3.32105,3.40569
"GOLGA8F",3.47866,3.5002,3.44165
"GOLGA8G",3.14907,3.22015,3.28848
"GOLGA8H",4.10159,4.6778,4.07191
"GOLGA8IP",4.03665,4.52921,4.01775
"GOLGB1",6.23847,6.02069,6.28432
"GOLIM4",4.54228,4.78858,4.59346
"GOLM1",7.39043,5.65647,6.67173
"GOLPH3",5.71656,5.2818,4.63896
"GOLPH3L",3.81221,3.58768,2.91267
"GOLT1A",4.33378,3.90961,4.09923
"GOLT1B",2.85311,2.35371,2.61926
"GON4L",4.15512,4.92839,4.10715
"GOPC",4.27996,4.58197,3.44588
"GORAB",3.04865,3.89451,2.89127
"GORASP1",4.2176,3.73521,3.90286
"GORASP2",5.7259,5.58221,5.26843
"GOSR1",3.88946,3.85622,3.70552
"GOSR2",3.31128,3.76689,3.02243
"GOT1",3.49543,3.59501,3.48903
"GOT1L1",3.4657,3.63398,3.96477
"GOT2",4.38564,4.56434,4.5727
"GP1BA",2.79322,2.87387,3.3591
"GP1BB",4.42483,4.59766,4.9921
"GP2",2.91143,2.78679,3.12643
"GP5",3.54129,3.53916,3.52244
"GP6",4.84464,4.58161,4.69144
"GP9",3.11048,3.12216,3.27508
"GPA33",2.30463,2.98964,2.32879
"GPAA1",3.3372,3.06853,3.19123
"GPAM",2.72153,2.63265,2.53809
"GPAT2",3.98794,3.69073,4.06853
"GPATCH1",2.33421,2.16096,2.17672
"GPATCH2",3.18702,2.77607,2.88816
"GPATCH3",3.27607,3.57851,2.95694
"GPATCH4",3.68984,4.15372,4.58888
"GPATCH8",4.42277,4.60539,3.95321
"GPBAR1",3.61911,3.00781,3.84081
"GPBP1",5.76557,6.20665,5.44453
"GPBP1L1",5.3312,5.40121,4.89045
"GPC1",4.15329,3.84113,4.04907
"GPC2",3.07976,3.11868,3.33159
"GPC3",2.78307,2.15713,2.58076
"GPC4",2.23752,1.70927,2.02974
"GPC5",1.8968,1.96412,1.92556
"GPC6",3.20353,3.68292,3.1744
"GPCPD1",3.74395,2.97789,3.04697
"GPCRLTM7",3.08461,2.33381,2.56173
"GPD1",2.64475,2.44655,3.0465
"GPD1L",2.94228,3.83462,4.04392
"GPD2",2.25007,2.58206,2.43575
"GPER",3.4542,3.32782,4.11575
"GPHA2",3.36316,3.33324,3.48386
"GPHB5",3.8791,4.03533,3.70692
"GPHN",3.68312,3.61749,3.89988
"GPI",5.31073,5.60239,5.14729
"GPIHBP1",4.16347,4.18378,4.14791
"GPKOW",4.75194,3.73667,4.28623
"GPLD1",1.86855,2.02386,1.73209
"GPM6A",2.20041,2.49757,2.26024
"GPM6B",3.6226,4.40896,3.50328
"GPN1",3.82609,4.45968,3.48829
"GPN2",4.23721,4.32096,3.85739
"GPN3",2.90502,2.47268,2.22855
"GPNMB",4.71566,4.20758,4.23957
"GPR1",1.85411,1.86602,2.38312
"GPR101",2.76796,2.59261,2.97967
"GPR107",4.2214,4.49794,3.49798
"GPR108",4.07366,4.11006,3.59271
"GPR109A",3.03504,3.25904,3.49292
"GPR109B",1.96476,2.13498,2.12457
"GPR110",1.90945,2.22435,2.47257
"GPR111",2.33734,2.49376,3.01324
"GPR112",1.89911,1.65704,1.9377
"GPR113",3.44927,2.52028,3.33898
"GPR114",3.11627,2.9453,3.22656
"GPR115",1.59492,1.76747,1.60723
"GPR116",2.8522,2.99495,2.98262
"GPR119",3.18793,2.67334,3.01837
"GPR12",2.74014,2.83738,2.91917
"GPR120",2.87585,2.09822,2.25411
"GPR123",3.70492,3.63872,4.01766
"GPR124",3.58583,3.775,3.50816
"GPR125",3.52694,3.92212,2.6253
"GPR126",2.64085,2.71463,2.90386
"GPR128",1.50803,1.51755,1.43842
"GPR132",3.0415,3.14289,2.81
"GPR133",3.16548,3.5964,3.47035
"GPR135",2.94701,3.26714,3.2703
"GPR137",4.81146,4.36759,4.91729
"GPR137B",3.44335,4.5521,3.01678
"GPR137C",2.03579,2.20043,2.12053
"GPR139",5.01494,5.23787,5.39089
"GPR141",1.85551,2.13049,2.11317
"GPR142",3.67741,3.89984,4.19349
"GPR143",3.07327,2.74635,2.95764
"GPR144",3.9247,3.9259,4.23327
"GPR146",2.34656,2.08926,2.26823
"GPR148",3.66942,3.65915,4.54256
"GPR149",2.5361,2.84172,2.75085
"GPR15",1.66007,1.96871,2.19118
"GPR150",3.97244,4.30185,4.58542
"GPR151",2.45392,1.98055,2.11289
"GPR152",3.02198,2.98728,2.91631
"GPR153",4.12424,4.29714,4.06838
"GPR155",3.94844,3.57282,3.39936
"GPR156",1.51535,1.4956,1.98065
"GPR157",3.69408,3.34427,3.55662
"GPR158",1.88662,2.41237,2.03091
"GPR160",3.79869,3.92828,3.92597
"GPR161",4.10165,4.16662,3.98143
"GPR162",3.18248,3.08576,2.58654
"GPR17",3.95031,3.80864,3.88004
"GPR171",2.27413,2.54784,2.7254
"GPR172A",4.60769,4.23923,4.57401
"GPR172B",3.69732,3.36016,3.80569
"GPR173",2.79576,3.76984,3.89302
"GPR174",1.35115,1.58825,1.26457
"GPR176",3.31103,3.60209,3.77714
"GPR179",3.15861,3.10495,3.33605
"GPR18",3.99928,4.25628,4.78913
"GPR180",3.02074,3.30294,3.4273
"GPR182",4.20356,3.66345,4.32824
"GPR183",3.90323,2.96126,4.097
"GPR19",1.68017,1.25303,2.04165
"GPR20",4.38483,3.76031,4.34805
"GPR21",2.05629,2.00333,2.46353
"GPR22",3.5057,2.90403,3.36165
"GPR25",3.41381,3.5214,3.76315
"GPR26",2.85802,2.79893,2.90126
"GPR27",5.19463,5.08906,5.01152
"GPR3",4.82116,4.28645,4.41877
"GPR31",3.5025,2.87572,2.76884
"GPR32",2.13902,1.71727,1.71693
"GPR34",2.38022,2.83236,2.01216
"GPR35",4.43081,3.98621,4.85916
"GPR37",2.68714,1.82815,3.13787
"GPR37L1",4.18435,3.84139,4.45519
"GPR39",1.64672,1.91692,1.58113
"GPR4",4.44444,4.09015,4.25355
"GPR44",4.2585,4.07854,4.37059
"GPR45",1.94289,2.4071,1.78741
"GPR50",2.47763,1.96633,2.21203
"GPR52",3.04556,3.36764,2.92569
"GPR55",2.60484,2.90008,2.57352
"GPR56",3.21652,2.90752,3.48266
"GPR6",3.39963,3.38901,3.53626
"GPR61",4.18315,4.00533,4.18667
"GPR62",3.55326,3.83102,4.00068
"GPR63",2.60698,3.20416,2.88012
"GPR64",2.33832,3.01809,2.78644
"GPR65",2.63341,1.82005,2.31392
"GPR68",2.83669,2.90426,2.7079
"GPR75",3.45351,3.55302,3.42472
"GPR77",2.65137,2.50348,1.90525
"GPR78",3.00572,3.0973,3.2162
"GPR81",2.09371,2.05573,2.07899
"GPR82",1.92352,2.2437,2.43427
"GPR83",2.83422,3.2343,2.86305
"GPR84",1.98748,1.75885,2.62024
"GPR85",1.40458,1.60245,1.60194
"GPR87",2.01604,1.93598,2.33221
"GPR88",3.53397,3.71597,3.73171
"GPR89A",3.56853,4.5081,4.01209
"GPR89B",3.64016,4.36122,3.67228
"GPR97",3.3011,2.95445,2.93754
"GPR98",2.72962,2.22399,2.82484
"GPRASP1",3.77137,3.09499,3.45133
"GPRASP2",3.43434,3.06572,2.36482
"GPRC5A",2.64689,2.53216,2.95238
"GPRC5B",4.03133,4.39599,3.77895
"GPRC5C",4.68785,3.65935,4.22991
"GPRC5D",2.76932,2.82582,2.50583
"GPRC6A",1.39417,1.4133,1.40266
"GPRIN1",3.73739,3.59689,3.50748
"GPRIN2",3.15258,3.02172,3.40693
"GPRIN3",3.44821,2.71156,2.63341
"GPS1",4.07197,4.42509,4.21891
"GPS2",6.03946,5.77307,6.10311
"GPSM1",3.22237,3.89299,3.75077
"GPSM2",2.5407,3.15286,2.56678
"GPSM3",4.70411,4.23534,4.4163
"GPT",3.76336,2.99649,3.37545
"GPT2",4.10989,3.30772,3.49117
"GPX1",4.89485,4.86744,4.65972
"GPX2",2.73902,3.09653,3.20343
"GPX3",4.88335,4.63403,4.00785
"GPX4",5.75315,6.21606,4.87104
"GPX5",2.50762,2.73404,2.44779
"GPX6",2.29928,1.97701,2.52494
"GPX7",3.47331,4.03455,3.23861
"GPX8",2.81515,4.46592,2.26267
"GRAMD1A",3.60546,4.4038,3.57265
"GRAMD1B",2.0374,2.22347,2.29173
"GRAMD1C",2.24907,2.03836,2.10159
"GRAMD2",2.25191,2.03105,2.47991
"GRAMD3",4.88274,3.76696,4.12531
"GRAMD4",3.25794,3.26323,3.88124
"GRAP",1.81943,1.7966,1.39023
"GRAP2",2.86941,3.23655,3.0859
"GRAPL",3.42666,3.3586,3.55958
"GRASP",3.77185,3.12168,3.09881
"GRB10",3.9437,4.77463,4.53831
"GRB14",1.47213,1.3876,1.62135
"GRB2",4.26967,4.18511,4.70726
"GRB7",3.43373,3.02606,3.27232
"GREB1",5.53919,5.27041,6.18054
"GREB1L",1.93572,2.04661,2.00421
"GREM1",3.95208,3.27124,4.07506
"GREM2",2.16919,2.05631,2.26685
"GRHL1",4.09928,3.22079,4.07216
"GRHL2",5.37099,5.25889,5.64996
"GRHL3",3.14584,2.85302,3.32565
"GRHPR",3.91444,4.43361,4.25358
"GRIA1",2.04413,1.81659,1.92182
"GRIA2",1.62788,1.69851,1.58975
"GRIA3",2.06374,1.54625,1.5535
"GRIA4",1.67488,1.40039,1.4925
"GRID1",3.21762,2.99185,3.14948
"GRID2",2.34129,1.75505,2.1347
"GRIK1",2.04316,1.46861,2.38644
"GRIK1.AS",2.1687,1.77601,1.61859
"GRIK2",2.36802,1.74779,2.13323
"GRIK3",2.39572,2.20146,2.11848
"GRIK4",3.37014,3.12916,3.0747
"GRIK5",3.40639,3.20887,3.06785
"GRIN1",3.11364,2.92565,2.9111
"GRIN2A",2.19352,1.63043,2.35717
"GRIN2B",2.1798,1.83316,2.23725
"GRIN2C",3.36168,3.17008,3.38731
"GRIN2D",2.9703,3.76363,3.37201
"GRIN3A",2.39044,2.13122,2.08144
"GRIN3B",4.3266,4.01233,4.19455
"GRINA",4.84921,4.90941,4.70063
"GRIP1",2.52839,2.48257,2.3165
"GRIP2",2.71313,2.54663,2.43152
"GRIPAP1",3.43356,3.93309,3.28439
"GRK1",2.35544,1.9739,2.2715
"GRK4",2.42345,2.41348,2.98205
"GRK5",3.30485,3.48216,3.43985
"GRK6",3.91622,4.30426,4.23626
"GRK7",1.98798,1.77507,1.99554
"GRLF1",5.10591,5.34573,4.86493
"GRM1",2.31529,2.19584,2.44308
"GRM2",2.80692,2.59278,2.34411
"GRM3",1.86315,1.89101,2.00795
"GRM4",4.08974,4.31453,4.16934
"GRM5",3.17772,2.94181,3.54591
"GRM6",2.81445,2.9836,2.78998
"GRM7",2.01632,1.88346,2.12848
"GRM8",1.77285,1.47179,2.18493
"GRN",4.75142,4.8053,4.33593
"GRP",3.55459,2.82894,3.53476
"GRPEL1",3.52349,2.98245,3.89499
"GRPEL2",2.87204,2.71677,3.31343
"GRPR",1.87389,1.6556,2.05864
"GRRP1",4.58877,4.0806,4.43768
"GRSF1",3.7223,3.98905,3.77716
"GRTP1",3.10987,3.27849,3.62276
"GRWD1",3.90637,3.69815,4.10946
"GS85",4.64763,3.76204,4.99741
"GSC",3.2407,3.26126,3.71142
"GSC2",3.99155,3.71664,3.99572
"GSDMA",3.24317,2.97176,3.35313
"GSDMB",2.38422,2.70681,2.3341
"GSDMC",1.89642,1.64789,1.65712
"GSDMD",4.04476,4.06956,3.81039
"GSG1",2.66327,2.34871,2.31813
"GSG1L",3.23959,3.30149,3.35321
"GSG2",2.33384,2.09518,2.27671
"GSK3A",5.11043,4.86744,5.27535
"GSK3B",3.84153,4.02882,3.72106
"GSN",5.32611,5.92388,4.74421
"GSPT1",4.96184,4.41073,4.02696
"GSPT2",3.3677,3.30797,3.92338
"GSR",4.56093,4.7434,4.23241
"GSS",3.33167,3.98591,3.71231
"GSTA1",3.11107,2.4065,2.72167
"GSTA2",2.05232,1.39632,1.62374
"GSTA3",1.6719,1.40234,1.60468
"GSTA4",3.59329,4.65091,3.62715
"GSTA5",1.87414,1.28167,1.56995
"GSTCD",2.35539,2.87555,2.69002
"GSTK1",3.42543,3.83408,3.04178
"GSTM1",2.14333,3.28853,2.68425
"GSTM2",3.8913,4.3989,3.48771
"GSTM2P1",2.36017,2.50555,2.38139
"GSTM3",2.76134,3.12786,2.72152
"GSTM4",3.29463,3.65347,3.00971
"GSTM5",1.99992,3.73154,2.70614
"GSTO1",4.39661,4.05688,3.99883
"GSTO2",4.05017,3.0658,3.83257
"GSTP1",5.39426,5.73197,4.98363
"GSTT1",4.91671,4.48293,3.47859
"GSTT2",3.56837,4.1543,3.91578
"GSTTP1",1.5748,1.49057,1.447
"GSTZ1",3.53491,4.28544,3.58394
"GSX1",4.34681,4.6273,4.8025
"GSX2",4.64147,4.56129,5.00992
"GTDC1",2.00346,3.01004,3.08084
"GTF2A1",4.69905,4.75563,5.07664
"GTF2A2",3.15836,4.17741,3.58408
"GTF2B",3.0062,3.177,2.6475
"GTF2E1",1.94736,1.90885,2.33573
"GTF2E2",3.5712,3.15295,2.99872
"GTF2F1",4.60387,4.55526,4.44482
"GTF2F2",3.66046,3.16969,2.93444
"GTF2H1",3.75813,4.04061,3.80044
"GTF2H2",3.39078,4.17386,3.66874
"GTF2H2D",3.52561,4.33151,3.81387
"GTF2H3",2.57215,2.31178,2.67491
"GTF2H4",3.18457,2.89142,2.82442
"GTF2H5",2.20266,2.60099,2.35984
"GTF2I",4.61317,5.11361,5.2649
"GTF2IRD1",3.27706,3.93309,4.37453
"GTF2IRD2",4.68583,4.50833,4.71425
"GTF2IRD2B",4.81729,4.73904,4.73069
"GTF3A",3.69526,3.93826,4.10463
"GTF3C1",4.8584,5.03817,4.86375
"GTF3C2",3.257,3.61733,3.37155
"GTF3C3",2.54563,3.08642,2.74334
"GTF3C4",3.09796,3.73099,3.98911
"GTF3C5",3.61902,4.32908,3.7967
"GTF3C6",4.59741,4.11454,3.24517
"GTPBP1",5.19449,4.27707,4.6064
"GTPBP10",2.53146,3.18508,2.69692
"GTPBP2",3.56155,3.58314,3.36793
"GTPBP3",3.51503,3.60692,3.36567
"GTPBP4",4.13956,3.38509,3.94449
"GTPBP5",3.18651,3.06956,3.20143
"GTPBP6",3.37177,3.27875,3.28571
"GTPBP8",2.90076,2.79824,2.90719
"GTSCR1",2.77625,2.34546,2.63138
"GTSE1",2.61353,2.67909,2.94129
"GTSF1",2.18995,1.98948,2.18092
"GTSF1L",1.55393,2.29937,2.19658
"GUCA1A",2.72495,1.977,2.32874
"GUCA1B",2.76927,2.24192,2.34808
"GUCA1C",1.11738,1.50501,1.26671
"GUCA2A",4.11656,3.90109,4.27174
"GUCA2B",4.46166,4.57487,4.57064
"GUCY1A2",3.48204,3.62724,3.42605
"GUCY1A3",5.31837,4.68566,5.17462
"GUCY1B2",2.04978,2.03066,2.22993
"GUCY1B3",3.40262,3.62533,3.8865
"GUCY2C",1.73562,2.01509,1.85422
"GUCY2D",3.31606,3.18955,3.10322
"GUCY2F",2.24151,1.92653,2.03898
"GUF1",2.76178,3.49028,3.59759
"GUK1",4.83531,4.8027,5.15574
"GULP1",4.46264,4.06711,4.67984
"GUSB",4.76067,4.77649,4.81271
"GUSBL1",5.43349,6.95936,6.53156
"GUSBP1",5.8851,6.73875,6.10597
"GUSBP3",6.17068,6.68494,5.5302
"GUSBP4",3.55336,3.93279,4.19138
"GVINP1",2.74894,3.30366,3.11384
"GXYLT1",2.83419,2.74641,2.24646
"GXYLT2",3.05502,3.11912,3.23704
"GYG1",3.76157,3.93577,3.86257
"GYG2",2.99078,2.98078,3.05023
"GYLTL1B",4.31536,3.79501,4.75854
"GYPA",1.41639,1.57673,1.53641
"GYPB",1.54895,1.54875,1.03773
"GYPC",4.52237,4.52183,4.05101
"GYPE",2.55092,2.64837,2.12358
"GYS1",3.17211,4.2699,3.77268
"GYS2",1.74292,1.47172,1.9874
"GZF1",3.15346,2.35454,2.53201
"GZMA",2.82152,2.77643,2.58217
"GZMB",3.65064,3.63542,3.70773
"GZMH",4.18425,4.2058,4.16801
"GZMK",1.75161,1.71269,1.76315
"GZMM",5.13878,4.58063,5.23212
"H19",5.06464,5.19221,4.1942
"H1F0",6.90549,6.43188,6.4316
"H1FNT",4.11113,4.20613,4.2205
"H1FOO",4.07634,3.62294,4.39221
"H1FX",4.66279,4.8507,4.89942
"H2AFB1",2.5127,2.76955,2.76102
"H2AFJ",3.08056,3.1709,4.10816
"H2AFV",5.28836,4.66724,5.24821
"H2AFX",4.96085,4.90128,4.57305
"H2AFY",4.53835,4.81259,4.62396
"H2AFY2",2.81183,3.3745,3.10221
"H2AFZ",3.23971,3.31485,2.93147
"H2BFM",3.69963,3.49538,3.89026
"H2BFWT",2.03415,2.19261,2.51198
"H3F3A",6.91874,7.1218,6.88508
"H3F3B",5.10509,5.0183,4.71928
"H3F3C",3.61853,3.61791,2.76966
"H6PD",3.0854,3.58162,2.61515
"HAAO",4.22769,4.09245,4.47929
"HABP2",3.2246,3.23705,3.1768
"HABP4",3.9361,4.06304,3.68624
"HACE1",2.79795,3.06128,2.78385
"HACL1",3.71107,3.39031,3.05334
"HADH",3.21163,3.66814,3.47164
"HADHA",5.29492,4.62099,5.24349
"HADHB",4.63937,4.72053,3.97829
"HAGH",5.23855,4.86653,5.06907
"HAGHL",4.57706,4.3747,4.5051
"HAL",1.81346,1.64288,1.74938
"HAMP",4.0429,4.19436,3.83437
"HAND1",2.72613,2.72622,2.70073
"HAND2",2.10523,1.92432,2.47615
"HAO1",1.49248,1.6367,1.5623
"HAO2",1.78575,1.83369,2.1057
"HAP1",3.70565,3.55423,3.87571
"HAPLN1",1.54619,1.79243,1.19396
"HAPLN2",4.11368,4.1637,3.97759
"HAPLN3",3.82744,2.87977,3.31346
"HAPLN4",4.30631,4.29644,4.47551
"HARBI1",2.65233,2.44129,2.21645
"HARS",3.82685,3.46368,3.26225
"HARS2",2.59447,2.97023,2.49562
"HAS1",4.28708,3.82962,4.28026
"HAS2",2.72072,2.11044,2.36501
"HAS3",3.11096,3.16735,3.28275
"HAT1",2.74389,2.68925,2.77718
"HAUS1",1.67043,2.76217,2.40548
"HAUS2",2.04206,2.16282,2.2947
"HAUS3",2.72078,2.90387,3.08189
"HAUS4",3.10363,3.55527,3.22516
"HAUS5",3.01625,2.79109,3.24371
"HAUS6",2.07863,2.62815,2.21192
"HAUS7",3.14589,3.67857,2.95144
"HAUS8",1.91395,2.46547,2.95499
"HAVCR1",2.42332,1.84759,2.00844
"HAVCR2",1.98461,1.6915,2.16077
"HAX1",4.00389,3.23254,3.74795
"HBA1",5.16323,4.8234,4.75276
"HBA2",5.16323,4.8234,4.75276
"HBB",5.11674,3.81604,4.47147
"HBCBP",2.84688,3.16169,3.19667
"HBD",2.2913,2.17938,3.10273
"HBE1",1.9945,2.70095,2.60381
"HBEGF",4.65048,2.82454,3.70497
"HBG1",2.38276,2.18615,2.81401
"HBII.52.27",1.14599,1.36854,1.09217
"HBII.52.28",1.18707,1.34604,1.09479
"HBM",2.65526,2.55492,2.39629
"HBP1",4.14961,4.11067,4.22196
"HBQ1",4.87625,4.45938,4.52024
"HBS1L",3.25732,3.74244,2.54248
"HBXIP",4.99428,4.63349,4.56463
"HBZ",2.42768,2.83533,2.64991
"HCCS",3.20281,3.62352,3.16064
"HCFC1",4.31228,3.68841,3.61478
"HCFC1R1",4.07145,4.2307,4.4553
"HCFC2",2.90252,2.68267,3.34102
"HCG27",3.57171,3.16182,4.08022
"HCG4",2.97714,3.34257,3.41525
"HCG8",4.26179,5.32131,4.06806
"HCG9",1.82692,1.92966,2.41914
"HCK",4.00173,4.07723,3.90149
"HCLS1",3.67546,3.48859,3.69158
"HCN1",2.08104,2.14247,2.21333
"HCN2",4.02681,3.5069,3.42892
"HCN3",3.2453,2.70823,2.94987
"HCN4",3.77481,3.66691,3.53413
"HCP5",3.29561,2.37614,3.088
"HCRP1",4.45077,4.47734,4.229
"HCRT",3.84824,3.66618,4.59512
"HCRTR1",4.05763,3.52757,3.84737
"HCRTR2",2.13755,1.91362,2.06899
"HCST",3.78132,3.86314,3.63762
"HDAC1",4.23349,4.65221,4.08947
"HDAC10",4.26954,4.15517,4.08075
"HDAC11",2.0209,2.42228,1.8758
"HDAC2",4.25863,4.53083,4.45835
"HDAC3",3.92948,4.2296,4.49583
"HDAC4",4.20613,4.0365,4.13949
"HDAC5",4.76114,4.6096,4.44727
"HDAC6",3.66501,3.38506,3.54094
"HDAC7",4.4988,4.41863,4.3387
"HDAC8",2.7128,3.11605,2.92508
"HDAC9",3.25632,2.86631,2.84836
"HDC",2.46007,2.17729,2.20771
"HDDC2",4.2864,4.55567,3.75729
"HDDC3",3.06588,3.60935,3.46764
"HDGF",5.82126,5.94947,4.95367
"HDGFL1",3.69523,3.62854,3.76714
"HDGFRP2",4.48394,4.44713,4.35978
"HDGFRP3",4.56609,4.5312,3.5438
"HDHD1",3.2455,3.25669,3.29512
"HDHD2",3.45696,3.83554,4.09264
"HDHD3",4.09885,3.89482,4.07387
"HDLBP",5.02883,5.32597,5.15999
"HDX",1.92191,1.96239,1.83386
"HEATR1",3.1226,3.14466,2.99826
"HEATR2",3.76991,4.37889,4.12205
"HEATR3",2.28542,2.22583,2.07649
"HEATR4",2.00842,2.18212,2.46752
"HEATR5A",2.54045,2.84385,2.70752
"HEATR5B",3.77523,4.52051,4.52465
"HEATR6",3.59508,5.04522,4.44146
"HEATR7A",4.17925,3.7995,4.14021
"HEATR7B1",2.46226,2.26533,2.59861
"HEATR7B2",1.72403,1.63657,1.81258
"HEBP1",4.23919,4.42246,3.72235
"HEBP2",6.23121,5.55208,5.82787
"HECA",3.69473,3.73987,3.60042
"HECTD1",4.61536,4.94053,4.51499
"HECTD2",3.21535,3.85723,3.25955
"HECTD3",2.91149,3.49978,3.21327
"HECW1",2.72557,2.64161,2.95847
"HECW2",2.41528,2.61829,2.5056
"HEG1",3.76262,4.11584,3.54317
"HEJ1",1.40163,1.45473,1.68268
"HELB",3.55285,2.40156,2.59571
"HELLS",1.76716,2.00094,1.67997
"HELQ",1.75196,2.02451,1.84452
"HELT",3.67402,3.3714,3.38605
"HELZ",4.9989,5.65268,4.52996
"HEMGN",1.84586,1.63212,1.46864
"HEMK1",3.23659,3.62993,3.77698
"HEPACAM",3.21466,2.95339,3.50076
"HEPACAM2",1.64159,1.64698,1.56902
"HEPH",3.00786,3.3867,2.44818
"HEPHL1",1.78029,2.09551,2.17075
"HEPN1",3.64984,3.766,3.48804
"HERC1",3.90698,4.19271,3.67047
"HERC2",3.1923,3.24045,3.21907
"HERC2P2",5.06721,6.15111,5.39689
"HERC2P3",4.84341,6.32137,5.48143
"HERC2P4",4.06279,5.57415,4.98536
"HERC3",3.77151,4.32104,4.23689
"HERC4",2.5603,2.82498,2.55605
"HERC5",2.68551,2.66607,2.41715
"HERC6",4.69806,2.74084,2.96724
"HERPUD1",5.60595,5.44165,6.05188
"HERPUD2",4.24231,4.43089,3.7026
"HES1",6.06795,5.4284,5.50373
"HES2",3.54149,2.84224,3.1758
"HES3",2.807,2.53211,2.71343
"HES4",5.1681,4.82571,5.19621
"HES5",4.01041,3.68464,3.79798
"HES6",3.60094,3.08341,3.05512
"HES7",2.36567,2.63126,2.03821
"HESX1",1.67515,1.66508,1.59866
"HEXA",4.01576,4.33673,4.42047
"HEXB",4.73631,4.92836,4.77018
"HEXDC",3.98033,4.2999,4.19517
"HEXIM1",4.95043,5.90993,5.63062
"HEXIM2",4.12153,3.56889,3.94436
"HEY1",3.42936,3.47387,3.88902
"HEY2",3.07342,2.96989,3.12267
"HEYL",4.88087,4.66042,4.6763
"HFE",2.11198,2.59859,2.11877
"HFE2",2.69097,2.697,2.52743
"HFM1",1.54206,1.74645,1.63971
"HGC6.3",3.11776,3.61957,3.54131
"HGD",3.49871,3.75725,4.27128
"HGF",1.96974,1.99446,2.24747
"HGFAC",3.27621,2.69033,2.66636
"HGS",4.05763,4.17086,4.3311
"HGSNAT",4.15171,4.4887,4.29776
"HHAT",3.50611,3.30173,2.96432
"HHATL",2.99347,2.84925,2.95362
"HHEX",2.09948,2.47927,2.47211
"HHIP",2.86473,2.41314,2.61446
"HHIPL1",3.61852,3.78559,3.57685
"HHIPL2",3.02848,3.18787,3.41683
"HHLA1",2.24044,2.2929,2.14466
"HHLA2",1.919,1.18032,1.52566
"HHLA3",3.50594,4.04475,3.47826
"HIAT1",4.493,4.06853,4.27387
"HIATL1",3.61092,3.12435,3.32101
"HIATL2",3.78318,4.21744,4.34358
"HIBADH",3.85931,4.34129,3.84338
"HIBCH",3.58481,3.84236,3.81184
"HIC1",4.70505,4.10537,4.05974
"HIC2",4.9067,4.58028,4.66144
"HIF1A",4.39031,3.87427,4.18381
"HIF1AN",2.02938,1.69398,1.81338
"HIF3A",3.13431,4.08995,3.59536
"HIGD1A",3.46551,3.32333,2.99433
"HIGD1B",2.94707,2.90804,2.98278
"HIGD2A",4.14202,4.66738,4.88878
"HIGD2B",2.6197,2.32539,2.35372
"HILS1",4.90395,4.92399,4.91772
"HINFP",2.7758,2.55597,3.12886
"HINT1",4.94287,4.96507,4.61462
"HINT2",4.48801,3.4033,3.88892
"HINT3",3.53644,2.87774,2.83926
"HIP1",2.85492,3.76722,2.7603
"HIP1R",3.80937,3.64166,3.51045
"HIPK1",6.04826,4.88704,5.48218
"HIPK2",5.57475,5.85863,5.64969
"HIPK3",5.21206,4.9561,5.05075
"HIPK4",3.39442,3.22359,3.7154
"HIRA",3.73627,3.57241,4.5151
"HIRIP3",2.41103,2.94995,2.93431
"HIST1H1A",2.39055,2.27228,2.27757
"HIST1H1B",1.97824,1.23458,1.48577
"HIST1H1C",5.174,4.62405,4.61905
"HIST1H1D",3.68465,3.95637,4.00323
"HIST1H1E",5.13064,5.49312,5.33132
"HIST1H1T",1.63133,2.50243,1.42123
"HIST1H2AA",1.7004,2.04217,2.47222
"HIST1H2AB",2.16519,2.38362,1.83298
"HIST1H2AC",6.35553,7.22515,6.66042
"HIST1H2AE",4.66245,5.2717,5.04749
"HIST1H2AG",2.81341,1.87179,2.29134
"HIST1H2AH",1.50391,1.69332,1.75997
"HIST1H2AI",1.87414,2.08405,1.95907
"HIST1H2AJ",4.88506,2.506,4.94521
"HIST1H2AK",3.35116,4.24977,4.18239
"HIST1H2AL",3.22542,2.88445,3.13888
"HIST1H2AM",1.88,1.92781,1.79004
"HIST1H2BA",1.81234,1.32628,1.35297
"HIST1H2BB",3.34046,3.50943,3.63409
"HIST1H2BC",2.96421,3.8742,3.13205
"HIST1H2BD",5.61663,5.91903,5.71924
"HIST1H2BE",1.93066,2.31038,2.58366
"HIST1H2BF",2.97453,2.73709,2.94019
"HIST1H2BG",3.91633,3.82839,4.11052
"HIST1H2BH",4.87999,5.08368,5.29731
"HIST1H2BI",1.3121,1.34751,1.44635
"HIST1H2BJ",1.9212,2.02693,1.98986
"HIST1H2BK",5.71545,5.8153,5.87927
"HIST1H2BL",2.23149,2.70461,2.52579
"HIST1H2BM",3.40791,4.98167,4.00712
"HIST1H2BN",4.01565,3.98656,4.23627
"HIST1H2BO",3.19845,3.01926,2.7982
"HIST1H3A",2.07536,2.15588,2.50681
"HIST1H3B",2,1.75971,2.10334
"HIST1H3C",2.29361,2.21401,2.43921
"HIST1H3D",3.25294,3.77289,3.64248
"HIST1H3E",2.40364,1.83916,1.94681
"HIST1H3F",2.63468,3.1662,2.87547
"HIST1H3G",2.21444,2.17733,2.31667
"HIST1H3H",1.71219,1.86858,2.08293
"HIST1H3I",2.91968,3.25245,3.08541
"HIST1H3J",1.32963,1.81596,1.72997
"HIST1H4A",2.79993,2.90934,2.40666
"HIST1H4B",3.62875,3.99638,2.95397
"HIST1H4C",6.50542,7.05682,6.23125
"HIST1H4D",3.54624,4.60135,3.91148
"HIST1H4E",4.22291,5.22858,4.30757
"HIST1H4F",2.40663,3.20677,2.55766
"HIST1H4G",1.53947,1.3206,1.71729
"HIST1H4H",5.07437,5.3058,4.62719
"HIST1H4I",2.25916,2.11673,2.25838
"HIST1H4J",2.58676,3.15543,2.37143
"HIST1H4K",2.9363,4.27893,3.03819
"HIST1H4L",1.99648,2.19109,1.81421
"HIST2H2AA3",3.8381,3.6253,4.06719
"HIST2H2AB",5.1431,5.39718,4.85546
"HIST2H2AC",5.32458,5.69259,5.66058
"HIST2H2BA",3.28663,4.293,3.5037
"HIST2H2BC",6.25735,6.63609,5.86891
"HIST2H2BE",5.44192,5.43596,4.73923
"HIST2H2BF",3.80728,4.48645,4.07958
"HIST2H3A",3.49107,3.41218,3.27001
"HIST2H3D",4.3383,4.28766,4.16603
"HIST2H4A",3.36841,5.30365,3.86751
"HIST3H2A",2.18657,1.56725,1.5464
"HIST3H2BB",2.68998,2.84562,2.76385
"HIST3H3",2.81468,2.77844,3.28943
"HIST4H4",2.35591,3.29549,3.20048
"HIVEP1",5.46978,5.05503,4.32656
"HIVEP2",3.64708,4.1081,3.70138
"HIVEP3",3.70217,3.5866,3.61914
"HJURP",2.56702,2.65281,2.76132
"HK1",4.09894,4.18429,3.76873
"HK2",5.01773,3.627,3.81099
"HK3",2.59048,2.25194,2.41678
"HKDC1",2.50779,2.05381,2.54631
"HKR1",3.64797,4.16126,4.00271
"HLA.A",7.71316,8.05745,7.83899
"HLA.B",7.29492,7.24089,6.88683
"HLA.C",7.76887,7.81584,7.41132
"HLA.DMA",3.44579,4.08076,3.66916
"HLA.DMB",3.86394,3.40207,3.85188
"HLA.DOA",4.3675,4.02674,4.44291
"HLA.DOB",2.49707,2.43568,2.56365
"HLA.DPA1",5.77786,6.0616,5.41858
"HLA.DPB1",3.44451,3.60678,3.70652
"HLA.DPB2",2.05835,2.07276,2.00736
"HLA.DQA1",5.28568,5.7422,4.83999
"HLA.DQA2",3.58996,3.32567,3.66053
"HLA.DQB1",3.42622,3.75531,3.6504
"HLA.DQB2",3.58788,3.3945,3.63579
"HLA.DRA",5.41077,5.45632,5.13023
"HLA.DRB3",5.05417,5.08791,5.03314
"HLA.DRB4",5.23437,5.25688,5.12767
"HLA.DRB5",1.71084,3.17275,1.73549
"HLA.E",5.88767,5.32691,5.3817
"HLA.F",5.00211,5.06216,4.76181
"HLA.G",6.11823,6.31113,5.28209
"HLA.H",5.70121,5.97165,5.57533
"HLA.J",6.31588,6.953,6.28934
"HLA.L",3.90788,3.86626,3.76095
"HLCS",2.97402,3.21939,2.8573
"HLF",4.48738,4.15576,3.35775
"HLTF",2.8557,3.91187,2.77083
"HLX",3.89428,3.65247,4.21312
"HM13",5.04204,4.87023,4.93288
"HMBOX1",4.36134,4.83721,4.19231
"HMBS",2.64257,2.90213,2.73369
"HMCN1",2.59888,2.88966,1.90935
"HMCN2",3.36281,3.23768,3.28141
"HMG20A",3.39338,3.95011,3.06804
"HMG20B",4.72856,5.0946,4.95847
"HMGA1",5.16225,5.09436,4.9305
"HMGA2",3.17948,3.00643,3.16585
"HMGB1",5.00434,5.33648,4.75917
"HMGB2",4.52852,4.21883,4.37463
"HMGB3",2.62663,3.00405,2.66253
"HMGB3P1",2.87326,3.22876,3.4945
"HMGB4",2.90584,2.29409,2.8351
"HMGCL",3.32041,3.54193,3.46235
"HMGCLL1",1.35144,3.07808,2.35116
"HMGCR",3.15528,3.52986,3.52269
"HMGCS1",4.22762,3.50035,3.62737
"HMGCS2",3.04305,3.34391,3.14697
"HMGN1",5.7527,5.9949,5.40536
"HMGN2",6.59866,6.75582,5.87594
"HMGN3",4.95924,5.39165,4.62882
"HMGN4",4.16896,4.76147,4.49721
"HMGN5",2.69138,3.28137,3.13315
"HMGXB3",4.51219,4.67819,4.60818
"HMGXB4",4.44886,4.10754,4.60296
"HMHA1",3.59405,2.86912,3.35049
"HMHB1",4.21916,3.93622,4.17202
"HMMR",1.7617,1.85488,1.77413
"HMOX1",4.38486,3.75951,4.02011
"HMOX2",5.02279,5.15727,5.48958
"HMP19",2.1548,1.78439,1.94607
"HMX1",3.76916,3.92704,3.71509
"HMX2",2.66143,2.66656,2.45323
"HMX3",4.4135,4.46753,3.82652
"HN1",3.34684,3.41633,3.66447
"HN1L",5.36785,4.91026,5.20346
"HNF1A",2.51027,2.78083,3.0527
"HNF1B",2.57972,2.57737,3.3026
"HNF4A",3.50356,3.61918,3.54474
"HNF4G",1.99337,1.87756,1.71709
"HNMT",3.89176,3.62122,2.79579
"HNRNPA0",4.08379,3.56001,3.54997
"HNRNPA1",6.49713,6.92544,6.08212
"HNRNPA1L2",2.3905,3.12817,2.44642
"HNRNPA1P10",7.27975,7.72839,6.8253
"HNRNPA2B1",7.30478,7.90238,7.6909
"HNRNPA3",7.39386,7.39389,7.66919
"HNRNPA3P1",4.12169,3.85176,4.63126
"HNRNPAB",5.77843,5.49673,5.36969
"HNRNPC",8.43261,8.28057,7.41847
"HNRNPCL1",2.42661,2.67057,2.99451
"HNRNPD",7.3465,7.61435,7.15821
"HNRNPF",6.21389,5.92341,5.08763
"HNRNPH1",6.53408,6.68141,6.18126
"HNRNPH2",5.45764,5.21913,5.77503
"HNRNPH3",4.92713,5.27497,4.25289
"HNRNPK",6.33543,6.49362,6.45968
"HNRNPL",5.57751,5.38686,5.66767
"HNRNPM",5.97108,6.19072,6.09806
"HNRNPR",5.24148,6.07159,4.79304
"HNRNPU",7.13544,6.34153,6.15738
"HNRNPUL1",5.52121,5.29823,4.79576
"HNRNPUL2",4.73935,5.23692,4.35206
"HNRPDL",5.45395,6.29045,5.87101
"HNRPLL",4.93424,4.8591,4.85461
"HOMER1",2.2096,1.9301,2.15831
"HOMER2",5.94441,6.05361,6.18325
"HOMER3",4.78234,4.35872,4.88599
"HOOK1",1.87712,1.77682,2.27137
"HOOK2",4.03663,3.61764,3.47101
"HOOK3",4.20728,4.58697,3.95342
"HOPX",2.2135,2.53508,2.23098
"HORMAD1",1.85995,1.72526,1.84277
"HORMAD2",1.95266,1.74315,2.52925
"HOXA1",3.02764,3.15139,3.02194
"HOXA10",3.25911,3.4464,3.40276
"HOXA11",2.99768,4.29017,3.31116
"HOXA13",4.61476,5.26405,4.54641
"HOXA2",3.3786,2.69443,3.17819
"HOXA3",2.66325,2.56948,2.60713
"HOXA4",2.28454,2.29587,2.39908
"HOXA5",2.60223,3.21629,2.61396
"HOXA6",3.85884,4.26666,4.53088
"HOXA7",3.89329,3.38434,3.26065
"HOXA9",4.70495,4.59617,4.64722
"HOXB1",3.23658,3.05377,3.07225
"HOXB13",5.47073,5.2966,5.57431
"HOXB2",2.84674,2.26629,2.37451
"HOXB3",3.49722,3.3442,3.19699
"HOXB4",3.94884,3.7445,4.12971
"HOXB5",2.17803,2.24997,2.06743
"HOXB6",2.18541,2.34937,2.63412
"HOXB7",3.27441,3.28199,3.35744
"HOXB8",2.27928,2.41071,2.39596
"HOXB9",2.93665,2.55385,3.23217
"HOXC10",2.10948,2.5504,2.55198
"HOXC11",2.99612,3.20579,3.02238
"HOXC12",3.12826,3.12596,2.82528
"HOXC13",2.92292,3.01446,3.28104
"HOXC5",2.22324,2.29741,2.09525
"HOXC6",2.70627,3.02951,2.88571
"HOXC8",3.56588,2.66693,3.52374
"HOXC9",1.71596,1.65591,1.97908
"HOXD1",3.70855,3.81793,4.18208
"HOXD10",4.43745,3.42727,3.51645
"HOXD11",3.97912,3.71488,3.86914
"HOXD12",2.07084,1.90984,1.82582
"HOXD13",4.12691,4.5606,3.75137
"HOXD3",2.39112,3.22179,2.86877
"HOXD4",4.32618,4.62576,4.33213
"HOXD8",2.70074,2.70085,2.71847
"HOXD9",3.75862,3.83547,4.06761
"HP",1.08681,1.60666,1.51258
"HP1BP3",5.10038,5.65653,5.06191
"HPCA",3.59133,2.87493,3.60352
"HPCAL1",3.89732,4.12828,4.27353
"HPCAL4",2.49879,2.0829,2.51628
"HPD",2.41172,2.29702,2.20209
"HPDL",2.63122,2.13107,3.23664
"HPGD",1.99043,1.67679,2.80846
"HPGDS",1.61184,2.8285,2.01801
"HPN",3.74405,4.40172,4.51988
"HPR",2.24451,1.97585,1.97732
"HPRT1",3.74698,3.27426,3.64001
"HPS1",3.71923,3.44633,3.35994
"HPS3",2.77842,3.62519,2.67618
"HPS4",3.28857,3.53445,3.56441
"HPS5",2.62677,2.99536,2.79931
"HPS6",3.39443,3.11567,2.87289
"HPSE",2.92626,2.46808,2.51666
"HPSE2",3.12483,3.19848,3.15143
"HPX",2.40617,3.19504,2.69602
"HR",4.51212,3.92538,4.01408
"HRAS",5.46992,4.68969,5.05189
"HRASLS",2.27076,1.94,1.86346
"HRASLS2",1.90836,1.67635,1.99589
"HRASLS5",3.37954,3.17959,2.94469
"HRC",3.45314,3.03945,2.73671
"HRCT1",3.80999,3.16208,3.58133
"HRG",1.90575,1.80212,1.50778
"HRH1",2.81132,2.55575,3.32977
"HRH2",2.53213,2.33818,3.07013
"HRH3",3.00223,2.88646,2.63205
"HRH4",1.43423,1.35933,1.67247
"HRK",5.56475,5.47147,5.41825
"HRNR",2.27796,2.02157,1.80922
"HRSP12",1.92653,2.30881,1.81201
"HS1BP3",3.77155,4.08608,4.27094
"HS2ST1",4.48317,4.35834,4.30991
"HS3ST1",4.0751,3.85635,3.76315
"HS3ST2",4.20376,3.91761,3.9057
"HS3ST3A1",4.44585,4.52193,4.97568
"HS3ST3B1",2.89184,2.66655,3.03678
"HS3ST4",2.82128,2.8418,2.80538
"HS3ST5",2.71368,2.12418,2.44821
"HS3ST6",4.52599,4.33676,4.03983
"HS6ST1",3.85359,3.76763,3.4926
"HS6ST2",2.00545,2.02455,2.16799
"HS6ST3",3.17145,2.87798,2.86784
"HSBP1",5.25613,4.98582,5.15806
"HSCB",4.47492,4.38812,4.28789
"HSD11B1",2.53738,3.41955,2.25733
"HSD11B1L",3.38761,2.79523,3.09232
"HSD11B2",3.29725,3.6541,3.1671
"HSD17B1",4.27026,3.75056,4.25215
"HSD17B10",4.91397,4.94777,4.91398
"HSD17B11",3.40521,2.94908,3.82711
"HSD17B12",3.65543,3.89578,3.5271
"HSD17B13",2.0379,1.48651,2.21782
"HSD17B14",3.1172,3.17545,2.56558
"HSD17B2",2.32472,2.29175,2.01555
"HSD17B3",2.26771,1.96554,2.38661
"HSD17B4",4.96628,5.48466,5.71943
"HSD17B6",2.69352,3.01489,2.48441
"HSD17B7",3.96244,3.27387,3.51245
"HSD17B7P2",3.63474,4.14835,2.63484
"HSD17B8",4.19325,4.02993,4.26781
"HSD3B1",2.18577,2.0049,2.42384
"HSD3B2",2.05514,1.8061,2.15449
"HSD3B7",4.35592,4.37647,4.78709
"HSD3BP4",1.91427,3.09257,3.77189
"HSDL1",3.58969,3.78573,3.31165
"HSDL2",2.46753,2.56966,2.62094
"HSF1",5.40673,5.29845,4.93559
"HSF2",2.55731,2.95329,2.99397
"HSF2BP",3.23569,2.65549,2.94303
"HSF4",4.99148,5.09811,4.96889
"HSF5",2.07612,1.98082,1.81722
"HSFX1",3.60824,3.79603,3.87845
"HSFY2",1.64013,1.35248,1.5852
"HSH2D",3.31718,2.66212,2.57307
"HSP90AA1",6.07586,5.95264,5.34119
"HSP90AA2",1.75618,1.85345,1.40304
"HSP90AA4P",1.44742,1.53327,1.562
"HSP90AA5P",1.53604,1.61376,1.26931
"HSP90AA6P",1.50141,1.86352,2.40589
"HSP90AB1",6.68325,6.83602,5.54525
"HSP90AB2P",3.18244,3.23127,3.42105
"HSP90AB3P",2.84709,2.92337,2.98846
"HSP90AB4P",2.62148,2.7608,2.53282
"HSP90AB5P",1.87673,1.86834,1.87442
"HSP90AB6P",1.83681,1.56577,1.60342
"HSP90B1",7.71584,7.80567,7.89247
"HSP90B2P",1.79497,1.45286,1.42334
"HSP90B3P",1.68435,1.94192,1.26592
"HSPA12A",2.6484,3.01973,2.7762
"HSPA12B",3.65002,3.51727,3.50005
"HSPA13",2.60663,2.94188,2.56127
"HSPA14",2.73669,2.79747,2.49982
"HSPA1A",7.48748,7.01266,7.06596
"HSPA1B",5.6155,4.95915,5.38886
"HSPA1L",2.3781,2.68509,2.41495
"HSPA2",3.93095,2.84972,3.23628
"HSPA4",3.66858,4.06684,4.41808
"HSPA4L",2.62581,1.90802,1.7189
"HSPA5",5.09604,5.74944,5.94469
"HSPA6",2.81071,2.74865,2.47197
"HSPA7",3.67974,2.66337,3.21223
"HSPA8",7.40704,7.87774,6.61291
"HSPA9",5.40634,5.5415,4.75223
"HSPB1",5.64826,5.67365,5.49736
"HSPB11",3.34513,3.73536,4.11321
"HSPB2",2.26146,2.76264,2.89165
"HSPB3",2.36353,2.32415,1.99394
"HSPB6",4.2865,4.61608,3.28189
"HSPB7",2.69817,2.18983,2.58094
"HSPB8",4.49947,3.40407,3.41433
"HSPB9",2.01571,1.71175,2.19231
"HSPBAP1",3.70902,3.9938,4.1624
"HSPBP1",4.48432,4.47341,4.40369
"HSPC157",3.34237,3.18916,2.9283
"HSPC159",4.08984,3.94949,3.63707
"HSPD1",5.11327,5.34173,5.48644
"HSPE1",5.57062,4.81602,5.25206
"HSPG2",4.47917,5.18121,4.47116
"HSPH1",4.26615,4.88566,3.99507
"HTATIP2",2.46554,2.32174,2.43064
"HTATSF1",4.53794,3.9088,3.85583
"HTN1",1.45481,1.8426,1.98173
"HTN3",1.4984,1.52251,1.91026
"HTR1A",3.39251,2.68406,2.73695
"HTR1B",5.01818,4.71894,4.28801
"HTR1D",2.31211,2.42458,2.77247
"HTR1E",2.2006,1.85019,1.83255
"HTR1F",1.84068,1.53966,1.56831
"HTR2A",1.56849,1.83499,1.53296
"HTR2B",3.40619,2.90324,2.8109
"HTR2C",1.52271,1.38161,1.48059
"HTR3A",3.55142,2.84006,3.64163
"HTR3B",1.82071,1.64028,1.81291
"HTR3C",2.60504,3.02539,2.88918
"HTR3D",2.56845,2.58359,2.92723
"HTR3E",2.59452,2.07496,2.4869
"HTR4",2.28931,2.61249,2.34334
"HTR5A",2.5948,2.51407,2.87218
"HTR6",3.16103,2.9585,3.37061
"HTR7",3.53555,2.86094,3.60521
"HTR7P1",2.59305,2.62884,2.77184
"HTRA1",4.79667,4.71199,4.63727
"HTRA2",3.16838,3.2662,3.2459
"HTRA3",4.64438,4.30224,4.28215
"HTRA4",2.79395,3.13041,2.87154
"HTT",3.55951,3.66099,3.178
"HUNK",2.46659,2.34101,2.27093
"HUS1",3.7828,3.72972,3.3603
"HUS1B",3.08438,3.26694,2.72279
"HUWE1",5.60828,5.62796,5.40082
"HVCN1",2.81807,3.53572,2.7955
"HYAL1",3.03465,2.70335,2.84539
"HYAL2",3.15891,3.18526,2.90067
"HYAL3",2.99977,3.38568,3.50916
"HYAL4",1.54868,1.70013,1.357
"HYDIN",2.70949,2.43949,2.6466
"HYI",4.28024,4.20927,4.64773
"HYLS1",1.85655,1.92298,2.18117
"HYOU1",5.00068,4.32005,4.38486
"IAH1",4.36341,4.36673,4.63441
"IAPP",1.17147,1.46203,1.50285
"IARS",3.85412,4.47046,4.24928
"IARS2",4.03894,4.18245,4.14325
"IBSP",2.91185,2.45639,2.3885
"IBTK",3.50802,4.19935,4.16176
"ICA1",4.02654,4.28978,3.50635
"ICA1L",3.46547,3.98877,3.22857
"ICAM1",4.33786,3.74309,3.93715
"ICAM2",4.61772,4.16437,4.12003
"ICAM3",2.57986,2.4036,2.88573
"ICAM4",2.92872,2.39953,3.49915
"ICAM5",3.68519,3.62181,4.21695
"ICK",3.78664,4.25693,3.69055
"ICMT",2.17999,1.9712,2.55153
"ICOS",1.79755,1.51356,1.63672
"ICOSLG",4.18971,3.42682,4.18329
"ICT1",4.26965,4.26711,4.22848
"ID1",3.7433,3.30245,3.32288
"ID2",5.40939,4.47026,5.71297
"ID2B",2.91759,3.2797,3.68059
"ID3",2.49048,3.0565,2.89085
"ID4",4.77178,5.19225,4.28732
"IDE",3.90591,4.04258,3.9895
"IDH1",5.69742,6.16524,5.27664
"IDH2",5.66433,5.48594,5.30348
"IDH3A",3.79024,3.56163,3.16575
"IDH3B",3.38247,3.46933,2.81233
"IDH3G",4.80858,4.31546,4.10636
"IDI1",3.0907,2.91414,3.2797
"IDI2",2.06175,1.64579,2.08415
"IDO1",1.92698,1.85208,1.72519
"IDO2",1.83791,1.87096,1.61159
"IDS",5.02396,5.12769,4.91313
"IDUA",3.6348,4.9459,3.95816
"IER2",4.30356,3.93985,4.05443
"IER3",5.52083,4.62786,4.79451
"IER3IP1",2.32298,2.63369,3.22035
"IER5",5.13052,4.90463,4.80646
"IER5L",4.16263,4.42771,4.48524
"IFFO1",3.24713,3.68139,2.98412
"IFFO2",4.43536,3.02868,3.62038
"IFI16",4.03037,3.79334,2.97843
"IFI27",4.19602,3.86878,4.48201
"IFI27L1",4.45033,3.9446,4.69807
"IFI27L2",5.49067,5.17673,6.01658
"IFI30",4.73103,4.52513,4.3616
"IFI35",3.96693,4.06231,3.49845
"IFI44",4.27608,3.73661,2.2112
"IFI44L",4.73442,3.38642,2.43162
"IFI6",6.61714,4.64719,4.10561
"IFIH1",2.89377,3.24163,3.20387
"IFIT1",4.75476,2.56458,1.9846
"IFIT1B",1.82222,2.25818,1.70654
"IFIT2",2.51191,2.53073,1.77009
"IFIT3",3.09771,3.11117,2.31873
"IFIT5",2.86297,2.93468,2.38529
"IFITM1",6.90593,4.73356,4.72407
"IFITM2",6.72387,5.98953,5.7849
"IFITM3",6.42911,5.13049,4.9621
"IFITM5",2.27913,2.68466,2.59412
"IFLTD1",1.53108,1.92105,1.62598
"IFNA1",2.5203,2.53529,2.19753
"IFNA10",1.26183,1.06355,1.85019
"IFNA13",2.45094,1.81549,2.52105
"IFNA14",1.46676,1.71796,1.4138
"IFNA16",1.24236,1.29342,1.73189
"IFNA17",1.99237,1.99672,2.18173
"IFNA2",1.80605,2.07296,1.28739
"IFNA21",1.21858,1.41057,1.79163
"IFNA4",1.78878,1.83587,2.05222
"IFNA5",1.46339,1.72714,1.56018
"IFNA6",1.96132,1.72468,2.38153
"IFNA8",2.51992,2.49051,2.39983
"IFNAR1",4.59656,4.59959,4.7767
"IFNAR2",2.62562,3.32814,3.09865
"IFNB1",1.4775,1.34101,1.29614
"IFNE",1.38037,1.17454,1.20235
"IFNG",2.14248,1.8026,1.83988
"IFNGR1",5.05137,5.19872,4.50637
"IFNGR2",3.8478,3.9829,4.2583
"IFNK",2.07359,2.13096,2.53474
"IFNW1",2.33269,2.18843,1.90587
"IFRD1",4.16692,4.00469,3.6381
"IFRD2",3.74431,3.68015,3.81395
"IFT122",3.43944,3.73333,3.598
"IFT140",3.12006,3.4551,3.35759
"IFT172",2.75549,3.06178,3.13204
"IFT20",4.18409,3.37841,3.29328
"IFT27",3.6063,4.0693,3.49403
"IFT46",3.99517,4.89853,4.25767
"IFT52",2.7666,2.90028,2.49071
"IFT57",4.52227,4.93751,5.08106
"IFT74",3.5995,4.12316,3.2611
"IFT80",2.46403,3.21428,2.54824
"IFT81",2.69426,3.40893,2.73467
"IFT88",3.26696,3.22626,3.02618
"IGBP1",3.51714,3.71444,3.79123
"IGDCC3",4.50549,4.13976,4.59061
"IGDCC4",2.61358,2.7496,2.74927
"IGF1",4.58282,5.34614,4.26538
"IGF1R",4.3193,4.18641,4.67492
"IGF2",3.16896,5.94713,3.74905
"IGF2AS",4.19175,4.29825,3.72579
"IGF2BP1",1.96442,1.92739,1.99222
"IGF2BP2",2.44684,2.72162,2.76522
"IGF2BP3",2.67908,2.85342,2.87837
"IGF2R",4.55704,4.76267,4.51861
"IGFALS",4.48068,4.45838,4.25437
"IGFBP1",4.15951,3.69146,4.15327
"IGFBP2",4.62911,4.63028,4.60762
"IGFBP3",4.35465,3.84666,3.88518
"IGFBP4",5.52741,5.86274,4.90781
"IGFBP5",6.89112,6.62034,6.09587
"IGFBP6",5.27224,5.30164,5.21764
"IGFBP7",5.95863,6.86968,5.92437
"IGFBPL1",3.60429,3.19341,3.47505
"IGFL1",3.21256,2.99431,3.58482
"IGFL2",2.72942,3.12185,3.37933
"IGFL3",2.96765,2.40386,2.7798
"IGFL4",2.52276,2.26194,2.37505
"IGFN1",3.03429,3.24073,3.26465
"IGHA1",5.59485,4.32382,5.57582
"IGHA2",3.23862,2.8928,3.29367
"IGHD",5.00395,3.40337,3.8629
"IGHE",3.29633,2.66274,2.60263
"IGHM",2.82037,3.07933,3.47775
"IGHMBP2",3.53836,3.39256,3.54923
"IGHV1OR21.1",2.27384,1.59736,1.85695
"IGHV3.48",4.61323,3.86964,4.82859
"IGHV4.59",2.32918,2.68953,2.90109
"IGHV5.78",5.10972,5.149,5.30192
"IGHV7.81",2.34625,2.62124,2.5428
"IGJ",3.24065,2.1339,3.9027
"IGK.",4.4024,4.11493,4.52017
"IGKC",3.67666,3.4928,4.12735
"IGKV1.5",4.21535,4.72642,5.10403
"IGKV1D.8",3.80396,3.56404,4.20849
"IGKV2.40",1.24213,2.87531,1.11766
"IGKV3D.11",3.03823,2.66515,3.00741
"IGKV4.1",1.62101,1.521,1.75687
"IGLJ3",5.59474,4.45482,5.44243
"IGLL1",4.59971,4.05106,4.57888
"IGLL3P",5.10864,4.63616,5.00174
"IGLL5",3.49216,3.68754,3.70528
"IGLON5",2.77034,2.66251,2.97811
"IGLV6.57",3.57942,3.04031,3.21082
"IGLV7.46",1.86752,2.65429,2.26936
"IGSF1",2.06963,2.11672,2.11574
"IGSF10",1.62257,2.1381,1.94771
"IGSF11",2.80415,2.15458,2.13674
"IGSF21",2.92558,2.98876,3.42003
"IGSF22",3.29773,2.46616,2.75311
"IGSF3",3.43436,3.50556,3.90698
"IGSF5",2.14195,2.7644,2.36755
"IGSF6",3.73929,4.22437,4.32835
"IGSF8",4.67659,4.66844,4.67327
"IGSF9",3.38376,2.92495,2.76601
"IGSF9B",3.67722,3.60885,2.939
"IHH",2.66558,2.81554,2.93781
"IK",4.07802,4.25992,4.01069
"IKBIP",2.13021,2.21396,2.02036
"IKBKAP",4.20331,4.58148,4.14616
"IKBKB",4.97625,4.95607,4.1517
"IKBKE",2.88214,2.87594,2.93621
"IKBKG",2.55475,1.82286,2.36126
"IKZF1",1.91982,1.88014,1.87666
"IKZF2",3.5027,3.06564,3.33732
"IKZF3",2.21894,2.11817,2.40129
"IKZF4",3.49011,2.83916,2.84782
"IKZF5",2.83492,3.03412,2.46798
"IL10",2.28244,1.99232,2.49897
"IL10RA",2.57388,3.15978,3.13679
"IL10RB",3.78899,3.29438,3.42671
"IL11",3.8113,3.42817,3.91233
"IL11RA",3.77231,4.24793,3.87837
"IL12A",2.21128,2.17552,1.89663
"IL12B",2.80428,2.13624,2.64147
"IL12RB1",2.56534,2.25624,2.48743
"IL12RB2",1.47716,1.42944,1.53311
"IL13",2.38469,2.03031,2.19489
"IL13RA1",4.71389,4.22419,3.82137
"IL13RA2",1.66161,1.50409,1.60225
"IL15",1.7431,2.12106,1.96815
"IL15RA",4.78008,5.05508,4.94812
"IL16",3.94746,4.44371,4.43438
"IL17A",3.0963,3.15999,3.20303
"IL17B",4.3932,3.986,4.79845
"IL17C",5.12103,4.54173,4.97398
"IL17D",4.0872,3.99782,4.10673
"IL17F",3.1553,3.0922,3.68752
"IL17RA",3.80243,3.87291,4.17752
"IL17RB",1.9319,1.8397,2.20148
"IL17RC",4.2582,4.02501,4.20033
"IL17RD",2.8657,3.19663,2.81072
"IL17RE",3.10142,3.71876,3.39391
"IL17REL",3.22471,2.68969,2.88133
"IL18",1.55497,1.54549,1.56183
"IL18BP",4.23539,4.72268,4.64542
"IL18R1",1.38273,1.62698,1.949
"IL18RAP",1.60996,1.47523,1.78559
"IL19",2.19949,1.68019,2.03623
"IL1A",1.55664,1.73858,1.78062
"IL1B",1.60848,1.49358,2.04773
"IL1F10",2.6013,3.06372,2.39961
"IL1F5",3.00124,3.20385,3.27991
"IL1F6",2.90174,2.75419,2.83693
"IL1F7",1.76246,2.2225,2.07127
"IL1F8",2.96746,2.15248,2.30997
"IL1F9",2.45407,2.28285,2.78359
"IL1R1",6.01414,5.01365,5.62341
"IL1R2",3.53222,2.98056,3.17691
"IL1RAP",2.51788,2.32573,2.44681
"IL1RAPL1",2.22385,2.08013,2.1035
"IL1RAPL2",1.6279,1.45395,1.50917
"IL1RL1",2.65588,2.40699,2.77472
"IL1RL2",2.0319,1.68994,2.12732
"IL1RN",2.80135,2.67341,3.13456
"IL2",1.25906,1.20037,1.26992
"IL20",1.55694,1.45209,1.55488
"IL20RA",2.5061,2.85482,2.98422
"IL20RB",2.60762,1.99024,2.6031
"IL21",2.06959,1.61608,1.73011
"IL21R",2.95445,2.48712,3.21587
"IL22",1.81605,1.5767,1.80018
"IL22RA1",3.46432,2.27302,3.40992
"IL22RA2",1.76614,1.69964,1.421
"IL23A",4.13307,4.04845,3.99075
"IL23R",1.67457,1.48699,1.65402
"IL24",2.2281,1.99613,2.02211
"IL25",3.12572,2.66532,2.65876
"IL26",1.68545,1.46877,1.48298
"IL27",4.217,3.83587,3.89062
"IL27RA",2.63891,3.14884,2.94516
"IL28A",3.60205,4.20311,3.47485
"IL28B",5.08319,5.07963,5.31335
"IL28RA",3.39681,2.66426,3.35871
"IL29",3.73753,3.75591,3.40135
"IL2RA",3.4994,3.24699,3.13838
"IL2RB",3.29967,2.88352,3.41963
"IL2RG",3.28513,3.25484,3.27984
"IL3",2.52518,2.43718,2.48816
"IL31",2.17191,1.93009,2.22288
"IL31RA",2.42611,2.27336,2.67128
"IL32",4.21111,3.53472,3.98972
"IL33",2.54812,3.32765,2.17538
"IL34",4.15846,3.82296,4.12865
"IL3RA",4.01571,3.38624,3.43185
"IL4",1.65392,1.9829,1.75934
"IL4I1",3.67329,3.90897,4.2277
"IL4R",3.61776,3.35565,3.79134
"IL5",2.26632,1.59342,1.90723
"IL5RA",1.85164,1.92535,2.49771
"IL6",2.83599,1.57562,2.64032
"IL6R",4.21252,3.59066,3.79185
"IL6ST",6.38338,6.23997,5.85988
"IL7",1.7751,1.90054,1.8265
"IL7R",2.87906,2.33052,3.40276
"IL8",4.77312,3.57227,4.13237
"IL9",1.68662,1.67626,2.03723
"IL9R",3.83788,3.80745,4.15975
"ILDR1",3.56665,4.25811,3.7617
"ILDR2",2.35167,2.28726,2.39069
"ILF2",4.71116,5.00212,4.14147
"ILF3",5.24239,5.39152,5.69544
"ILK",5.03896,5.68642,5.49682
"ILKAP",3.88723,3.82821,3.94567
"ILVBL",3.63768,3.38979,3.51911
"IMMP1L",1.71488,1.4046,1.5919
"IMMP2L",1.93943,2.00178,1.77532
"IMMT",4.27191,4.79312,4.47073
"IMP3",4.18367,4.13598,3.92528
"IMP4",4.08756,3.62011,4.30537
"IMP5",5.05335,4.49086,4.6513
"IMPA1",2.6741,2.13734,2.24758
"IMPA2",2.97459,3.05476,3.10784
"IMPACT",3.27085,3.37945,3.79183
"IMPAD1",3.86725,3.90261,3.98275
"IMPDH1",4.77755,4.78783,4.82383
"IMPDH2",4.73871,5.12663,4.52557
"IMPG1",2.14034,2.23043,2.4016
"IMPG2",1.83549,1.96685,1.69386
"INA",1.97768,1.69939,1.76533
"INADL",4.78498,4.82132,4.98564
"INCA1",3.63308,3.69232,3.97225
"INCENP",2.49093,3.3021,2.98898
"INE1",5.60097,4.33417,4.59737
"INF2",3.33922,3.65924,3.40938
"ING1",4.42251,3.58733,4.10027
"ING2",2.64302,2.92264,3.9613
"ING3",2.88555,2.23495,3.13367
"ING4",5.30667,6.18769,5.22153
"ING5",3.64206,3.69169,3.70018
"INGX",3.38025,3.3484,2.88566
"INHA",4.25525,3.93485,4.12536
"INHBA",3.052,3.25904,3.11128
"INHBB",4.27136,4.56099,4.8707
"INHBC",1.77314,1.77002,1.86962
"INHBE",2.3086,2.31268,2.22371
"INMT",4.60669,4.35966,4.17882
"INO80",3.9182,4.25664,3.85631
"INO80B",4.92733,5.13785,5.37422
"INO80C",2.6747,3.46747,3.34369
"INO80D",4.77356,4.65573,4.20949
"INO80E",4.35428,4.09202,4.15991
"INPP1",2.96252,2.94889,2.78197
"INPP4A",3.35484,3.3266,3.29656
"INPP4B",2.83097,3.04833,2.67808
"INPP5A",3.31135,3.52385,3.4036
"INPP5B",2.94982,4.08705,3.29172
"INPP5D",3.7396,4.3251,3.26618
"INPP5E",3.3673,3.67662,2.8568
"INPP5F",2.45025,2.95466,2.55127
"INPP5J",3.5694,3.10999,3.21496
"INPP5K",3.28953,3.19732,3.11455
"INPPL1",4.82551,4.85393,4.67263
"INS.IGF2",3.82348,4.07617,4.11531
"INSC",2.86528,2.60208,2.63088
"INSIG1",4.23129,2.82699,3.91814
"INSIG2",2.44586,2.87699,2.79888
"INSL3",3.1133,3.5182,3.95791
"INSL4",1.6598,1.68172,2.0602
"INSL5",1.68691,1.64432,1.45236
"INSL6",2.02547,1.99485,2.01737
"INSM1",4.79866,4.78258,4.92398
"INSM2",3.36676,3.46059,3.3658
"INSR",4.15814,3.60047,3.92609
"INSRR",3.66158,3.96915,3.38785
"INTS1",3.76013,3.73427,3.68006
"INTS10",4.45687,4.63143,4.31005
"INTS12",2.69808,2.57767,2.50541
"INTS2",1.90042,2.72679,1.81426
"INTS3",4.74407,5.69972,4.55069
"INTS4",3.5801,2.82444,3.49565
"INTS4L1",3.96694,4.02006,3.15774
"INTS4L2",3.87299,4.05769,3.45644
"INTS5",5.29337,5.31788,5.23887
"INTS6",2.9745,3.29102,3.30678
"INTS7",2.46717,2.5368,2.14147
"INTS8",3.3982,3.9525,3.77903
"INTS9",2.89936,3.12759,3.10287
"INTU",2.39343,2.18517,2.35013
"INVS",3.56178,3.63398,3.56974
"IP6K1",1.85405,2.87046,2.25802
"IP6K2",4.50371,4.83469,4.35757
"IP6K3",2.39905,2.42355,2.45807
"IPCEF1",2.46151,2.50181,2.3993
"IPMK",3.71334,3.42124,3.51866
"IPO11",2.71755,2.40601,2.9502
"IPO13",2.64138,3.29081,2.94972
"IPO4",3.6563,3.45726,3.35947
"IPO5",3.3081,4.09357,3.25249
"IPO7",4.09619,3.70328,3.08106
"IPO8",3.19799,3.09309,4.1288
"IPO9",3.73873,3.94804,3.82744
"IPP",3.43127,2.69204,2.88235
"IPPK",3.1541,3.53637,3.04301
"IQCA1",2.98785,2.53521,2.40329
"IQCB1",2.79625,3.56562,3.26211
"IQCC",3.45907,2.91665,3.39957
"IQCD",3.25912,2.97856,3.24526
"IQCE",5.27844,4.87267,4.91048
"IQCF1",1.92103,1.46208,2.02191
"IQCF2",1.83359,1.68186,1.95742
"IQCG",2.49427,2.98704,2.24518
"IQCH",2.03835,2.13651,2.08317
"IQCJ",2.28992,2.00601,2.40053
"IQCK",2.40005,2.78587,2.73308
"IQGAP1",5.80237,5.81733,5.18732
"IQGAP2",4.40466,4.10522,4.1692
"IQGAP3",2.44643,2.3802,2.43872
"IQSEC1",4.51881,4.82939,4.0696
"IQSEC2",3.71557,3.23673,3.21225
"IQSEC3",4.57644,4.35888,4.65666
"IQUB",1.45046,1.9063,1.35396
"IRAK1",3.86309,4.14803,4.49501
"IRAK1BP1",2.08253,2.31151,2.07481
"IRAK2",3.06221,2.84801,2.88002
"IRAK3",3.32831,3.61795,2.858
"IRAK4",3.0237,2.97258,2.99453
"IREB2",4.08869,4.20845,4.05104
"IRF1",5.85886,3.35124,4.5457
"IRF2",4.86374,4.4962,3.82668
"IRF2BP1",4.2364,4.34574,4.39744
"IRF2BP2",5.59808,5.44049,5.27678
"IRF3",4.90672,4.72877,5.03519
"IRF4",2.27827,1.70857,1.74131
"IRF5",2.90255,2.69765,2.91947
"IRF6",4.88516,3.71301,4.10153
"IRF7",4.16997,3.91434,4.49727
"IRF8",3.03656,3.31984,3.25833
"IRF9",4.86619,4.15486,3.67499
"IRG1",2.00307,1.63721,1.9231
"IRGC",2.16786,1.86944,2.75374
"IRGQ",4.04451,4.40135,3.47722
"IRS1",3.11434,2.8471,2.75914
"IRS2",4.79576,3.42937,3.93624
"IRS4",2.08052,2.16079,2.21828
"IRX1",3.72602,3.7083,3.76252
"IRX2",4.19685,4.23396,4.36174
"IRX3",4.57543,4.39891,4.71722
"IRX4",2.44844,2.70675,2.81994
"IRX5",4.25535,4.11065,4.50867
"IRX6",3.9478,4.04861,3.64466
"ISCA1",4.67485,4.86548,4.56184
"ISCA2",3.13813,4.11276,4.24219
"ISCU",4.64706,4.89408,4.42762
"ISG15",5.37658,4.06005,4.1544
"ISG20",3.86407,3.50525,3.94848
"ISG20L2",4.94059,4.30281,4.41786
"ISL1",2.79877,3.3532,2.91575
"ISL2",3.20446,3.55914,3.61143
"ISLR",2.49834,2.81687,2.90403
"ISLR2",2.32913,2.01207,2.08149
"ISM1",2.46493,2.48704,2.07809
"ISM2",4.03232,3.64636,3.8565
"ISOC1",4.09127,3.98449,3.84707
"ISOC2",4.95159,5.14027,4.81077
"ISX",2.99459,2.52721,2.64636
"ISY1",2.53083,3.05316,2.8398
"ISYNA1",4.0063,3.56813,3.46054
"ITCH",4.94319,5.31257,5.34696
"ITFG1",3.31207,3.12663,2.76088
"ITFG2",3.22927,3.35591,3.22643
"ITFG3",4.50794,4.46005,4.15327
"ITGA10",2.58995,2.21711,2.81718
"ITGA11",3.71242,4.06717,3.62673
"ITGA2",2.35437,2.99046,2.48048
"ITGA2B",2.73714,2.50158,3.04616
"ITGA3",4.07804,3.84483,3.59122
"ITGA4",2.23819,2.79983,2.36921
"ITGA5",5.04634,3.95175,3.71177
"ITGA6",4.82438,4.10653,4.18388
"ITGA7",3.11648,2.86038,2.69981
"ITGA8",2.60626,2.35215,3.12116
"ITGA9",3.81858,4.15528,4.22403
"ITGAD",2.89895,2.96932,3.23489
"ITGAE",2.83258,2.41239,2.53066
"ITGAL",2.85682,2.35746,2.87174
"ITGAM",2.39918,1.93281,2.41496
"ITGAV",4.04739,4.89203,4.5974
"ITGAX",3.09883,2.46982,2.65015
"ITGB1",5.43314,5.44872,4.41117
"ITGB1BP1",3.92808,4.18089,3.04798
"ITGB1BP2",2.41003,2.40166,2.5387
"ITGB1BP3",3.52024,3.23957,3.42917
"ITGB2",2.78733,2.85106,2.93216
"ITGB3",2.80912,3.17548,2.21096
"ITGB3BP",3.35008,2.64428,2.76015
"ITGB4",3.41432,3.18075,3.25132
"ITGB5",4.32069,4.26799,4.56423
"ITGB6",3.22343,2.83993,3.42757
"ITGB7",2.80488,3.27302,3.01356
"ITGB8",4.15818,4.9484,3.23861
"ITGBL1",3.13649,3.45072,2.89384
"ITIH1",2.39499,2.47575,2.25234
"ITIH2",2.1894,1.50895,1.92608
"ITIH3",2.986,3.04557,3.14606
"ITIH4",3.97146,3.77469,3.46861
"ITIH5",4.12422,4.12864,4.07878
"ITIH5L",3.81367,2.92407,3.70681
"ITK",1.81317,1.97341,2.30624
"ITLN1",1.88214,1.94061,1.91289
"ITLN2",2.04278,1.75543,1.75915
"ITM2A",3.37095,3.2427,2.60866
"ITM2B",6.89434,6.86668,6.60466
"ITM2C",5.95123,6.09327,5.34343
"ITPA",3.02145,2.89152,3.19291
"ITPK1",3.4927,3.63562,3.60931
"ITPKA",2.78215,2.57809,2.67635
"ITPKB",3.25524,2.96552,3.00427
"ITPKC",5.07425,3.62487,3.64183
"ITPR1",4.024,4.78545,3.82004
"ITPR2",4.64957,5.35613,4.07546
"ITPR3",3.33501,3.4572,3.35136
"ITPRIP",4.13298,3.3409,3.48345
"ITPRIPL1",3.58668,3.25052,3.26845
"ITPRIPL2",3.22537,3.1133,3.18645
"ITSN1",3.54031,3.91046,3.4142
"ITSN2",4.4748,4.52786,4.43849
"IVD",3.41742,3.41494,3.36229
"IVL",2.67147,2.57153,2.78107
"IVNS1ABP",5.18486,4.11,5.1046
"IWS1",4.8646,4.13196,4.3715
"IYD",2.36289,2.20441,2.70646
"IZUMO1",2.16287,1.94828,2.18169
"IZUMO2",2.1056,2.24806,2.33061
"IZUMO4",4.07672,3.66736,3.7982
"JAG1",4.20577,3.86171,4.64597
"JAG2",3.20167,3.47387,3.55369
"JAGN1",3.59736,3.14841,3.62048
"JAK1",4.95342,5.141,4.51892
"JAK2",2.18228,2.84245,2.23282
"JAK3",2.85228,3.18704,2.60401
"JAKMIP1",2.96631,3.58217,2.77559
"JAKMIP2",1.53232,1.78459,1.76159
"JAKMIP3",2.89506,2.72727,3.12826
"JAM2",3.67122,4.16734,3.46597
"JAM3",4.58923,4.56312,3.73494
"JARID2",3.45677,4.23278,3.41124
"JAZF1",3.70319,4.828,4.06064
"JDP2",3.8958,3.76209,4.10352
"JHDM1D",3.09539,3.05023,3.20484
"JKAMP",3.34059,4.03292,3.23385
"JMJD1C",5.52501,4.65984,4.72442
"JMJD4",3.76801,3.73876,4.14089
"JMJD5",2.66505,3.25402,2.85402
"JMJD6",4.27539,3.17252,3.49629
"JMJD7.PLA2G4B",4.17757,4.4024,4.23631
"JMJD8",3.96647,4.25906,4.3115
"JMY",4.33908,4.15998,3.54436
"JOSD1",3.60349,2.19158,4.33201
"JOSD2",3.96744,4.10367,4.13927
"JPH1",2.91886,2.7777,3.26215
"JPH2",3.24523,3.00874,3.19603
"JPH3",2.46194,2.11664,2.40054
"JPH4",4.1936,3.98539,4.24791
"JRK",4.05879,3.98889,4.12832
"JRKL",1.6684,2.21866,1.66622
"JSRP1",4.70227,4.54272,4.49657
"JTB",5.42686,5.05392,4.90026
"JUB",2.53857,2.76786,2.71577
"JUN",7.91656,5.78254,6.99778
"JUNB",8.8537,5.42132,8.16987
"JUND",5.08011,4.5894,4.97323
"JUP",4.70728,4.57991,4.38341
"KAAG1",2.5015,2.27364,2.38553
"KAL1",3.14617,2.5251,2.59248
"KALRN",2.96273,3.32659,3.14242
"KANK1",3.87238,4.36048,4.22266
"KANK2",5.24621,5.24716,4.36936
"KANK3",3.81204,3.49834,3.02895
"KANK4",3.17501,2.52466,3.41903
"KARS",4.31771,4.10027,3.74467
"KAT2A",3.92032,4.73907,4.34402
"KAT2B",4.67779,5.14191,4.37853
"KAT5",3.32813,3.80442,2.76486
"KATNA1",2.97473,3.7629,2.64027
"KATNAL1",2.38672,3.21565,2.495
"KATNAL2",2.35068,2.76038,2.24884
"KATNB1",4.06103,3.46391,3.82406
"KAZ",3.21271,2.8032,3.01141
"KAZALD1",4.00551,4.08806,4.07904
"KBTBD10",1.97644,2.42414,1.80607
"KBTBD11",3.20919,3.33334,3.29214
"KBTBD12",2.27006,1.84253,2.48928
"KBTBD13",3.27278,3.82223,3.68582
"KBTBD2",4.0512,3.55592,3.68999
"KBTBD3",1.37345,1.71765,1.44888
"KBTBD4",3.59449,3.78658,3.62108
"KBTBD5",3.1346,2.8786,3.17785
"KBTBD6",3.99977,3.75018,3.27761
"KBTBD7",3.19733,3.67717,3.62795
"KBTBD8",1.57707,1.81655,1.7853
"KCMF1",3.74642,3.62329,3.56491
"KCNA1",4.10958,3.80739,3.81536
"KCNA10",4.19648,3.92581,4.4159
"KCNA2",2.40272,1.96589,2.13308
"KCNA3",2.57031,2.90374,2.96461
"KCNA4",2.80626,2.86836,2.83156
"KCNA5",2.88879,2.21826,2.25577
"KCNA6",2.59745,2.36154,2.51378
"KCNA7",2.2822,2.93706,2.34387
"KCNAB1",2.9603,2.85401,2.19464
"KCNAB2",2.93357,2.51902,2.72787
"KCNAB3",1.81885,1.89701,2.04706
"KCNB1",2.58469,2.38199,2.78802
"KCNB2",2.3185,2.4692,2.74095
"KCNC1",4.32192,4.12868,4.18067
"KCNC2",3.38604,2.83911,2.93196
"KCNC3",3.20966,3.7046,3.87734
"KCNC4",3.66762,3.61795,3.7993
"KCND1",2.62901,3.18087,2.5979
"KCND2",1.74992,2.21652,1.6656
"KCND3",2.63152,2.2575,2.44224
"KCNE1",3.12206,2.51741,3.22866
"KCNE1L",3.34397,3.35568,3.35075
"KCNE2",1.47645,1.18292,1.86623
"KCNE3",2.77027,2.64577,2.59445
"KCNE4",2.43529,2.55431,2.86996
"KCNF1",4.1403,3.85004,4.44381
"KCNG1",3.10207,3.30478,3.20209
"KCNG2",4.5265,4.13385,4.44216
"KCNG3",2.01419,2.11717,2.63394
"KCNG4",3.26505,3.19743,3.28321
"KCNH1",2.22898,1.99581,2.17386
"KCNH2",3.94123,3.89278,3.67725
"KCNH3",3.20567,2.76559,3.06422
"KCNH4",3.34376,3.01597,3.59024
"KCNH5",1.54355,1.56336,1.95521
"KCNH6",3.15583,2.45116,3.16682
"KCNH7",1.78386,1.68212,2.03193
"KCNH8",2.16222,2.02286,2.66314
"KCNIP1",2.43382,2.18987,2.21111
"KCNIP2",3.52229,3.2206,3.1139
"KCNIP3",3.63545,3.53326,3.68757
"KCNIP4",1.93487,1.76791,1.80987
"KCNJ1",1.68118,1.41096,1.36967
"KCNJ10",3.14788,2.38427,2.97204
"KCNJ11",2.84431,3.10505,2.67699
"KCNJ12",4.39534,4.55266,4.36433
"KCNJ13",3.1673,3.00831,3.83183
"KCNJ14",3.15856,3.59639,3.24734
"KCNJ15",2.74722,2.85326,2.2746
"KCNJ16",1.79952,1.4222,1.67207
"KCNJ2",3.21668,3.14453,4.14671
"KCNJ3",2.85786,3.59104,2.67177
"KCNJ4",3.93516,4.10294,4.03248
"KCNJ5",3.17333,2.76474,3.2886
"KCNJ6",2.77575,2.12797,2.60392
"KCNJ8",3.49601,3.08491,2.78726
"KCNJ9",3.64617,3.63238,3.76779
"KCNK1",4.94779,3.83783,4.83136
"KCNK10",1.88271,1.65151,2.28582
"KCNK12",3.50154,3.47515,3.75395
"KCNK13",3.05552,2.8502,2.42919
"KCNK15",3.84811,3.66345,4.17326
"KCNK16",3.63951,3.13291,4.1349
"KCNK17",3.00313,3.02331,3.38397
"KCNK18",2.46269,2.40407,2.25894
"KCNK2",2.40761,2.21832,2.61838
"KCNK3",3.34284,3.09155,3.16739
"KCNK4",3.19327,3.51514,3.63697
"KCNK5",2.61749,2.77281,2.35584
"KCNK6",3.89623,4.15998,4.23905
"KCNK7",4.02965,3.80275,3.88966
"KCNK9",2.79423,2.09269,2.92079
"KCNMA1",3.73781,4.18942,3.66999
"KCNMB1",3.58843,4.1616,3.71064
"KCNMB2",1.59039,1.88467,2.03429
"KCNMB3",3.69174,3.39941,3.1845
"KCNMB4",3.17881,3.15999,3.41978
"KCNN1",2.88116,2.59096,2.79796
"KCNN2",3.40458,3.28208,3.85186
"KCNN3",3.99961,3.66353,3.64057
"KCNN4",4.20672,3.41572,3.63112
"KCNQ1",3.7112,3.09315,3.0117
"KCNQ1DN",4.30558,4.48925,4.42465
"KCNQ2",2.3358,2.51616,2.17273
"KCNQ3",3.73175,3.66037,3.26347
"KCNQ4",3.23296,3.17188,3.24458
"KCNQ5",2.13993,1.83065,2.04952
"KCNRG",3.67971,4.853,3.23779
"KCNS1",1.74762,1.50091,2.54628
"KCNS2",2.6006,2.36754,2.40566
"KCNS3",2.47873,2.31782,2.4936
"KCNT1",3.00204,3.21723,3.00256
"KCNT2",1.75914,2.77196,1.83578
"KCNV1",2.6087,2.77349,2.7304
"KCNV2",3.01853,2.59235,3.00147
"KCP",4.87658,4.42903,4.68693
"KCTD1",4.17868,4.28748,3.44453
"KCTD10",4.93102,4.84886,4.1108
"KCTD11",3.57534,3.44946,4.00069
"KCTD12",3.61298,4.77285,4.03972
"KCTD13",3.56712,3.84254,2.79741
"KCTD14",3.83433,3.58991,3.76682
"KCTD15",3.60935,4.01811,3.99736
"KCTD16",2.29646,1.98847,2.5125
"KCTD17",4.81208,4.80505,4.56296
"KCTD18",2.88972,3.18272,3.09639
"KCTD19",2.70654,2.15298,2.78113
"KCTD2",3.96665,3.90536,4.08001
"KCTD20",3.57348,4.26706,3.86168
"KCTD21",2.77783,2.94921,3.44324
"KCTD3",3.34693,4.80031,3.81561
"KCTD4",2.3941,2.3966,2.11862
"KCTD5",3.78167,3.49561,3.00745
"KCTD6",2.38165,3.00672,2.42456
"KCTD7",3.36469,3.49188,2.86598
"KCTD8",3.34725,3.35159,3.25464
"KCTD9",4.43417,4.43435,4.81468
"KDELC1",1.54358,2.34372,1.53127
"KDELC2",2.97412,3.43572,2.79966
"KDELR1",5.87593,6.26656,6.23621
"KDELR2",4.53392,5.02025,5.1169
"KDELR3",3.99786,3.14926,3.29415
"KDM1A",4.86287,4.64724,4.19788
"KDM1B",2.71795,3.37242,2.76819
"KDM2A",4.42302,5.05339,4.34968
"KDM2B",2.64481,2.80122,3.30346
"KDM3A",3.80865,3.6289,3.84603
"KDM3B",4.75866,5.18668,4.92451
"KDM4A",3.75793,4.17719,3.25051
"KDM4B",4.45375,4.13021,4.27011
"KDM4C",3.01058,3.6896,2.60068
"KDM4D",2.27029,2.0503,2.08475
"KDM5A",3.22704,3.61307,2.87025
"KDM5B",5.09842,4.98672,4.45808
"KDM5C",4.32725,4.0801,4.19315
"KDM5D",3.68023,3.70832,3.61267
"KDM6A",3.89282,3.92403,3.75544
"KDM6B",5.16822,4.14083,4.82204
"KDR",3.44294,3.17426,3.02553
"KDSR",3.71271,3.68752,3.40672
"KEAP1",3.60561,3.32253,3.59455
"KEL",2.31142,2.85317,3.23387
"KERA",1.89772,1.4145,1.5392
"KGFLP1",4.08603,3.44419,3.55835
"KGFLP2",2.87664,3.0645,3.11759
"KHDC1",2.47436,2.14272,2.74445
"KHDRBS1",4.27324,4.31509,4.3792
"KHDRBS2",1.95541,1.78674,2.08501
"KHDRBS3",3.41265,3.60261,3.82517
"KHK",2.46793,2.34531,2.45781
"KHNYN",3.67419,4.19128,3.28799
"KHSRP",4.21197,4.09459,4.74411
"KIAA0020",2.56931,2.4882,3.0551
"KIAA0040",4.41284,2.85044,2.71238
"KIAA0087",1.96604,2.02265,2.27726
"KIAA0090",3.53401,3.92639,3.79798
"KIAA0100",4.05434,4.49348,4.10603
"KIAA0101",2.02514,2.16014,1.63456
"KIAA0125",2.85066,3.10413,3.14939
"KIAA0141",3.75291,3.82932,4.22637
"KIAA0146",4.71306,4.96162,4.62829
"KIAA0174",5.28084,5.37753,4.97941
"KIAA0182",4.26837,4.72032,4.15804
"KIAA0195",4.62774,4.61076,4.16024
"KIAA0196",3.52298,3.71515,3.14164
"KIAA0226",3.02539,3.79931,3.1681
"KIAA0232",4.42578,4.22766,3.74159
"KIAA0240",5.23733,4.92436,4.92336
"KIAA0247",3.55108,3.24699,3.78457
"KIAA0284",5.18912,4.43181,4.87906
"KIAA0317",3.51803,2.85695,2.89336
"KIAA0319",2.91003,2.7492,2.82577
"KIAA0319L",5.04284,4.34682,4.60796
"KIAA0355",4.94206,4.64209,5.11043
"KIAA0368",4.96242,5.16252,5.01377
"KIAA0391",3.59751,3.4871,3.12336
"KIAA0415",4.38206,4.29446,4.77479
"KIAA0427",4.63313,4.56873,4.57964
"KIAA0430",4.8821,5.32384,4.54918
"KIAA0467",3.34158,3.59971,3.34455
"KIAA0494",5.34402,5.44906,5.58746
"KIAA0495",4.3682,5.51299,5.1249
"KIAA0513",3.50039,3.48076,3.38796
"KIAA0528",4.56763,4.77177,4.37879
"KIAA0556",3.3724,4.092,3.88831
"KIAA0562",4.37724,4.62718,4.21056
"KIAA0564",3.79195,3.95319,3.36895
"KIAA0586",3.80306,4.19812,3.12979
"KIAA0649",3.50735,3.86218,4.01489
"KIAA0664",3.40761,3.54809,3.60083
"KIAA0664L3",3.50014,3.25049,3.32615
"KIAA0748",2.45514,2.11165,1.79702
"KIAA0753",3.10405,4.38125,3.76734
"KIAA0776",3.14911,3.42647,3.34383
"KIAA0802",2.60935,2.82092,2.60563
"KIAA0895",2.71138,2.21444,2.44139
"KIAA0895L",3.617,4.17324,3.91317
"KIAA0907",4.09585,4.38579,4.22485
"KIAA0913",4.20946,4.23372,4.23601
"KIAA0922",3.59551,2.79545,2.79969
"KIAA0947",3.40248,3.59397,3.37691
"KIAA1009",2.10196,2.88162,1.82616
"KIAA1024",2.4234,2.45367,2.16756
"KIAA1033",2.54758,3.57961,3.42921
"KIAA1045",2.63397,2.29023,2.40099
"KIAA1107",2.70679,2.81878,2.58401
"KIAA1109",4.24722,4.70835,4.39828
"KIAA1143",5.30783,4.86347,5.65961
"KIAA1147",3.06181,2.46557,3.00263
"KIAA1161",3.10784,3.22761,3.05883
"KIAA1191",5.2828,5.19315,4.58988
"KIAA1199",3.28095,3.24857,3.47076
"KIAA1210",2.64669,2.85186,2.91136
"KIAA1211",3.96648,4.03376,3.37918
"KIAA1217",5.64109,5.44141,5.27113
"KIAA1239",1.84749,1.84453,2.00337
"KIAA1244",4.33094,4.3092,4.66496
"KIAA1257",2.82786,2.73406,3.11979
"KIAA1267",4.97504,4.96248,4.89469
"KIAA1274",3.02942,3.61287,3.09414
"KIAA1279",3.71264,3.402,3.36799
"KIAA1310",4.31448,4.59604,4.01967
"KIAA1324",6.08798,4.62914,5.14634
"KIAA1324L",2.7843,2.84002,2.83982
"KIAA1328",2.13948,2.81551,2.24838
"KIAA1370",4.57367,5.42188,4.94271
"KIAA1377",3.58402,3.63022,2.69455
"KIAA1383",2.79042,2.22757,3.03477
"KIAA1407",1.98641,2.23485,2.62683
"KIAA1409",2.06903,2.04173,2.03322
"KIAA1429",2.99485,3.75506,2.99764
"KIAA1430",4.28722,5.09036,4.61356
"KIAA1432",3.12026,2.74464,3.13818
"KIAA1462",3.17965,3.86324,3.4557
"KIAA1467",3.34884,2.94695,3.09347
"KIAA1468",3.70902,4.46311,4.3514
"KIAA1486",2.02024,1.9732,2.07782
"KIAA1522",4.18751,4.64037,4.82802
"KIAA1524",2.1756,2.65159,2.15188
"KIAA1530",4.22164,3.97478,4.144
"KIAA1539",3.58115,3.59499,3.63334
"KIAA1543",3.72721,3.0376,3.44228
"KIAA1549",4.28321,3.33949,4.00957
"KIAA1586",3.10009,2.81621,2.47941
"KIAA1598",5.66892,6.03313,5.58303
"KIAA1609",2.87156,2.95837,2.99977
"KIAA1614",3.70694,3.11625,3.53956
"KIAA1632",3.06935,3.64671,2.97289
"KIAA1644",3.00014,2.36142,2.77904
"KIAA1654",4.67547,4.37461,4.27678
"KIAA1656",2.77785,2.02413,2.51546
"KIAA1671",5.05061,4.36402,3.5274
"KIAA1683",4.99241,4.0231,4.49824
"KIAA1704",4.0929,3.99659,4.26614
"KIAA1712",2.04494,1.7947,2.14307
"KIAA1715",4.06104,3.81048,3.67159
"KIAA1731",2.3661,3.46173,3.37295
"KIAA1737",4.3364,4.33858,3.98929
"KIAA1751",2.07591,1.9514,2.50945
"KIAA1755",3.16247,2.88842,3.04625
"KIAA1797",3.70037,3.8712,3.45797
"KIAA1804",2.6741,2.98425,2.51174
"KIAA1826",2.21014,3.13037,2.33461
"KIAA1841",3.64344,4.05382,3.84031
"KIAA1875",3.59117,3.32891,3.72441
"KIAA1919",2.4557,2.7588,2.99293
"KIAA1949",3.14717,3.37992,3.12484
"KIAA1958",2.79617,2.48375,3.24444
"KIAA1967",3.50466,3.22497,3.72014
"KIAA1984",3.57225,3.51086,3.44244
"KIAA2013",4.21283,4.25944,4.26822
"KIAA2018",3.86511,3.71985,3.64115
"KIAA2022",2.78575,2.9327,3.08629
"KIAA2026",4.0425,3.92777,3.40404
"KIDINS220",4.18022,4.54652,4.33069
"KIF11",1.71558,1.98479,1.83217
"KIF12",3.75864,3.4809,3.61415
"KIF13A",4.48108,4.6807,4.35464
"KIF13B",4.85336,3.72593,3.83325
"KIF14",1.4675,1.48936,1.55303
"KIF15",1.2516,1.33935,1.24364
"KIF16B",2.26522,2.89611,2.26819
"KIF17",3.25542,2.85581,2.63549
"KIF18A",1.52774,1.67258,1.3185
"KIF18B",3.22446,2.99758,3.49947
"KIF19",3.46855,3.45138,3.6724
"KIF1A",4.26812,3.64298,3.98396
"KIF1B",4.34168,4.51843,4.60044
"KIF1C",5.1006,5.28457,4.86845
"KIF20A",1.68508,1.98465,1.58539
"KIF20B",1.6288,1.72112,1.35195
"KIF21A",4.22103,4.03939,3.99929
"KIF21B",2.93719,2.84291,3.0171
"KIF22",3.99821,4.1336,4.01065
"KIF23",2.13335,1.98188,2.35327
"KIF24",2.18114,1.77001,1.97636
"KIF25",2.09662,1.8536,1.88156
"KIF26A",3.77236,3.26665,3.97371
"KIF26B",3.16853,3.23113,3.30768
"KIF27",3.90074,4.22425,4.391
"KIF2A",4.17625,4.00292,3.18273
"KIF2B",4.03709,3.81718,3.68876
"KIF2C",1.87579,2.18556,2.10835
"KIF3A",2.96318,3.98581,3.96667
"KIF3B",4.47902,4.55671,4.23458
"KIF3C",3.11339,2.76798,2.91135
"KIF4A",2.18541,2.29497,2.17177
"KIF4B",2.97737,2.05442,2.3054
"KIF5A",2.59283,2.74725,2.8207
"KIF5B",6.66125,6.1436,6.39539
"KIF5C",4.97224,4.21683,4.48234
"KIF6",1.80786,2.21968,1.93358
"KIF7",3.35563,3.31767,3.34631
"KIF9",2.88782,2.86008,2.9478
"KIFAP3",4.03483,4.87982,3.51559
"KIFC1",2.92471,2.78129,2.78211
"KIFC2",3.89404,3.88304,4.01032
"KIFC3",3.71423,3.37389,3.27304
"KIN",2.24135,2.91304,2.17421
"KIR2DL1",2.96457,2.53363,3.26586
"KIR2DL2",2.59866,2.35123,2.95699
"KIR2DL3",2.67941,2.29988,3.42101
"KIR2DL4",2.64839,3.00866,3.09623
"KIR2DL5A",3.25027,2.95204,3.55131
"KIR2DS1",3.18321,3.18739,3.25755
"KIR2DS2",2.95968,2.78069,3.18837
"KIR2DS4",3.66036,3.48594,3.95365
"KIR2DS5",2.25604,1.822,1.86753
"KIR3DL1",3.12828,2.76459,3.40175
"KIR3DL2",3.07455,2.769,3.44318
"KIR3DL3",3.10244,2.82046,3.22198
"KIR3DS1",2.3087,2.22476,2.46952
"KIR3DX1",2.51377,2.03795,2.12601
"KIRREL",3.51878,3.96933,3.71569
"KIRREL2",2.92088,2.70684,2.55043
"KIRREL3",2.85988,2.08269,3.03156
"KISS1",3.96151,3.79086,4.07058
"KISS1R",3.88048,4.13035,3.58359
"KIT",2.41119,1.792,2.09592
"KITLG",3.04902,3.68723,2.87715
"KL",3.56615,3.12759,3.73956
"KLB",2.23097,2.08511,2.3737
"KLC1",4.36233,4.39142,4.0745
"KLC2",3.86977,4.17995,4.08567
"KLC3",3.97713,3.61825,3.90602
"KLC4",3.50093,3.92296,3.53671
"KLF1",4.39861,3.80557,4.53547
"KLF10",6.61078,4.78308,4.91715
"KLF11",4.4238,3.77035,4.10249
"KLF12",2.96271,4.19522,3.09484
"KLF13",4.1458,3.99204,4.29975
"KLF14",3.96564,3.8723,3.73711
"KLF15",3.71104,3.84581,3.48015
"KLF16",4.10112,3.34981,4.10581
"KLF17",2.99322,3.38457,3.16621
"KLF2",4.78836,4.89349,5.06306
"KLF3",6.81042,5.03139,5.66704
"KLF4",5.54801,3.07394,5.66516
"KLF5",4.60137,4.33346,4.24
"KLF6",5.38855,3.69191,4.61703
"KLF7",5.48568,4.84718,5.48224
"KLF8",2.82643,3.82105,2.99618
"KLF9",5.4552,4.78087,4.8866
"KLHDC1",2.71953,3.05215,2.08978
"KLHDC10",3.09083,3.54637,3.21945
"KLHDC2",4.01396,5.40202,4.72881
"KLHDC3",3.42986,3.97436,4.15293
"KLHDC4",3.42937,3.81675,3.61245
"KLHDC5",3.90538,3.48171,3.52375
"KLHDC7A",4.20325,3.80086,3.98905
"KLHDC7B",4.09618,3.5981,4.12135
"KLHDC8A",2.82796,2.79871,2.38423
"KLHDC8B",3.00423,2.82257,3.76255
"KLHDC9",3.20129,3.05067,3.07065
"KLHL1",2.04264,2.04655,1.83682
"KLHL10",2.03556,2.18763,1.82431
"KLHL11",3.09402,3.55966,2.92087
"KLHL12",4.68912,4.55069,4.96139
"KLHL13",2.4858,1.73276,2.57566
"KLHL14",2.57609,2.56253,2.53804
"KLHL15",2.02733,1.80096,2.04153
"KLHL17",3.81544,4.28787,3.80995
"KLHL18",3.33568,2.93098,3.20612
"KLHL2",2.47515,2.67909,2.5939
"KLHL20",3.21325,3.98312,4.11904
"KLHL21",2.87867,2.35913,3.08306
"KLHL22",3.70612,3.85517,3.82223
"KLHL23",3.20662,3.30161,3.43009
"KLHL24",3.84274,4.2405,3.67716
"KLHL25",3.65095,3.59295,3.37613
"KLHL26",3.95436,3.57217,4.05294
"KLHL28",3.62199,3.78006,3.66906
"KLHL29",2.84342,3.079,3.19435
"KLHL3",2.8296,2.32141,3.35018
"KLHL30",2.75654,3.26085,2.53712
"KLHL31",2.41456,2.14506,2.58483
"KLHL32",1.8305,1.77405,2.01617
"KLHL33",3.93872,3.59965,4.32099
"KLHL34",3.43146,3.21881,3.51672
"KLHL35",3.75911,3.55218,3.96383
"KLHL36",4.36597,4.76381,4.67111
"KLHL38",2.43445,1.79863,2.43102
"KLHL4",1.65678,1.22566,1.54738
"KLHL5",3.66822,4.3547,3.29106
"KLHL6",3.6772,3.92305,3.58015
"KLHL7",2.58596,2.89505,2.6199
"KLHL8",3.17314,3.24796,3.21554
"KLHL9",3.76552,4.2144,4.01246
"KLK1",5.00047,3.4104,4.19757
"KLK10",3.47727,3.23457,3.92795
"KLK11",4.95476,5.19478,4.79314
"KLK12",3.36055,3.58308,3.23258
"KLK13",2.76317,3.14856,2.64139
"KLK14",4.0297,3.56612,3.52688
"KLK15",2.49703,2.48031,2.88318
"KLK2",8.10981,8.91691,8.39305
"KLK3",9.42894,9.41975,9.86936
"KLK4",6.44282,6.41179,6.65298
"KLK5",3.21443,3.12648,3.0965
"KLK6",2.82465,2.90766,3.38582
"KLK7",3.08764,3.00116,3.27088
"KLK8",3.7659,3.93885,3.62828
"KLK9",4.07944,3.10746,3.76726
"KLKB1",2.29407,1.80837,1.78475
"KLKP1",2.9847,3.43626,3.29991
"KLRAP1",1.38747,1.31209,1.76021
"KLRAQ1",2.86167,4.07272,3.91071
"KLRB1",2.02946,2.01492,2.40255
"KLRC1",1.85941,1.66594,1.89493
"KLRC2",2.27413,2.17364,1.95953
"KLRC3",1.36015,1.36536,1.45622
"KLRC4",1.6039,1.68745,1.41072
"KLRD1",1.29199,1.7574,1.51105
"KLRF1",1.21205,1.206,1.31074
"KLRG1",1.3939,1.76252,2.82897
"KLRG2",3.8539,3.32338,3.57277
"KLRK1",1.63038,1.88112,1.69572
"KMO",1.55659,1.52245,1.64575
"KNCN",4.75675,4.56177,4.84576
"KNDC1",2.94095,2.95745,3.01059
"KNG1",1.58401,1.51382,1.54251
"KNTC1",1.43997,1.96312,1.78063
"KPNA1",4.55505,4.78552,4.22736
"KPNA2",2.84969,3.3212,3.15032
"KPNA3",2.64657,3.01021,2.70713
"KPNA4",4.27949,4.70864,4.02825
"KPNA5",1.79761,2.598,2.4045
"KPNA6",3.65373,4.24996,3.51895
"KPNA7",3.03629,2.65005,2.54739
"KPNB1",4.77051,5.00701,4.68882
"KPRP",2.35518,2.25959,2.3952
"KPTN",2.73469,3.36474,3.23242
"KRAS",5.01147,4.88898,4.70793
"KRBA1",3.87889,3.64973,3.76066
"KRBA2",3.25828,3.42562,3.52255
"KRCC1",3.04854,3.36674,3.43118
"KREMEN1",3.68372,3.47006,3.8674
"KREMEN2",4.21016,4.2836,4.03173
"KRI1",4.80609,4.31451,4.42919
"KRIT1",4.44714,4.87838,4.1925
"KRR1",3.80012,3.80414,3.89686
"KRT1",2.64382,1.65193,2.40058
"KRT10",3.29251,3.87987,3.31915
"KRT12",1.96513,2.16116,1.8503
"KRT13",4.19129,4.11098,4.59863
"KRT14",5.15641,5.02384,4.54683
"KRT15",4.03743,5.01045,3.73347
"KRT16",4.21962,3.93484,4.12073
"KRT16P3",3.49203,3.82567,4.10858
"KRT17",5.02953,3.85689,4.53471
"KRT18",6.037,5.88464,5.48141
"KRT19",5.03793,3.57237,4.05843
"KRT2",2.54468,2.24613,2.77403
"KRT20",2.18569,2.41712,2.4498
"KRT222",1.99071,1.80586,1.90242
"KRT23",5.61885,2.56617,2.74645
"KRT24",1.67389,1.81156,1.75223
"KRT25",1.88712,1.6417,1.47983
"KRT26",1.75642,1.55674,1.86055
"KRT27",2.29715,2.59226,2.71123
"KRT28",1.3789,1.51403,1.49787
"KRT3",2.39093,2.33513,2.36511
"KRT31",2.6392,2.11402,2.04986
"KRT32",2.54513,2.08859,2.73444
"KRT33A",2.88181,3.48226,3.39261
"KRT33B",2.88701,3.30016,3.15423
"KRT34",2.02749,2.20424,2.22603
"KRT35",2.80342,2.75553,2.83656
"KRT36",1.77027,1.35428,1.84495
"KRT37",2.63997,2.79707,2.27903
"KRT38",2.10111,1.99817,2.02799
"KRT39",2.14278,1.92077,2.10247
"KRT4",3.19204,2.76482,3.14799
"KRT40",2.21696,2.28172,2.08369
"KRT5",4.16108,3.99492,3.58083
"KRT6A",3.02319,2.74401,3.01885
"KRT6B",3.47177,3.7081,3.39211
"KRT6C",4.99559,4.56608,5.07833
"KRT7",4.26817,2.83833,3.73015
"KRT71",3.92743,3.40888,3.64345
"KRT72",2.6699,2.3698,2.40923
"KRT73",1.93921,2.21578,2.4117
"KRT74",2.80676,2.28654,2.84912
"KRT75",2.55602,2.44656,2.80981
"KRT76",3.79519,3.46049,3.81472
"KRT77",2.66432,2.67152,2.76452
"KRT78",2.59625,2.57971,2.5395
"KRT79",3.29229,2.82293,3.20204
"KRT8",6.27227,5.84178,5.43727
"KRT80",2.51935,2.461,2.63706
"KRT81",3.2586,3.23883,3.98559
"KRT82",2.02339,2.27073,2.15241
"KRT83",3.62825,3.33269,3.87725
"KRT84",3.03979,2.79222,3.7356
"KRT85",2.94055,2.33751,2.77168
"KRT86",3.53471,3.43931,3.98844
"KRT9",2.04184,1.81048,2.07586
"KRTAP1.1",4.77119,4.60398,5.16191
"KRTAP1.3",4.34221,4.00986,4.31827
"KRTAP1.5",3.758,3.93564,4.37735
"KRTAP10.1",5.42175,5.5819,5.59588
"KRTAP10.10",4.49667,4.22168,4.47319
"KRTAP10.11",5.05946,4.58064,4.8648
"KRTAP10.12",5.44767,5.25984,5.41914
"KRTAP10.2",6.10669,6.15768,6.27056
"KRTAP10.3",5.22221,4.58324,5.12552
"KRTAP10.4",5.74322,6.1289,5.63856
"KRTAP10.5",3.18217,3.08931,4.0115
"KRTAP10.6",4.58817,4.57131,5.03142
"KRTAP10.7",2.852,3.16626,3.83538
"KRTAP10.8",4.27147,3.90405,4.03509
"KRTAP10.9",5.69217,5.66738,5.1704
"KRTAP11.1",3.18228,3.41582,3.06288
"KRTAP12.1",3.83494,3.58278,3.36071
"KRTAP12.2",5.35593,4.74226,5.2988
"KRTAP12.3",4.72143,4.47956,4.46827
"KRTAP12.4",5.90165,5.54832,5.96633
"KRTAP13.1",2.01412,1.66536,1.55703
"KRTAP13.2",1.52721,1.64497,1.90525
"KRTAP13.3",1.76437,1.40712,1.57344
"KRTAP13.4",3.70411,3.35234,3.72584
"KRTAP15.1",1.90356,2.12051,2.39959
"KRTAP17.1",3.81033,3.28254,3.59039
"KRTAP19.1",2.56146,2.57653,2.66986
"KRTAP19.2",1.8312,2.04891,1.76957
"KRTAP19.3",2.35596,2.07363,3.03271
"KRTAP19.4",1.5144,1.47851,1.50676
"KRTAP19.5",3.19014,3.28541,2.9301
"KRTAP19.6",1.58033,2.04389,1.50443
"KRTAP19.7",1.8274,1.54149,1.8
"KRTAP19.8",1.55543,1.52312,1.39084
"KRTAP2.1",5.97803,5.92553,6.01505
"KRTAP2.4",5.03392,5.19559,5.03579
"KRTAP20.1",2.05181,2.53691,2.41835
"KRTAP20.2",2.92677,2.52504,2.8608
"KRTAP20.3",1.60987,1.33349,1.37252
"KRTAP20.4",2.18212,1.88998,2.80148
"KRTAP21.1",2.40198,1.49608,1.39011
"KRTAP21.2",1.94485,1.96156,1.87104
"KRTAP22.1",2.43026,2.49004,2.55958
"KRTAP23.1",3.69181,3.65726,4.16909
"KRTAP24.1",2.88616,2.56271,2.58462
"KRTAP26.1",2.89027,2.85999,3.079
"KRTAP27.1",2.17331,2.02318,2.15734
"KRTAP3.1",3.06567,3.02857,3.12869
"KRTAP3.2",2.10478,2.01161,2.18595
"KRTAP3.3",1.75032,1.88045,2.08369
"KRTAP4.1",3.25741,3.35493,3.86514
"KRTAP4.11",4.29293,4.20159,4.42483
"KRTAP4.12",4.91943,4.87524,5.19437
"KRTAP4.2",4.68127,4.64189,4.68443
"KRTAP4.3",4.19953,3.61638,3.87013
"KRTAP4.4",5.39578,4.69369,5.16015
"KRTAP4.5",2.47459,2.04513,1.99303
"KRTAP4.7",5.54101,5.4069,5.71044
"KRTAP4.9",5.59251,5.25833,5.69121
"KRTAP5.1",6.10149,5.41614,6.13735
"KRTAP5.10",5.14252,4.0262,5.18118
"KRTAP5.11",4.91095,4.09327,4.30678
"KRTAP5.2",4.04467,3.56413,4.16366
"KRTAP5.3",5.67582,5.48074,6.06122
"KRTAP5.4",4.9037,4.46245,5.15146
"KRTAP5.5",4.27546,3.41893,4.39353
"KRTAP5.6",3.4864,3.69318,3.5087
"KRTAP5.7",5.73479,5.71193,5.17026
"KRTAP5.9",3.86389,3.64268,4.09667
"KRTAP6.1",3.3241,3.43608,3.15429
"KRTAP6.2",2.91486,3.60329,2.97186
"KRTAP6.3",4.35905,4.17076,4.74725
"KRTAP7.1",2.21915,1.86168,2.05764
"KRTAP8.1",3.25029,4.03604,3.79702
"KRTAP9.1",4.7252,3.86196,3.79445
"KRTAP9.2",2.63729,2.71971,2.94322
"KRTAP9.3",4.52204,4.59672,4.53883
"KRTAP9.4",3.56681,3.80559,3.94598
"KRTAP9.8",3.93477,3.96246,4.0341
"KRTCAP2",5.28321,4.87603,4.87356
"KRTCAP3",4.82548,4.47337,4.94052
"KRTDAP",2.74776,2.28975,2.56965
"KSR1",4.03664,4.07511,3.90313
"KSR2",2.99396,2.93525,3.34234
"KTI12",2.29652,2.35721,2.65357
"KTN1",5.57619,5.60553,5.31216
"KU.MEL.3",2.30725,2.44405,2.55136
"KY",2.6751,3.03362,3.23265
"KYNU",1.39011,2.23808,1.83754
"L1CAM",3.09374,3.09241,3.46442
"L1TD1",1.46564,1.54589,1.26571
"L2HGDH",1.62979,1.78916,1.80384
"L3MBTL1",3.14423,3.56457,3.45611
"L3MBTL2",4.06972,4.15016,4.6172
"L3MBTL3",3.56712,4.58852,4.04437
"L3MBTL4",3.05998,3.20259,2.47297
"LACE1",1.85681,1.87678,1.98101
"LACRT",3.12236,2.85446,2.95306
"LACTB",2.59895,2.53565,2.33428
"LACTB2",1.85672,1.80446,2.04033
"LAD1",3.81399,3.95191,4.64621
"LAG3",3.92461,3.9171,4.18452
"LAGE3",3.04552,3.08388,3.13333
"LAIR1",2.881,2.78584,2.97273
"LAIR2",4.16227,3.75513,4.46171
"LALBA",1.39247,1.79161,1.59575
"LAMA1",2.43956,2.3122,2.41038
"LAMA2",4.22358,4.80681,3.91522
"LAMA3",3.33362,3.19066,3.16414
"LAMA4",3.53088,4.8187,3.36591
"LAMA5",4.17275,3.93158,3.9851
"LAMB1",2.90603,5.20299,3.50092
"LAMB2",5.2878,5.36938,5.14018
"LAMB3",3.28501,3.03695,3.64635
"LAMB4",1.98641,2.09925,1.71101
"LAMC1",3.64942,4.25405,4.26672
"LAMC2",3.9004,2.84411,2.73802
"LAMC3",3.93832,4.13185,3.50567
"LAMP1",5.57871,6.03256,6.02625
"LAMP2",5.14111,4.92552,4.70199
"LAMP3",3.70662,3.19785,2.94117
"LANCL1",2.62191,3.38146,3.31372
"LANCL2",3.58705,3.41559,3.53454
"LANCL3",1.4311,1.44644,1.63416
"LAP3",5.24411,4.62665,5.45061
"LAPTM4A",5.46464,6.00681,4.58792
"LAPTM4B",3.62674,3.53584,3.61692
"LAPTM5",4.84729,5.44829,4.82716
"LARGE",3.58062,4.34202,3.88259
"LARP1",4.23421,4.98036,4.9928
"LARP1B",2.55462,3.11996,2.66283
"LARP4",3.69198,4.51132,3.8529
"LARP4B",4.38114,5.11362,4.51553
"LARP6",3.82048,3.70146,4.04997
"LARP7",3.91399,3.89517,3.65751
"LARS",3.99562,4.46407,4.80337
"LARS2",3.42378,3.62247,2.97763
"LAS1L",3.35736,3.06746,2.99443
"LASP1",5.58352,5.18598,5.07935
"LASS2",4.99967,5.19526,4.91904
"LASS3",1.94767,1.83329,2.0637
"LASS4",4.0522,4.37083,4.15512
"LASS5",4.15374,4.61968,3.82499
"LASS6",4.01327,3.8135,3.5725
"LAT",4.93726,4.42594,4.83938
"LAT2",4.26447,3.84781,4.47245
"LATS1",4.45898,4.59923,3.98037
"LATS2",4.32744,3.82904,4.27326
"LAX1",2.11217,2.2549,2.0549
"LAYN",3.41198,3.2946,3.32285
"LBH",5.25741,4.18179,4.66421
"LBP",2.47115,2.23715,2.98211
"LBR",3.19307,3.25572,3.54584
"LBX1",3.05976,2.81462,3.161
"LBX2",4.39105,3.57716,3.66835
"LCA10",3.48719,3.49491,3.58055
"LCA5",2.54859,2.8883,2.67211
"LCA5L",2.70396,2.24729,2.37476
"LCAT",3.60257,4.06252,4.36978
"LCE1A",4.94348,4.61474,5.17409
"LCE1B",1.95127,1.75236,1.87498
"LCE1C",3.852,3.15179,3.80382
"LCE1D",5.75401,5.37364,5.37876
"LCE1E",5.61399,5.29688,5.47272
"LCE1F",4.78697,4.89228,5.18355
"LCE2A",4.87439,4.92171,5.51477
"LCE2B",4.07146,3.5399,3.7217
"LCE2C",2.15313,2.61198,2.99841
"LCE2D",3.30956,3.48778,4.06621
"LCE3A",4.17953,3.79176,4.47606
"LCE3B",5.35994,4.23424,4.55123
"LCE3C",3.23032,2.5514,3.77096
"LCE3D",3.14067,3.24695,3.47114
"LCE3E",4.78977,4.42923,4.57901
"LCE4A",4.58261,4.47985,4.85992
"LCE5A",4.11529,3.55332,3.75477
"LCK",3.3483,2.58472,3.04633
"LCLAT1",3.86492,3.77043,4.74485
"LCMT1",4.37434,4.00496,3.727
"LCMT2",3.40537,3.34939,2.88308
"LCN1",3.82563,2.78011,4.00432
"LCN10",4.3717,3.59448,4.23706
"LCN12",4.09286,3.50717,3.74371
"LCN15",2.27428,2.43056,2.71571
"LCN2",5.00981,3.79868,4.73878
"LCN6",4.1325,3.68883,3.96744
"LCN8",2.87695,2.88128,3.30771
"LCN9",2.1793,2.42391,2.13772
"LCNL1",4.10766,3.96368,4.45236
"LCOR",3.72253,4.1643,4.41474
"LCORL",2.76397,3.34727,2.98856
"LCP1",5.83213,6.01579,5.17224
"LCP2",4.1728,4.40486,3.87655
"LCT",2.2938,2.85879,3.14689
"LCTL",2.3772,1.99595,2.11408
"LDB1",3.98642,5.13793,3.78753
"LDB2",4.72811,4.97325,4.7298
"LDB3",3.66668,3.83212,3.32916
"LDHA",5.78655,5.00851,5.53114
"LDHAL6A",2.1889,1.88157,2.04763
"LDHAL6B",2.38164,2.34762,2.17745
"LDHB",4.84811,5.31317,4.80001
"LDHC",1.15694,1.2584,1.39883
"LDHD",2.77484,2.70716,2.87887
"LDLR",5.53621,3.86485,4.6377
"LDLRAD1",3.15307,2.83945,3.53789
"LDLRAD2",4.45367,4.55081,4.81264
"LDLRAD3",4.16397,4.27313,4.38847
"LDLRAP1",4.15461,3.25031,3.97274
"LDOC1",4.23606,4.75572,4.1163
"LDOC1L",3.41994,3.80104,2.8843
"LEAP2",2.9282,2.96053,3.51085
"LECT1",2.35809,2.1848,2.19224
"LECT2",1.95979,2.45533,2.22871
"LEF1",3.44743,4.71429,3.50284
"LEFTY1",4.37058,3.59866,4.76142
"LEFTY2",4.93272,4.73675,5.29715
"LEKR1",2.28105,1.93482,1.73002
"LELP1",4.05506,3.83336,4.10808
"LEMD1",1.64573,1.3463,1.45229
"LEMD2",4.1818,4.21119,4.5553
"LEMD3",3.90558,4.10195,3.85546
"LENEP",3.18165,3.27846,3.09822
"LENG1",4.0583,3.67895,3.69006
"LENG8",6.2374,6.49084,6.15284
"LENG9",4.89456,4.2915,4.74024
"LEO1",3.25632,3.25624,2.94759
"LEP",1.99368,2.80321,2.54228
"LEPR",2.9192,2.56714,1.95293
"LEPRE1",3.21624,3.35541,3.32868
"LEPREL1",4.02079,3.4848,4.04192
"LEPREL2",3.96481,3.33623,3.17779
"LEPREL4",2.935,3.09622,3.36156
"LEPROTL1",3.98793,3.62148,3.93991
"LETM1",4.81689,4.17661,5.30651
"LETM2",1.67021,2.02988,2.33056
"LETMD1",4.06339,4.89396,4.25766
"LFNG",2.68513,2.53616,2.39687
"LGALS1",6.02884,6.60484,5.90315
"LGALS12",2.64615,2.35982,2.35354
"LGALS13",1.61235,1.17243,1.14001
"LGALS14",2.66155,2.12308,2.43135
"LGALS16",1.67365,1.79347,1.90796
"LGALS17A",2.17103,2.09726,1.9768
"LGALS2",1.7169,1.64087,3.05975
"LGALS3",4.91971,3.86298,4.16664
"LGALS3BP",5.14656,4.72244,4.046
"LGALS4",3.16246,2.86999,3.33499
"LGALS7",3.56429,3.34629,3.74693
"LGALS8",3.82691,3.84032,3.945
"LGALS9",2.01969,1.65093,1.73681
"LGALS9B",4.13753,4.23141,4.26429
"LGALS9C",3.87965,4.31553,3.95211
"LGI1",1.50684,2.05226,2.20302
"LGI2",2.29777,2.41827,1.86413
"LGI3",2.82525,2.99096,3.29365
"LGI4",3.53142,3.8795,3.85779
"LGMN",5.33569,4.9002,5.28429
"LGR4",2.80154,2.95487,3.43232
"LGR5",2.1048,1.56851,1.67136
"LGR6",2.6952,2.79335,2.92573
"LGSN",1.52325,1.36136,1.51955
"LGTN",4.26383,4.29658,4.09021
"LHB",4.90467,4.76246,4.57435
"LHCGR",2.37721,2.41965,2.04624
"LHFP",4.77512,4.47595,4.65203
"LHFPL1",2.08285,2.17099,2.32226
"LHFPL2",3.72121,4.08477,3.70794
"LHFPL3",2.88314,2.22339,2.61027
"LHFPL4",4.21936,4.00706,4.57809
"LHFPL5",2.95988,2.70265,3.08325
"LHPP",3.87163,4.02791,3.6789
"LHX1",3.32239,2.86374,2.58111
"LHX2",3.15105,3.04121,2.79104
"LHX3",4.06427,3.52665,3.87165
"LHX4",3.45521,2.54423,3.23137
"LHX5",3.15136,2.73758,2.65775
"LHX6",3.34188,4.04693,3.98878
"LHX8",1.84045,1.75542,1.82344
"LHX9",2.29908,2.27846,2.49253
"LIAS",1.54938,1.72586,1.6743
"LIF",3.3926,2.16995,2.32335
"LIFR",5.41813,5.33259,5.27952
"LIG1",3.90091,3.76528,3.54466
"LIG3",3.94668,4.12885,2.97424
"LIG4",3.18919,3.5379,3.13681
"LILRA1",2.54199,2.77474,2.86746
"LILRA2",2.79909,3.16365,2.55758
"LILRA3",2.53615,2.29397,2.95302
"LILRA4",2.67076,2.93037,3.17654
"LILRA5",1.56922,1.86411,2.29451
"LILRB1",3.40983,3.76377,3.32785
"LILRB2",3.89527,3.9177,3.57289
"LILRB3",3.61903,3.65647,3.91785
"LILRB4",3.27622,3.48089,3.59569
"LILRB5",3.32454,3.16021,3.27011
"LILRP2",3.65478,3.01236,3.95944
"LIM2",2.59719,2.3875,2.33181
"LIMA1",5.06417,5.00807,4.34466
"LIMCH1",4.20704,4.78807,4.44154
"LIMD1",3.73234,3.73623,3.29789
"LIMD2",5.09249,5.00824,5.17454
"LIME1",4.69869,4.28693,4.18121
"LIMK1",3.31903,3.84325,4.21894
"LIMK2",4.26856,3.99628,3.71331
"LIMS1",5.62488,5.24627,5.44224
"LIMS2",4.60846,4.3225,4.70772
"LIMS3",3.84951,3.52042,3.6896
"LIN28A",2.25611,2.07617,2.54901
"LIN28B",1.27269,1.18485,1.26397
"LIN37",4.60192,4.80685,4.70152
"LIN52",3.38914,4.44027,3.47874
"LIN54",2.88448,3.01494,2.956
"LIN7A",2.16099,1.73796,2.07898
"LIN7B",3.75056,3.1012,3.56965
"LIN7C",3.48917,3.49131,3.76998
"LIN9",1.77376,1.66671,1.9889
"LINGO1",2.43124,2.63356,2.75714
"LINGO2",1.63626,1.73032,1.8664
"LINGO3",3.61259,3.44422,3.43853
"LINGO4",4.21884,3.93738,4.58599
"LINS",2.91761,2.66803,2.64966
"LIPA",2.91193,2.53158,2.92039
"LIPC",2.43779,1.67936,2.10026
"LIPE",3.71606,4.01415,3.66901
"LIPF",1.41996,1.48553,1.32647
"LIPG",2.74718,2.48816,3.09624
"LIPH",3.49293,2.59808,2.3658
"LIPI",1.25839,1.56961,1.46742
"LIPJ",1.54896,1.54186,1.3484
"LIPK",2.11899,1.32032,1.82243
"LIPM",2.04646,1.78955,1.82345
"LIPN",2.44583,1.47501,1.59231
"LIPT1",3.39002,2.22652,2.62942
"LIPT2",3.66964,3.39177,3.49105
"LITAF",5.37613,4.88249,5.38171
"LIX1",2.00799,1.93598,2.14422
"LIX1L",3.87461,3.57632,3.36364
"LLGL1",2.74952,2.5233,2.56035
"LLGL2",3.13069,3.72768,3.12275
"LLPH",4.59397,3.98345,3.4354
"LMAN1",4.74079,4.5746,4.84516
"LMAN1L",4.77702,5.04914,4.72541
"LMAN2",4.33903,4.63412,4.60861
"LMAN2L",2.27862,2.60894,2.84661
"LMBR1",4.75297,4.64548,4.25263
"LMBR1L",4.28245,4.71662,4.71178
"LMBRD1",2.93658,3.77819,3.37777
"LMBRD2",2.39175,2.71412,2.65005
"LMCD1",4.18583,4.30519,3.76893
"LMF1",4.05796,3.77411,4.14667
"LMF2",3.98987,3.51872,3.64273
"LMLN",2.55464,2.72363,2.87413
"LMNA",6.28233,3.80771,4.56395
"LMNB1",2.97079,2.51487,2.38208
"LMNB2",4.45096,3.78229,4.13155
"LMO1",2.77493,2.17748,2.71781
"LMO2",2.94379,3.26267,2.65765
"LMO3",2.5718,3.85547,3.01198
"LMO4",3.81344,3.8048,3.29476
"LMO7",3.99508,3.53038,3.30512
"LMOD1",6.01112,6.32012,5.57602
"LMOD2",2.22286,2.25562,2.50674
"LMOD3",1.67091,1.52901,1.40749
"LMTK2",3.5805,3.52617,4.26676
"LMTK3",3.5215,3.66647,3.18989
"LMX1A",3.85135,3.09434,3.59127
"LMX1B",3.42906,2.97201,3.44777
"LNPEP",4.64924,5.07685,4.08671
"LNX1",3.0902,2.90883,3.34626
"LNX2",3.33243,3.36154,3.63527
"LOC100049716",2.10747,2.45746,2.32709
"LOC100125556",3.74749,3.60644,3.96341
"LOC100127886",4.37059,2.00644,3.14588
"LOC100127950",2.08618,2.38639,2.21271
"LOC100127951",1.82753,1.90563,1.69778
"LOC100127980",2.99491,4.37286,5.21274
"LOC100128003",3.84464,3.97581,3.57931
"LOC100128175",2.59547,3.8196,3.59006
"LOC100128185",1.76426,1.33052,1.21866
"LOC100128233",2.05716,1.88685,2.19457
"LOC100128252",3.97372,4.21824,4.43704
"LOC100128262",2.76047,2.84737,3.07036
"LOC100128288",3.67824,5.07891,2.82229
"LOC100128292",2.13989,2.43975,2.98769
"LOC100128310",2.25543,2.474,2.11896
"LOC100128355",3.04385,2.63736,3.07169
"LOC100128356",2.05961,2.32533,2.17131
"LOC100128364",5.38274,6.44246,6.1352
"LOC100128374",4.09396,3.47414,4.3471
"LOC100128501",2.45821,2.18787,2.79053
"LOC100128596",3.65502,4.66343,4.18679
"LOC100128644",4.20886,4.19269,3.56727
"LOC100128653",3.8643,3.32769,3.49715
"LOC100128655",1.67933,1.27767,1.60474
"LOC100128751",3.97791,4.47288,4.20298
"LOC100128816",5.46513,3.77188,4.36628
"LOC100128818",3.70721,3.34651,4.04324
"LOC100128830",2.66458,2.26985,2.76538
"LOC100128840",2.70039,2.52478,2.9292
"LOC100128922",2.02506,2.51352,1.4655
"LOC100128988",2.05972,1.79992,2.21011
"LOC100129033",2.04627,2.55209,1.90353
"LOC100129112",2.21038,1.77498,1.93614
"LOC100129113",4.69304,4.42647,4.4366
"LOC100129278",1.39925,1.63127,1.6734
"LOC100129307",2.4011,2.37468,2.68945
"LOC100129312",2.92692,2.63578,2.95796
"LOC100129345",1.64024,1.95413,2.12525
"LOC100129449",3.41065,3.62805,2.75703
"LOC100129455",4.55835,4.54289,4.44979
"LOC100129476",2.86009,2.58521,2.89531
"LOC100129484",5.12491,4.88577,5.39754
"LOC100129503",2.70166,2.6968,2.82372
"LOC100129534",3.22126,3.33037,2.95533
"LOC100129581",3.63694,3.53221,3.70851
"LOC100129648",2.56234,2.5133,2.8033
"LOC100129726",2.42911,2.78234,2.96927
"LOC100129785",4.77174,4.66021,4.79464
"LOC100129827",3.93984,3.10285,3.92537
"LOC100129831",3.13002,2.28997,2.89074
"LOC100129858",1.99561,2.02506,2.28866
"LOC100129884",1.68607,3.07727,2.81787
"LOC100129890",3.77049,4.02776,4.20032
"LOC100130071",4.02026,4.09289,4.50483
"LOC100130193",2.73044,3.40366,3.47794
"LOC100130236",3.37735,2.73027,3.12634
"LOC100130264",2.29325,2.10869,1.88215
"LOC100130269",3.03908,2.33897,3.01276
"LOC100130274",2.85825,3.14513,2.84448
"LOC100130285",5.22678,4.7492,4.9746
"LOC100130331",5.75382,6.15986,5.27731
"LOC100130428",4.41476,4.69531,4.46215
"LOC100130433",2.48277,2.47535,2.46479
"LOC100130507",2.95047,2.78272,2.95639
"LOC100130581",1.9122,1.45051,2.13447
"LOC100130691",1.89552,2.34093,1.64068
"LOC100130713",7.10715,6.3618,4.50959
"LOC100130815",1.48896,1.81294,1.852
"LOC100130857",3.48659,3.08566,3.37403
"LOC100130872",4.35564,4.12555,4.51122
"LOC100130876",6.43477,4.98788,3.85891
"LOC100130916",3.19377,3.53228,3.00471
"LOC100130924",3.06345,3.46158,3.4783
"LOC100131112",2.11016,2.18125,2.13647
"LOC100131131",3.37959,1.7233,1.65806
"LOC100131138",2.3111,2.15576,2.46842
"LOC100131170",3.27673,3.23214,3.47455
"LOC100131195",1.69783,1.8664,2.04256
"LOC100131217",4.1844,3.52926,3.89717
"LOC100131232",2.66115,2.51891,3.22323
"LOC100131373",2.77156,2.05064,2.68541
"LOC100131496",3.36575,2.83835,2.49972
"LOC100131497",1.96176,1.8271,2.17144
"LOC100131506",3.59185,2.95643,3.57083
"LOC100131510",2.82195,2.31521,2.05258
"LOC100131541",4.92433,4.31194,3.62233
"LOC100131581",4.79812,4.42251,4.14671
"LOC100131726",2.06521,2.12018,2.00088
"LOC100131756",2.35694,1.94276,2.82611
"LOC100131763",3.70204,3.18542,3.60603
"LOC100131792",2.38199,1.99415,2.07085
"LOC100131796",1.47367,2.19054,1.23815
"LOC100131826",2.0054,2.22355,1.95816
"LOC100131860",1.80727,3.50346,3.09489
"LOC100131943",2.08052,1.69331,2.20417
"LOC100132005",3.46793,3.16157,3.88967
"LOC100132099",1.97413,2.56785,2.09149
"LOC100132147",2.62084,3.09758,2.58619
"LOC100132167",2.15913,1.9095,2.02202
"LOC100132178",2.21475,2.47155,2.58258
"LOC100132217",5.05655,4.96667,4.94872
"LOC100132247",6.88701,7.2071,6.77609
"LOC100132319",2.01219,2.02047,2.30494
"LOC100132346",1.42076,1.30916,1.18947
"LOC100132354",2.20134,2.25136,2.9248
"LOC100132356",2.84258,3.81429,2.99836
"LOC100132686",2.95554,1.87017,1.79129
"LOC100132992",4.36455,4.1449,4.07608
"LOC100133091",4.59398,3.56084,4.33671
"LOC100133106",3.01047,3.06162,3.51251
"LOC100133130",4.66041,3.26279,3.60243
"LOC100133131",3.90875,3.84988,4.53545
"LOC100133207",1.75027,1.39067,1.87335
"LOC100133299",2.07525,2.92376,2.19254
"LOC100133315",1.52681,1.94887,1.87517
"LOC100133746",4.35762,4.5646,4.57543
"LOC100134868",2.21607,3.54129,2.20379
"LOC100170939",5.14417,6.76325,6.13783
"LOC100190938",3.82861,3.70083,3.4823
"LOC100190939",5.41145,5.13868,4.77478
"LOC100271836",7.31328,8.12429,7.77081
"LOC100287290",3.59604,3.28674,2.74346
"LOC100287483",1.78205,1.91889,2.22339
"LOC100287852",2.80558,2.2911,2.3759
"LOC100287879",2.4954,3.5952,2.84202
"LOC100287934",3.61818,5.4171,4.91319
"LOC100287948",2.09394,2.0077,1.75107
"LOC100288034",5.66146,5.46272,5.64493
"LOC100288144",4.83263,4.27631,5.08903
"LOC100288208",1.5537,1.47011,1.62058
"LOC100288313",3.72272,2.89464,2.90485
"LOC100288525",2.60281,2.76042,3.09841
"LOC100288594",3.07682,2.35064,3.37016
"LOC100288778",5.54549,5.91113,5.33463
"LOC100288797",3.52621,3.43434,3.40395
"LOC100288814",2.14304,2.02192,2.46513
"LOC100288884",1.73376,2.21171,1.50568
"LOC100289060",4.16378,3.63752,4.20323
"LOC100289143",3.07632,2.68197,3.01233
"LOC100291851",3.05269,3.29138,4.06347
"LOC100293160",1.9112,2.22844,1.6576
"LOC100293539",4.7108,3.91302,4.46191
"LOC100293553",2.03787,2.20005,2.06219
"LOC100499221",2.81997,2.83775,2.92598
"LOC100505593",3.11678,2.69695,2.69922
"LOC100506571",2.15883,2.23425,2.20334
"LOC100506946",1.40838,1.37509,1.6155
"LOC100507404",1.66927,2.30092,1.98718
"LOC100507927",3.1738,2.95633,3.74024
"LOC100508018",1.9966,2.04382,2.02042
"LOC100508181",2.22469,3.1523,3.08497
"LOC100508670",2.13878,2.004,2.59343
"LOC100508797",1.13104,0.92016,2.08747
"LOC100509022",3.85135,3.6764,4.19012
"LOC100510740",2.39553,2.7013,2.55056
"LOC113230",2.66171,3.1992,3.10104
"LOC120824",2.24886,2.00444,2.04049
"LOC121952",1.80097,2.32006,1.80294
"LOC126536",2.62858,2.32543,2.85166
"LOC128322",2.5163,3.43577,2.6548
"LOC138412",4.53418,4.62454,4.4239
"LOC143188",2.28762,2.32784,2.45732
"LOC143506",2.01183,2.24438,2.54917
"LOC145757",3.25251,3.31473,3.95935
"LOC146336",5.23372,5.17945,5.47579
"LOC146429",4.76068,4.14121,5.45985
"LOC146880",4.81769,4.88655,5.21461
"LOC147727",3.64373,3.13734,3.63912
"LOC147804",6.50707,7.3272,7.39143
"LOC148696",4.84174,4.58266,4.6738
"LOC149134",3.15547,2.93882,3.20206
"LOC149620",1.68571,2.10507,2.35179
"LOC149837",2.4876,4.26291,4.63954
"LOC149950",1.89791,1.97327,2.02283
"LOC150197",3.22211,3.4844,3.96204
"LOC150527",1.46991,1.95507,1.99907
"LOC150622",2.00324,1.76902,1.81768
"LOC151009",3.43858,3.61883,3.34233
"LOC151121",3.33114,2.61129,3.61331
"LOC151174",3.29532,3.27337,3.17348
"LOC151760",2.46879,2.95503,3.19608
"LOC152217",2.69401,2.55334,2.31465
"LOC152586",1.45142,1.37126,1.15298
"LOC154872",1.2329,1.25518,1.14269
"LOC157740",2.89432,2.66801,1.67111
"LOC158572",2.16092,3.31155,3.693
"LOC158696",2.71826,2.37728,2.16863
"LOC158960",4.3209,4.53905,5.04799
"LOC162632",5.67598,4.55147,4.74492
"LOC168474",2.592,2.00464,2.31345
"LOC1720",2.29795,2.29813,1.41232
"LOC200261",1.78595,2.29273,1.96855
"LOC202181",3.09918,4.17273,2.58812
"LOC220077",3.79026,3.32869,3.74419
"LOC220594",4.28334,4.58954,4.30045
"LOC221442",1.26565,2.50093,0.498343
"LOC222699",4.48225,4.01023,4.69694
"LOC254028",3.25392,2.84499,3.27813
"LOC255411",1.5705,1.44591,1.9659
"LOC257358",1.70798,2.22719,1.98392
"LOC25845",3.50322,3.95644,3.88116
"LOC283174",3.78734,3.34236,3.95722
"LOC283314",3.28202,3.58547,3.55581
"LOC283392",4.38137,4.17136,4.13624
"LOC283588",2.36706,2.10051,1.81546
"LOC283693",2.97714,2.63902,3.42075
"LOC284009",3.6401,3.97143,3.57833
"LOC284023",1.86793,1.90699,2.26798
"LOC284232",2.2636,2.10609,2.2073
"LOC284379",2.21855,1.82572,2.4846
"LOC284412",3.46955,4.39205,4.20945
"LOC284581",3.95667,4.07709,5.1192
"LOC284751",2.66059,3.01842,3.0104
"LOC284757",2.57386,1.55227,1.92729
"LOC284788",1.65508,1.34295,1.32953
"LOC284837",2.22103,2.19974,2.04001
"LOC284861",2.70259,2.57437,1.64234
"LOC285033",4.03928,2.43032,2.53885
"LOC285456",4.47072,2.44986,2.52222
"LOC285696",2.24152,2.67535,2.72189
"LOC285735",1.39148,1.6381,1.78774
"LOC286359",1.76917,1.54082,2.31605
"LOC338579",1.36599,1.45237,1.01162
"LOC338797",3.75953,3.31004,3.69948
"LOC338799",3.64227,3.86305,4.48241
"LOC339524",2.48733,2.39083,2.48928
"LOC339674",4.10315,3.91251,3.57219
"LOC339803",1.69194,1.94876,2.0492
"LOC342541",4.44002,4.68759,4.46746
"LOC344887",1.60637,1.46908,1.72924
"LOC347376",2.17476,2.44652,2.3478
"LOC347411",2.34536,2.49082,2.40364
"LOC348840",2.64115,1.94027,2.64064
"LOC348926",4.79446,4.66504,4.99118
"LOC349196",4.04499,3.61553,3.40831
"LOC374491",2.01306,1.64335,1.98637
"LOC375010",2.0505,1.99571,2.13533
"LOC375196",3.00155,3.09306,3.30504
"LOC375295",2.20826,2.92717,2.35949
"LOC387646",2.45689,2.58041,2.69918
"LOC387720",4.09938,4.32972,4.5506
"LOC387790",1.69098,2.06553,1.63608
"LOC388022",7.37377,5.77203,5.87281
"LOC388152",5.42941,5.62085,5.71586
"LOC388282",2.94921,2.62931,3.21329
"LOC388387",3.77796,3.60781,4.25387
"LOC388428",4.58337,4.63194,5.32739
"LOC388630",4.03734,4.11375,4.09847
"LOC388692",2.84176,3.47141,3.78301
"LOC388796",4.63292,3.89334,4.53396
"LOC388906",2.78293,2.96415,3.33348
"LOC388946",2.76797,2.41521,2.93388
"LOC389458",4.3387,3.25561,3.69849
"LOC389493",3.65968,3.73138,4.28144
"LOC389607",2.46544,3.20728,2.68557
"LOC389634",5.5605,5.39487,5.67895
"LOC389791",1.9913,1.53817,1.37583
"LOC389834",3.52233,3.35347,3.87033
"LOC390414",3.26532,2.46463,3.10797
"LOC390561",1.65344,1.79152,1.87117
"LOC390940",2.54398,1.99827,2.24504
"LOC391169",5.1318,3.15652,4.91668
"LOC391764",3.12468,3.10545,3.34947
"LOC391766",2.57903,2.40856,2.98887
"LOC392364",3.07154,3.12002,3.04901
"LOC399744",3.18947,3.80174,3.93124
"LOC399898",2.37935,2.19561,1.92494
"LOC399900",2.68683,2.50318,2.69769
"LOC399904",4.07354,5.19608,3.99747
"LOC400464",2.72533,3.16861,3.189
"LOC400499",3.21196,2.52102,2.58437
"LOC400590",3.2518,3.54407,3.82675
"LOC400657",2.56382,2.21036,2.32598
"LOC400707",1.98289,1.52888,1.92886
"LOC400804",2.47944,2.3575,2.41991
"LOC400891",1.82213,1.91547,2.11868
"LOC400931",3.94197,4.67402,4.46211
"LOC400940",2.4007,2.07553,2.2798
"LOC400965",2.38982,2.19119,2.26261
"LOC400968",3.77374,3.56203,3.69532
"LOC400986",3.94485,3.54004,4.64391
"LOC401010",4.77687,4.52898,4.69332
"LOC401052",4.07555,3.80209,4.33667
"LOC401097",1.71595,2.05354,2.11893
"LOC401109",2.45758,2.5282,2.22375
"LOC401127",2.53895,2.58566,2.23466
"LOC401286",1.87422,1.71648,1.83807
"LOC401296",3.47353,2.94433,3.95239
"LOC401357",4.31743,4.46657,5.00109
"LOC401387",1.79401,1.67051,1.3034
"LOC401397",4.34257,3.32828,3.72881
"LOC401410",2.87093,2.08594,2.09062
"LOC401433",3.52689,3.14866,3.29614
"LOC401557",2.28712,2.16133,2.70231
"LOC401589",3.34939,3.10523,3.58097
"LOC402778",3.03437,2.93947,2.61098
"LOC404266",3.31257,3.58852,3.46607
"LOC407835",4.17601,4.20981,4.68805
"LOC439914",2.27442,2.37013,2.72507
"LOC439938",2.03286,1.52826,2.34097
"LOC440131",2.67942,2.10564,2.20149
"LOC440173",2.03761,2.37458,2.25392
"LOC440297",3.05376,3.93783,3.28668
"LOC440313",2.94501,2.68567,2.83505
"LOC440337",3.10402,2.70405,2.94763
"LOC440419",2.65745,2.41396,2.12996
"LOC440461",4.56374,4.61117,4.77561
"LOC440518",3.3236,2.87656,3.37511
"LOC440563",3.05903,2.16107,2.72949
"LOC440570",2.83706,3.35905,3.87147
"LOC440742",2.13582,1.7482,2.03473
"LOC440792",3.21488,3.0183,3.2376
"LOC440896",1.79379,1.57037,1.93351
"LOC440905",4.12165,2.90782,3.83476
"LOC440925",2.5413,2.41026,2.47091
"LOC440944",2.33456,1.62777,2.27499
"LOC440993",4.06917,3.77615,3.83626
"LOC441016",2.9628,2.40453,3.14218
"LOC441046",3.76209,3.16096,3.48798
"LOC441177",2.95433,2.9342,3.26683
"LOC441178",1.82628,2.01562,2.05261
"LOC441204",5.15975,5.06648,5.44638
"LOC441208",4.10703,3.66301,3.35337
"LOC441233",2.23002,1.53295,3.27018
"LOC441268",6.93738,6.45222,6.20119
"LOC441601",2.2726,2.81277,2.47134
"LOC441666",1.29495,1.49777,1.7532
"LOC441956",3.09936,2.96761,4.17779
"LOC442132",4.91243,5.25896,5.11612
"LOC442381",1.77698,1.40959,1.29498
"LOC442421",3.7197,3.79787,3.67588
"LOC442454",4.66779,4.05028,3.8615
"LOC445341",1.9863,1.73229,2.45859
"LOC494127",2.88389,2.07496,1.87653
"LOC494141",2.83628,2.61587,2.54376
"LOC494150",3.851,3.0257,4.10436
"LOC51145",1.88083,1.86924,2.30984
"LOC51152",4.56913,4.1774,3.86992
"LOC554202",1.88063,1.43211,1.41293
"LOC554206",2.09109,1.93637,2.10816
"LOC554207",1.65757,1.69026,1.75802
"LOC554223",3.50347,3.51382,3.6385
"LOC554249",4.14675,4.45907,4.19445
"LOC57399",1.25798,1.0809,1.27646
"LOC613037",6.10282,6.46455,5.63551
"LOC613206",4.27241,3.48886,3.68069
"LOC613266",2.46602,3.20122,3.26402
"LOC619207",3.77358,3.60815,3.78562
"LOC641367",2.76036,2.9284,2.83575
"LOC642648",5.06235,4.56499,4.78406
"LOC642864",1.92664,1.71987,1.80272
"LOC642947",1.93393,2.17481,2.05019
"LOC642980",3.94931,3.90292,3.61991
"LOC643008",2.93003,2.34898,2.96252
"LOC643406",2.68295,2.18424,2.50862
"LOC643659",2.8424,2.68145,3.25889
"LOC643763",2.06347,1.92137,2.37778
"LOC643797",4.40993,4.7037,4.57826
"LOC643837",4.34446,2.94923,3.85223
"LOC643923",2.30352,2.07089,2.06729
"LOC644249",3.85734,4.00453,4.47707
"LOC644538",2.32233,2.23229,2.24087
"LOC644634",2.95274,3.45262,3.33048
"LOC644714",4.37931,2.84592,3.06219
"LOC644936",4.83178,4.84403,4.70436
"LOC644950",1.68869,1.52582,1.18758
"LOC645166",4.42567,4.2184,4.31061
"LOC645188",1.24313,1.46912,1.2208
"LOC645212",3.98351,4.06057,3.9395
"LOC645261",1.93083,1.78366,1.8974
"LOC645332",4.77541,3.95938,4.4649
"LOC645739",2.27001,1.66303,1.9211
"LOC645877",1.68773,1.4022,1.396
"LOC646049",4.18837,4.25614,4.40437
"LOC646214",1.33171,1.98964,2.32601
"LOC646508",3.70081,3.78529,4.62405
"LOC646513",3.55617,2.70511,3.08066
"LOC646701",2.32988,1.97821,1.823
"LOC646813",2.7251,2.96252,2.25209
"LOC646851",2.8923,2.69183,2.8237
"LOC646853",4.50961,3.96428,4.50302
"LOC646870",2.07087,4.06525,4.05981
"LOC646903",2.84539,2.64667,2.57578
"LOC646976",3.71422,3.86371,3.52154
"LOC646982",2.34679,2.26253,2.06326
"LOC646993",1.71361,2.9203,2.04404
"LOC646999",1.46387,1.53727,1.5074
"LOC648987",1.7608,2.05658,2.12655
"LOC650157",2.56594,2.4164,2.33628
"LOC652276",4.22189,4.01219,4.55705
"LOC652493",3.93826,2.39611,3.28215
"LOC652811",2.31498,2.47135,2.96432
"LOC653075",3.82817,3.33016,2.75147
"LOC653113",4.28091,2.67223,4.36807
"LOC654342",4.34609,4.28673,4.8908
"LOC654433",1.39275,1.8737,2.45327
"LOC728024",4.51338,4.38381,4.66045
"LOC728175",2.68514,2.79122,2.89543
"LOC728317",2.31864,1.82868,1.84766
"LOC728407",4.88966,3.8086,4.32955
"LOC728437",3.26598,2.79247,3.34783
"LOC728606",2.40214,2.59939,2.19476
"LOC728613",4.35648,4.61921,4.72731
"LOC728675",5.16015,4.91647,5.50399
"LOC728690",3.64479,3.50221,3.89718
"LOC728819",1.60073,1.45187,1.59066
"LOC728855",2.0626,1.83076,2.01112
"LOC729020",2.43844,1.84147,2.50766
"LOC729040",4.41678,3.8935,4.74114
"LOC729173",2.34782,2.36769,2.35465
"LOC729420",2.97978,2.26338,2.87231
"LOC729444",1.84426,2.195,2.2513
"LOC729461",2.06914,2.13094,2.35139
"LOC729566",2.23829,2.57762,2.38358
"LOC729603",2.33574,2.72448,2.39731
"LOC729862",3.69586,3.59954,2.7848
"LOC729863",1.45657,1.84867,1.88545
"LOC729866",2.6005,2.47529,2.87046
"LOC730441",1.74342,1.83452,1.66952
"LOC732275",3.60549,3.06126,2.78671
"LOC79015",2.76618,2.91711,3.05766
"LOC80054",3.32823,2.4731,3.35019
"LOC80154",4.86097,5.02136,4.94186
"LOC81691",2.17306,2.41955,2.78035
"LOC84856",4.58666,4.82336,4.77922
"LOC84931",1.97187,2.25493,1.89319
"LOC91316",4.69627,5.21159,5.34089
"LOC93432",1.76031,1.66372,2.15559
"LOC93463",2.20826,2.46121,2.38996
"LOC93622",2.86178,2.28659,2.25757
"LOH12CR1",3.52651,3.57951,3.55193
"LOH3CR2A",2.77329,2.08209,1.98839
"LONP1",2.92897,3.12947,2.8337
"LONP2",5.52485,5.11144,5.13377
"LONRF1",3.41721,3.24685,3.5854
"LONRF2",3.44773,3.82879,3.61762
"LONRF3",3.2304,2.59861,2.91288
"LOR",2.18571,1.89071,1.62905
"LOX",2.19522,2.25655,2.23946
"LOXHD1",2.71699,2.30389,2.5523
"LOXL1",4.8027,4.95998,4.8326
"LOXL2",3.17858,3.02938,2.98483
"LOXL3",3.32517,3.27067,3.16908
"LOXL4",3.15193,3.21377,3.32342
"LPA",2.93623,2.46523,2.98594
"LPAL2",3.56599,3.49317,3.65141
"LPAR1",4.44481,5.29918,4.43894
"LPAR2",3.98986,3.38729,4.07874
"LPAR3",3.95449,3.11809,3.38813
"LPAR4",1.91589,1.88764,1.83379
"LPAR5",4.5427,4.47191,4.8657
"LPAR6",5.737,5.28138,5.28281
"LPCAT1",3.99221,4.21527,4.20798
"LPCAT2",3.44085,3.48485,3.42004
"LPCAT3",5.64018,4.52713,4.4508
"LPCAT4",3.42253,3.35385,3.68395
"LPGAT1",4.47467,3.13937,4.5065
"LPHN1",3.40503,4.15799,3.77806
"LPHN2",4.31403,4.88153,4.27228
"LPHN3",1.91573,1.53714,1.65775
"LPIN1",3.18002,3.45821,3.56893
"LPIN2",4.34251,3.96224,4.42177
"LPIN3",3.29135,3.48083,4.04778
"LPL",2.20863,2.89892,2.5563
"LPO",2.9037,2.54818,2.93561
"LPP",5.66463,5.5931,5.63077
"LPPR1",3.03474,2.42166,3.00721
"LPPR2",4.27152,3.73252,3.77679
"LPPR3",3.18211,3.33601,3.0045
"LPPR4",1.97235,1.93012,1.85867
"LPPR5",1.25551,1.45704,1.4757
"LPXN",3.20514,3.3646,3.36972
"LRAT",2.28869,1.72105,2.21629
"LRBA",4.5643,4.01754,4.11852
"LRCH1",3.90408,4.59341,3.39965
"LRCH2",3.33826,3.18895,2.78952
"LRCH3",5.03139,5.16719,4.57242
"LRCH4",4.46448,4.46083,4.07697
"LRDD",4.48419,4.49044,4.15838
"LRFN1",3.67405,4.03757,3.67074
"LRFN2",2.46875,2.31869,2.31845
"LRFN3",3.31823,4.06066,3.66366
"LRFN4",3.97283,3.8952,3.47512
"LRFN5",3.15735,3.30288,2.78083
"LRG1",3.81754,3.11154,3.94239
"LRGUK",1.81148,1.8532,2.97996
"LRIG1",4.8857,3.96344,4.22887
"LRIG2",2.93013,3.46574,4.05268
"LRIG3",2.88938,3.44515,2.87072
"LRIT1",2.66475,2.34919,2.8826
"LRIT2",2.58282,1.64918,2.33582
"LRIT3",2.01429,1.62241,1.83461
"LRMP",2.26376,2.20058,3.02093
"LRP1",4.04256,4.86743,3.84443
"LRP10",5.08287,4.69987,5.016
"LRP11",3.99715,3.95148,3.96896
"LRP12",2.97735,2.68823,3.06993
"LRP1B",1.78528,1.55742,1.80241
"LRP2",1.92246,1.83635,2.25003
"LRP2BP",2.85859,3.60511,3.64175
"LRP3",3.93273,3.81081,3.87923
"LRP4",3.11261,3.05867,3.12958
"LRP5",3.79739,4.28932,3.75059
"LRP5L",3.66956,3.37946,3.85978
"LRP6",3.74863,4.43745,3.75283
"LRP8",2.97486,2.97893,2.61994
"LRPAP1",5.17034,4.9309,4.16709
"LRPPRC",3.8814,4.57471,3.84279
"LRRC1",3.43338,3.69817,3.88434
"LRRC10",1.8808,1.75089,1.85021
"LRRC14",4.04082,3.90777,3.60763
"LRRC14B",1.99157,1.90782,2.58726
"LRRC15",4.12734,3.73226,4.20614
"LRRC16A",4.03416,4.2576,3.95643
"LRRC16B",3.47861,3.00255,3.65265
"LRRC17",1.72604,2.0312,1.7586
"LRRC18",2.50721,3.01311,2.36983
"LRRC19",1.86845,1.62491,1.81351
"LRRC2",1.88359,1.61906,1.59583
"LRRC20",3.9746,3.73215,3.96287
"LRRC23",4.29049,3.80088,4.70276
"LRRC24",4.09337,4.10703,3.81587
"LRRC25",3.40795,3.29967,3.79766
"LRRC26",5.36214,4.9825,5.2811
"LRRC27",3.79016,4.49685,4.67405
"LRRC28",3.28653,2.67701,2.84442
"LRRC29",4.48667,4.19491,4.74743
"LRRC3",3.30416,3.05095,2.89816
"LRRC31",1.59462,1.54356,2.12952
"LRRC32",4.20885,4.35,4.43518
"LRRC33",3.32965,3.97755,2.85403
"LRRC34",0.939889,1.695,1.15757
"LRRC36",1.53179,1.56052,1.63296
"LRRC37A2",6.08667,6.73944,5.67796
"LRRC37A3",6.11898,6.82221,6.47819
"LRRC37A4",6.68409,6.54183,6.81809
"LRRC37B",3.60432,3.88194,4.21257
"LRRC37BP1",5.05003,5.51576,4.36274
"LRRC38",2.53817,2.87615,2.92905
"LRRC39",1.59893,1.60877,1.64539
"LRRC3B",2.5267,2.52927,2.48507
"LRRC4",3.2478,3.2235,2.91138
"LRRC40",2.16327,2.59171,2.11619
"LRRC41",3.55301,4.10351,3.37792
"LRRC42",4.34717,3.70786,4.17884
"LRRC43",2.59308,2.18561,2.55002
"LRRC45",3.72394,3.31048,3.64691
"LRRC46",2.02331,2.03009,2.33215
"LRRC47",3.24547,3.71894,3.56758
"LRRC48",2.44013,2.47649,2.80883
"LRRC49",3.36667,3.75468,3.18959
"LRRC4B",3.69458,3.57475,4.06887
"LRRC4C",1.696,1.6318,1.82305
"LRRC50",3.11835,3.15909,3.22656
"LRRC52",1.92179,1.5942,1.65183
"LRRC53",2.02151,1.54099,1.84642
"LRRC55",3.20732,3.3193,3.72838
"LRRC56",4.12403,3.56219,3.78031
"LRRC57",3.47547,3.24248,3.62241
"LRRC58",3.52554,4.466,4.16604
"LRRC59",4.24026,3.85663,4.39203
"LRRC6",2.43988,3.10175,2.63764
"LRRC61",4.3662,4.46712,4.20058
"LRRC63",1.95699,1.80513,1.97103
"LRRC66",1.482,1.61399,1.45585
"LRRC67",1.25661,1.28987,1.36637
"LRRC68",3.83759,4.06395,4.03731
"LRRC7",2.76201,1.61218,2.19081
"LRRC70",2.08709,1.78015,1.53929
"LRRC8A",5.01943,4.48651,4.71582
"LRRC8B",2.97955,2.74795,3.15796
"LRRC8C",3.77455,4.00919,3.9765
"LRRC8D",4.29116,4.27036,3.9976
"LRRC8E",3.17603,3.53877,3.39327
"LRRC9",1.71006,2.257,1.55612
"LRRCC1",2.74663,3.22501,2.75835
"LRRFIP1",6.07812,4.45887,5.59184
"LRRFIP2",4.76167,5.07656,5.49956
"LRRIQ1",2.10387,2.05828,2.24991
"LRRIQ3",1.4666,1.85671,1.47115
"LRRIQ4",2.06576,1.80297,1.81794
"LRRK1",3.90904,3.59627,3.50759
"LRRK2",1.66765,1.85939,1.86767
"LRRN1",1.7599,2.30923,2.76539
"LRRN2",2.34995,2.33342,2.72111
"LRRN3",3.11032,3.12667,2.92542
"LRRN4",3.6853,3.38085,3.49049
"LRRN4CL",3.31222,3.05747,3.30105
"LRRTM1",2.25228,2.19968,2.68525
"LRRTM2",3.14998,2.57127,2.99464
"LRRTM3",2.16877,2.21744,1.98888
"LRRTM4",3.35425,2.03098,2.5272
"LRSAM1",2.29032,2.40989,2.46707
"LRTM1",3.0175,2.42599,2.76288
"LRTM2",3.19119,2.77371,3.19629
"LRTOMT",3.01616,3.50929,3.45426
"LRWD1",3.60553,3.10893,3.44386
"LSAMP",4.71942,4.9708,4.21708
"LSG1",3.21472,3.14801,2.97054
"LSM1",3.56364,3.1984,3.26884
"LSM10",4.73614,5.11462,4.63442
"LSM11",2.25994,2.16685,2.05066
"LSM12",5.1838,4.8684,4.81354
"LSM14A",6.01925,5.90182,5.29583
"LSM14B",4.69267,4.52852,4.54205
"LSM2",4.58928,4.83984,4.81609
"LSM3",2.35385,2.84587,2.77703
"LSM4",4.53105,4.97677,4.96776
"LSM5",3.29514,3.60679,3.22926
"LSM6",1.99027,3.00567,2.81539
"LSM7",2.66271,1.90534,2.87788
"LSMD1",5.34997,5.46708,5.62986
"LSP1",3.93485,3.68296,3.84964
"LSR",4.90721,4.88054,4.45189
"LSS",4.06969,3.96813,4.28157
"LST.3TM12",1.23497,1.18248,1.14195
"LST1",4.43117,4.46397,4.0933
"LTA",3.58138,3.20333,3.93491
"LTA4H",3.19227,3.47161,2.99932
"LTB",4.57171,4.66816,4.75778
"LTB4R",2.77774,2.48829,2.87221
"LTB4R2",3.49376,3.9192,3.60086
"LTBP1",4.88894,6.08551,4.12509
"LTBP2",4.30544,4.66335,3.94774
"LTBP3",5.38327,5.54023,5.26172
"LTBP4",4.80066,5.35879,4.48566
"LTBR",4.85129,4.75239,4.18344
"LTC4S",3.56525,4.09539,3.88346
"LTF",4.60923,2.68494,2.99783
"LTK",2.77979,2.78068,2.54519
"LTN1",3.25689,3.53606,3.17673
"LTV1",3.37942,3.395,2.70591
"LUC7L",4.16523,4.44163,4.26094
"LUC7L2",6.51363,6.17982,6.97848
"LUC7L3",6.51407,6.93761,6.32413
"LUM",4.91848,7.05179,4.55665
"LUZP1",3.6815,3.86875,3.74897
"LUZP2",3.28749,2.65001,3.63139
"LUZP3P",1.82417,1.86127,2.26993
"LUZP4",1.76256,1.55112,1.35035
"LUZP6",4.77945,5.12221,4.33592
"LXN",3.85745,3.05729,3.0893
"LY6D",4.16109,4.05991,4.31661
"LY6E",4.17563,4.05934,4.32337
"LY6G5B",5.04159,4.79175,5.28397
"LY6G5C",3.40166,2.91417,3.26066
"LY6G6C",3.82188,3.4952,4.06729
"LY6G6D",2.95822,2.73769,3.22578
"LY6G6E",3.92429,3.48884,4.85871
"LY6G6F",4.02841,3.21641,3.50633
"LY6H",4.02602,4.25092,3.76246
"LY6K",2.51454,2.28173,3.08601
"LY75",2.17835,1.79375,1.95018
"LY86",2.24999,1.88035,2.05496
"LY86.AS",5.0494,4.5935,5.26559
"LY9",3.07771,3.54449,3.36278
"LY96",1.5433,1.33904,1.46918
"LYAR",2.40743,2.4115,2.39918
"LYG1",3.05199,3.04494,3.07013
"LYG2",2.0007,2.31044,2.24411
"LYL1",3.84132,3.75941,3.88438
"LYN",2.52446,3.03645,2.25733
"LYNX1",4.3199,3.68553,3.95122
"LYPD1",3.34476,3.11093,3.37386
"LYPD2",3.25726,3.71125,3.30243
"LYPD3",3.66222,3.83397,3.70055
"LYPD4",2.4182,2.21374,2.41656
"LYPD5",4.3243,4.2268,4.61848
"LYPD6",2.41068,2.24227,2.49899
"LYPD6B",3.53422,3.64895,3.85181
"LYPLA1",3.37086,3.35851,3.54473
"LYPLA2",5.596,5.17084,5.10662
"LYPLA2P1",4.39073,3.96532,4.2589
"LYPLAL1",2.79169,3.48802,3.33927
"LYRM1",3.52316,3.7839,4.07122
"LYRM2",5.10632,3.25474,5.82652
"LYRM4",2.45352,2.53085,3.06072
"LYRM5",3.74795,4.51863,4.02533
"LYRM7",3.15522,3.26519,2.79713
"LYSMD1",3.51432,3.49138,3.62309
"LYSMD2",4.01318,3.40421,3.73247
"LYSMD3",3.36186,3.53154,3.9796
"LYSMD4",2.97532,2.65303,2.54342
"LYST",2.81224,3.41226,2.72722
"LYVE1",2.66175,1.75035,2.99018
"LYZ",4.06383,4.3538,4.055
"LYZL1",1.84134,1.35536,1.09953
"LYZL2",1.57861,1.45646,1.19369
"LYZL4",2.06111,1.97604,1.78042
"LYZL6",1.82711,1.70382,1.27227
"LZIC",3.2728,3.40992,3.047
"LZTFL1",2.65869,3.0659,3.00459
"LZTR1",3.38429,3.41018,2.7511
"LZTS1",3.65592,3.01139,3.67111
"LZTS2",4.21754,4.02808,4.29753
"M6PR",3.45692,4.23241,4.36549
"MAB21L1",2.81423,3.29188,2.93471
"MAB21L2",3.90782,3.34253,3.44727
"MACC1",2.60599,2.20058,2.62425
"MACF1",4.69174,5.42227,4.82505
"MACROD1",4.53302,4.62548,4.60015
"MACROD2",3.16154,2.86955,3.11412
"MAD1L1",4.75277,4.42153,4.70513
"MAD2L1",1.88492,1.68799,1.83102
"MAD2L1BP",2.43719,3.00461,3.20409
"MAD2L2",4.00603,4.34833,4.03054
"MADCAM1",5.55678,4.90334,5.11436
"MADD",3.85911,4.27273,3.81182
"MAEA",4.63526,5.53837,4.75174
"MAEL",1.41832,1.81137,1.76463
"MAF",4.37659,5.14454,4.23585
"MAF1",4.88368,5.01581,4.88563
"MAFA",3.61358,3.6716,3.68755
"MAFB",4.02327,4.70295,3.67356
"MAFF",5.85684,3.16194,5.21174
"MAFG",4.0275,4.0301,3.80606
"MAFIP",3.92169,3.60636,4.47122
"MAFK",5.31323,4.049,4.27323
"MAG",2.65094,2.177,2.40998
"MAGEA1",3.20962,2.95647,3.00465
"MAGEA10",2.63944,2.15627,3.55058
"MAGEA11",2.77365,2.16422,2.08451
"MAGEA12",2.38538,2.61211,2.28148
"MAGEA2",3.31841,3.217,3.41029
"MAGEA3",2.75306,3.31224,2.83739
"MAGEA4",1.87833,2.04963,2.46219
"MAGEA5",2.8788,2.54911,2.95148
"MAGEA6",3.07041,3.75746,3.14865
"MAGEA8",4.68571,4.77365,4.64305
"MAGEA9",3.45063,3.17283,3.47746
"MAGEB1",2.23011,2.07966,2.03528
"MAGEB10",1.69575,1.81212,1.7684
"MAGEB16",1.95576,1.46086,1.64852
"MAGEB17",2.53645,2.23703,2.72417
"MAGEB18",2.07739,2.30476,1.78884
"MAGEB2",1.25869,1.64915,1.88139
"MAGEB3",2.55232,2.49256,2.19902
"MAGEB5",1.76557,1.41334,2.20617
"MAGEB6",2.47057,2.24746,2.511
"MAGEC1",1.9734,1.76835,2.17342
"MAGEC2",1.97303,1.87433,2.01708
"MAGEC3",2.11347,1.69558,2.06933
"MAGED1",4.29009,4.34866,4.18283
"MAGED2",5.29547,5.96548,4.5876
"MAGED4",3.5673,3.879,3.70741
"MAGEE1",3.24916,3.39459,3.2091
"MAGEE2",2.2892,2.34974,2.44406
"MAGEF1",5.09546,5.25972,4.91129
"MAGEH1",4.30593,4.57108,3.88966
"MAGEL2",2.33256,2.18192,1.93631
"MAGI1",3.94257,4.27393,3.66795
"MAGI2",3.53335,3.42015,4.29765
"MAGI3",3.66994,4.04419,3.46822
"MAGIX",2.9067,2.8039,3.00358
"MAGOH",5.22656,5.17711,4.43454
"MAGOHB",3.35304,3.1567,2.69078
"MAGT1",3.12003,2.85364,2.85998
"MAK",3.79475,3.20055,3.42387
"MAK16",3.3069,4.05526,3.35179
"MAL",3.80379,3.94568,3.7509
"MAL2",3.77078,3.86149,4.70648
"MALAT1",11.518,11.495,11.7256
"MALL",4.95289,4.56874,4.75112
"MALT1",5.86719,5.01211,5.1373
"MAMDC2",1.90972,1.97517,2.25339
"MAMDC4",4.30589,4.52443,4.7677
"MAML1",4.577,4.7953,4.78025
"MAML2",4.76562,4.55393,4.30912
"MAML3",4.53193,4.65456,4.34134
"MAMLD1",2.99364,2.73603,2.95175
"MAMSTR",3.23969,3.3846,3.13563
"MAN1A1",3.58753,4.2229,3.52596
"MAN1A2",4.78885,4.51632,4.47974
"MAN1B1",3.18966,3.97041,3.43273
"MAN1C1",3.86024,4.26842,3.52587
"MAN2A1",3.53198,3.8976,3.70494
"MAN2A2",4.12822,4.36653,4.35121
"MAN2B1",3.79042,4.45522,4.32566
"MAN2B2",3.36244,3.34602,3.28964
"MAN2C1",4.19253,4.61448,4.67239
"MANBA",2.75335,3.04135,2.96572
"MANBAL",4.0191,4.54767,4.14009
"MANEA",1.92881,2.51634,2.25245
"MANEAL",3.11623,3.22878,3.88976
"MANF",5.49154,5.4882,5.49328
"MANSC1",4.28021,3.54528,3.688
"MAOA",4.38916,4.37946,3.96764
"MAOB",3.37202,3.76963,2.68445
"MAP1A",3.23088,3.37087,3.28072
"MAP1B",5.05518,6.58045,5.19613
"MAP1LC3A",4.15689,3.75682,4.09502
"MAP1LC3B",5.24846,4.30943,4.83952
"MAP1LC3B2",5.93117,4.80571,4.3107
"MAP1LC3C",3.14252,3.13623,3.48821
"MAP1S",4.04873,3.81497,3.64119
"MAP2",2.78999,4.49967,3.02278
"MAP2K1",3.80187,4.72342,4.15127
"MAP2K2",3.89196,4.61608,4.15524
"MAP2K3",3.3017,2.80777,2.97433
"MAP2K4",4.31888,3.42482,3.64347
"MAP2K5",2.20765,2.59172,2.63112
"MAP2K6",2.93601,2.97592,3.03081
"MAP2K7",2.73398,2.50444,2.6711
"MAP3K1",4.39456,4.55734,4.08652
"MAP3K10",3.77344,4.138,3.9013
"MAP3K11",4.66411,3.84318,3.90767
"MAP3K12",3.43566,4.11045,3.44418
"MAP3K13",2.51319,2.28901,2.65851
"MAP3K14",4.04551,3.37108,3.74469
"MAP3K15",2.11068,1.91499,1.95122
"MAP3K2",3.23435,3.75711,3.34843
"MAP3K3",4.17166,4.50582,3.56288
"MAP3K4",4.29854,4.15062,4.3569
"MAP3K5",4.37229,4.43423,3.84908
"MAP3K6",4.58778,4.11463,4.54771
"MAP3K7",4.01836,3.63936,3.54636
"MAP3K8",3.98325,3.62282,4.27879
"MAP3K9",2.88133,2.81458,2.85864
"MAP4",4.4662,4.77288,4.68114
"MAP4K1",3.16412,2.70329,3.52931
"MAP4K2",3.5693,3.26729,3.67189
"MAP4K3",4.3853,4.76513,4.62394
"MAP4K4",4.294,4.89952,4.36287
"MAP4K5",4.70095,4.81079,4.59559
"MAP6",3.03959,3.59629,3.08924
"MAP6D1",3.54873,3.5176,3.05599
"MAP7",4.90165,4.98673,4.79664
"MAP7D1",5.97283,6.18853,5.58766
"MAP7D2",1.90041,2.12191,1.80549
"MAP7D3",4.27443,4.38719,4.00397
"MAP9",2.61843,3.18908,2.71175
"MAPK1",5.1837,4.90592,3.9312
"MAPK10",4.25215,5.34304,3.99938
"MAPK11",3.60536,3.48767,3.73913
"MAPK12",3.11868,3.35051,3.57782
"MAPK13",2.64654,2.92384,2.71566
"MAPK14",2.55675,3.62121,2.99213
"MAPK15",4.40924,4.30341,4.39021
"MAPK1IP1L",5.58836,5.33169,5.67207
"MAPK3",5.24603,5.2079,4.6531
"MAPK4",3.66368,3.0295,3.69241
"MAPK6",4.1613,3.95016,3.57475
"MAPK7",3.58024,3.63633,3.64382
"MAPK8",3.68849,3.69569,2.9972
"MAPK8IP1",3.86532,4.41244,3.89241
"MAPK8IP2",3.72317,3.61209,4.17421
"MAPK8IP3",4.00506,3.99862,4.10637
"MAPK9",3.85552,4.3298,3.62128
"MAPKAP1",4.17711,4.52885,4.48977
"MAPKAPK2",5.59964,5.35643,5.26652
"MAPKAPK3",4.71482,4.93337,4.22257
"MAPKAPK5",3.94975,4.7232,4.65835
"MAPKBP1",3.88347,3.81877,3.30039
"MAPKSP1",3.07613,2.99252,3.14341
"MAPRE1",5.33182,5.2317,4.59077
"MAPRE2",3.92171,3.52559,3.13045
"MAPRE3",3.67403,3.22289,3.04933
"MAPT",3.41987,3.07124,3.10809
"MARCH1",2.32605,2.47542,2.34239
"MARCH10",1.90804,2.16515,2.19858
"MARCH11",1.77046,1.78929,1.63691
"MARCH2",3.90301,3.67619,3.79069
"MARCH3",2.12141,1.93196,2.01738
"MARCH4",3.21376,3.40363,2.83224
"MARCH5",4.27861,3.53216,3.91323
"MARCH6",5.11101,5.37312,4.4797
"MARCH7",5.43916,4.99864,4.81412
"MARCH8",2.69714,2.96378,2.6439
"MARCH9",2.73374,2.8139,2.58449
"MARCKS",5.27143,5.57103,4.68896
"MARCKSL1",5.99855,5.97707,5.63368
"MARCO",3.82248,3.54031,4.05602
"MARK1",2.4537,2.99659,2.10674
"MARK2",4.79408,4.63303,4.49525
"MARK3",5.41392,5.44608,5.18499
"MARK4",5.13812,4.6027,4.41949
"MARS",4.29707,4.28038,4.51596
"MARS2",2.66265,2.62523,2.92615
"MARVELD1",5.6836,6.22706,5.64651
"MARVELD2",3.71488,3.68924,4.14597
"MARVELD3",3.81228,3.07785,3.60897
"MAS1",1.52113,1.59662,1.45119
"MAS1L",1.53178,1.64979,2.41141
"MASP1",3.3648,3.16693,3.23059
"MASP2",3.37781,3.52814,3.1623
"MAST1",3.01482,3.31357,3.10498
"MAST2",4.47418,4.53561,4.50144
"MAST3",3.44196,3.54887,3.05874
"MAST4",3.89309,3.57669,3.72648
"MASTL",2.82527,2.32405,2.24633
"MAT1A",2.15324,1.77805,1.9105
"MAT2A",8.03477,7.58505,7.81788
"MAT2B",3.62482,3.65327,3.5018
"MATK",3.22665,2.86297,3.60989
"MATN1",2.25906,2.16968,2.41584
"MATN2",5.02595,6.08219,4.74098
"MATN3",2.12834,2.25758,1.66375
"MATN4",3.88874,4.11459,3.56959
"MATR3",5.12707,5.61021,5.17959
"MAU2",4.61009,4.16781,4.51483
"MAVS",4.55446,4.68272,4.62008
"MAX",4.9327,5.11145,5.03038
"MAZ",5.20023,5.8724,5.09988
"MB",2.94615,2.88925,3.14494
"MBD1",4.48692,4.22108,4.7384
"MBD2",5.79609,5.77831,4.9807
"MBD3",3.99793,4.14502,3.56767
"MBD3L1",1.51143,1.61943,1.71738
"MBD3L2",3.34624,2.93823,3.55792
"MBD3L3",3.7997,3.49464,4.05922
"MBD3L5",3.81306,3.48321,4.09558
"MBD4",2.75585,2.79217,3.35422
"MBD5",3.41212,3.03323,3.31767
"MBD6",5.46855,5.03427,4.89278
"MBIP",4.39413,4.02219,3.81704
"MBL1P",1.12598,1.63306,1.69919
"MBL2",2.14474,2.55557,2.40056
"MBLAC1",3.5964,3.34528,3.95955
"MBLAC2",2.19707,2.10107,2.00435
"MBNL1",5.85508,6.55064,5.73774
"MBNL2",6.23064,6.21156,6.05348
"MBNL3",3.23311,3.12793,2.7957
"MBOAT1",3.10829,3.33987,2.6475
"MBOAT2",3.76095,4.4842,4.13567
"MBOAT4",2.12305,2.16968,2.08245
"MBOAT7",3.6775,3.92207,3.59756
"MBP",3.82412,3.78293,3.65608
"MBTD1",3.45124,3.58869,3.04849
"MBTPS1",4.46177,4.85283,4.33821
"MBTPS2",2.42867,2.04313,2.59475
"MC1R",3.84054,3.65466,3.6436
"MC2R",2.13215,1.75895,1.66186
"MC3R",2.44679,1.92957,2.35976
"MC4R",2.18194,2.29037,1.82261
"MC5R",1.84095,1.69983,2.44375
"MCAM",3.83004,4.07575,3.98858
"MCART1",3.64254,2.79509,3.09794
"MCART2",1.74237,1.37032,1.43988
"MCART3P",2.4329,1.94633,1.69402
"MCART6",3.92032,3.39907,3.95028
"MCAT",2.77031,3.27356,2.69281
"MCC",4.25952,4.84713,4.97435
"MCCC1",4.2667,5.32567,4.56705
"MCCC2",3.79798,4.45614,4.02149
"MCCD1",3.78967,3.3391,4.07677
"MCEE",3.45676,2.29618,2.49295
"MCF2",1.54495,2.09478,1.4936
"MCF2L",4.15548,4.31569,4.03156
"MCF2L2",2.34612,2.63074,2.33276
"MCFD2",4.20191,3.91719,3.69265
"MCHR1",3.02063,3.29252,3.80802
"MCHR2",1.80665,2.00652,2.15281
"MCL1",7.06012,5.2085,6.18661
"MCM10",1.99644,1.79343,1.56118
"MCM2",3.78061,3.58641,3.70318
"MCM3",2.91535,2.97069,2.25169
"MCM3AP",4.11379,4.30167,3.93653
"MCM3AP.AS",3.98323,3.90945,3.82487
"MCM4",3.11286,2.93923,2.66745
"MCM5",3.80891,3.5226,4.07944
"MCM6",2.41834,2.78799,2.36772
"MCM7",3.19885,3.85389,3.32506
"MCM8",2.03251,2.62386,2.5339
"MCM9",3.21476,3.35966,3.05581
"MCOLN1",4.39688,4.52878,4.78146
"MCOLN2",1.99761,2.30384,2.38778
"MCOLN3",2.33652,2.26987,2.41072
"MCPH1",4.23423,4.30267,3.81128
"MCRS1",3.86022,3.54613,3.31963
"MCTP1",2.45996,2.70464,2.41811
"MCTP2",3.56008,3.89017,3.80509
"MCTS1",3.01006,3.4639,3.19881
"MDC1",3.72241,3.95253,3.74428
"MDFI",3.33009,4.03972,3.06837
"MDFIC",4.15945,4.07928,3.90746
"MDGA1",2.3486,2.98648,2.80733
"MDGA2",1.77126,1.9167,1.49245
"MDH1",3.30284,4.06354,4.06871
"MDH1B",1.88358,1.74082,2.24809
"MDH2",5.0437,5.23867,4.69374
"MDK",5.75811,5.73235,5.56093
"MDM1",1.86759,2.69406,1.77978
"MDM2",5.0898,5.24489,4.91114
"MDM4",5.31177,5.33779,4.31829
"MDN1",3.57699,3.50578,3.40675
"MDP1",2.47706,2.69503,2.80434
"MDS2",3.1233,2.59113,2.7351
"ME1",2.46351,3.29772,2.75498
"ME2",3.75236,4.79253,3.71279
"ME3",4.46614,4.39434,4.22334
"MEA1",4.25408,3.50955,3.8335
"MEAF6",4.9131,4.138,4.51345
"MECOM",2.91028,2.81292,2.7443
"MECP2",5.386,5.07746,5.05584
"MECR",3.00683,3.00751,2.90531
"MED1",3.47445,3.80029,3.1907
"MED10",3.70074,3.91572,3.14658
"MED11",2.29634,2.30361,2.22706
"MED12",4.11471,4.53918,4.14571
"MED12L",1.9147,2.13297,2.30998
"MED13",5.44589,5.65144,5.45127
"MED13L",5.60722,5.56124,4.99194
"MED14",4.09309,4.18054,4.11589
"MED15",5.22059,5.27625,5.03351
"MED16",4.30467,4.09734,4.16193
"MED17",2.02081,2.81985,2.38144
"MED18",2.75986,2.85887,2.78308
"MED19",4.00189,3.82042,4.37282
"MED20",2.8248,3.56824,2.96305
"MED21",5.10463,4.40507,3.3818
"MED22",3.21071,3.12719,2.95087
"MED23",3.96547,4.13863,3.57313
"MED24",3.6491,4.02872,3.43738
"MED25",4.16087,4.22639,4.54565
"MED26",4.8154,4.5076,4.27367
"MED27",3.97998,4.53338,4.60092
"MED28",3.45229,4.14475,3.19186
"MED29",4.40168,3.99362,4.32603
"MED30",2.99364,3.33742,2.71239
"MED31",2.57478,2.96953,3.60906
"MED4",3.60886,4.65422,3.8335
"MED6",2.78277,3.49602,2.59526
"MED7",4.33277,4.47132,4.51101
"MED8",2.76685,2.8569,2.34247
"MED9",4.50994,4.59513,4.82257
"MEF2A",4.24297,4.50739,4.48338
"MEF2B",3.88688,4.29404,3.90703
"MEF2C",3.70629,3.89092,3.62509
"MEF2D",5.35563,4.97426,5.2088
"MEFV",2.80717,2.16858,2.7592
"MEG3",5.36991,5.11239,5.23728
"MEGF10",2.2767,1.99231,1.78187
"MEGF11",3.73423,3.34542,3.3988
"MEGF6",4.01785,3.96817,3.92744
"MEGF8",4.62221,4.37438,4.51627
"MEGF9",2.73865,2.71661,2.6584
"MEI1",2.08061,2.15623,2.43335
"MEIG1",1.33122,1.24422,1.43806
"MEIS1",4.90486,5.68843,4.40723
"MEIS2",5.4397,5.50212,4.19246
"MEIS3",3.83503,3.85536,3.94017
"MEIS3P1",3.90915,3.93391,3.38084
"MELK",2.06038,2.00149,1.84672
"MEMO1",4.47092,4.21368,4.1559
"MEN1",2.86575,3.14074,2.68064
"MEOX1",3.70908,3.37641,3.49701
"MEOX2",4.35261,4.47693,4.61121
"MEP1A",2.11392,1.80302,1.97388
"MEP1B",1.84295,1.56825,1.76972
"MEPCE",4.26025,3.85817,4.08896
"MEPE",1.71328,1.48204,1.71665
"MERTK",4.23324,4.99907,5.13179
"MESDC1",4.08431,3.86564,3.64142
"MESDC2",4.14978,4.20987,3.56193
"MESP1",3.86008,3.95147,4.21354
"MESP2",4.75172,4.40139,4.64206
"MEST",2.52866,2.76023,2.56412
"MET",2.01399,2.51741,2.39129
"METAP1",3.67441,4.49807,3.93863
"METAP1D",2.40442,2.35857,2.61858
"METAP2",5.38018,5.54474,5.01701
"METRN",3.69961,3.73674,3.33302
"METRNL",4.04681,3.90292,3.91573
"METT10D",2.88434,2.87153,2.78608
"METT11D1",2.73262,3.41733,3.37265
"METT5D1",2.42773,2.26426,2.89933
"METTL1",2.96899,4.12591,3.38708
"METTL10",3.72626,4.21672,4.20095
"METTL11A",4.2324,3.86982,3.48441
"METTL13",2.76851,2.81836,2.96162
"METTL14",2.7639,3.72319,3.32619
"METTL2A",1.86006,1.92955,3.04353
"METTL2B",3.12852,3.50522,3.33726
"METTL3",5.13279,5.50885,4.465
"METTL4",2.23341,2.64569,2.50732
"METTL5",3.90698,4.52418,4.30414
"METTL6",2.02236,3.22075,2.17127
"METTL7A",4.22215,4.18957,4.63816
"METTL7B",3.13865,2.76864,3.42664
"METTL8",2.6766,2.64955,2.59018
"METTL9",5.81301,5.2384,5.26553
"MEX3B",3.79797,3.84243,4.03467
"MEX3C",4.78212,4.45618,4.6574
"MEX3D",3.74035,4.39916,4.52648
"MFAP1",4.49148,4.7572,4.23172
"MFAP2",4.49756,4.63739,4.8067
"MFAP3",2.73709,2.46602,2.29901
"MFAP3L",1.94168,1.81828,1.93757
"MFAP4",5.25317,5.65013,4.28458
"MFAP5",3.26901,2.44936,3.66001
"MFF",4.85061,5.84439,4.65969
"MFGE8",4.56864,4.77943,3.87265
"MFHAS1",3.9827,4.561,4.10478
"MFI2",2.97555,2.80423,3.03206
"MFN1",4.05042,3.62908,3.69272
"MFN2",5.05475,4.77931,4.72217
"MFNG",2.76105,3.09734,2.45092
"MFSD1",3.42989,2.64296,2.94179
"MFSD10",4.36416,4.47742,4.08125
"MFSD11",2.18571,2.72741,2.19477
"MFSD2A",2.27008,2.51055,2.85891
"MFSD2B",2.49859,2.801,2.72952
"MFSD3",4.84319,3.87253,4.97699
"MFSD4",3.56548,4.59436,4.33302
"MFSD5",2.91781,2.57851,2.75738
"MFSD6",6.34681,4.65445,4.89203
"MFSD6L",2.2916,2.55335,2.62877
"MFSD7",4.39977,3.86259,4.29032
"MFSD8",2.19728,2.23198,2.33453
"MFSD9",2.36753,2.44153,2.73208
"MGA",3.83695,4.22062,3.99144
"MGAM",1.63263,1.36552,1.68179
"MGAT1",3.67184,3.65934,3.81991
"MGAT2",3.27176,3.33617,3.28486
"MGAT3",3.98954,4.02298,3.98042
"MGAT4A",4.33516,3.45788,3.38508
"MGAT4B",3.88599,3.99172,3.71497
"MGAT4C",1.56466,1.23289,1.56286
"MGAT5",2.8253,2.64157,3.14736
"MGAT5B",3.77634,3.33315,3.70051
"MGC10814",4.56575,3.96743,4.33051
"MGC14436",1.68758,1.59081,1.83395
"MGC15705",2.12007,2.26942,2.39906
"MGC16025",4.24644,3.71673,4.20533
"MGC16121",3.59284,3.78136,3.67644
"MGC16703",2.71597,2.53437,3.32543
"MGC23270",2.96478,2.71255,2.29247
"MGC23284",3.14644,3.45101,3.56134
"MGC24103",2.34458,2.0993,2.35635
"MGC2752",2.73751,2.83601,2.98115
"MGC29506",3.61341,3.35339,3.97664
"MGC34796",2.47885,2.30087,3.1628
"MGC34800",3.47816,3.37593,3.96296
"MGC39372",2.22596,2.04951,2.36743
"MGC39584",2.04249,2.40262,1.96312
"MGC42105",2.10075,1.974,1.82088
"MGC4294",3.4971,3.41306,3.7231
"MGC44328",2.69022,2.35592,2.38034
"MGC45800",3.27152,2.87024,2.88177
"MGC45922",3.04865,2.61368,3.08179
"MGC5590",2.34687,1.73626,2.61464
"MGC57346",3.26487,4.43496,3.29926
"MGC70870",2.20874,2.46868,2.14626
"MGC72080",4.92544,5.36253,5.55519
"MGC87042",2.16147,2.68266,2.04319
"MGEA5",4.44092,5.28679,4.5093
"MGLL",2.94807,3.64813,3.53829
"MGMT",4.46335,4.26127,4.81394
"MGP",8.00266,7.88983,6.46145
"MGRN1",4.50769,4.07156,4.5717
"MGST1",2.77188,3.37612,2.85696
"MGST2",6.24304,5.48888,5.11518
"MGST3",4.55281,4.67965,4.88284
"MIA",3.61791,3.33141,4.24069
"MIA2",1.57676,1.52492,1.40107
"MIA3",5.1618,4.82932,5.22813
"MIB1",3.00933,3.93387,3.60284
"MIB2",3.77887,3.61436,3.47459
"MICA",3.34946,2.89265,2.87514
"MICAL1",3.81107,4.43423,4.13347
"MICAL2",3.01721,3.26516,3.38345
"MICAL3",4.68036,5.08298,4.31938
"MICALCL",2.61568,2.73448,2.82886
"MICALL1",4.86658,4.93687,4.40343
"MICALL2",4.01664,4.28354,4.25088
"MICB",2.93251,2.83398,2.77063
"MID1",3.92693,2.96353,3.36537
"MID1IP1",3.06397,3.85759,3.45191
"MID2",3.68339,3.51111,4.16342
"MIDN",5.32617,4.26587,4.65635
"MIER1",4.33067,4.11549,4.08596
"MIER2",3.3223,3.04732,2.36454
"MIER3",2.14978,3.33174,2.86554
"MIF",4.97334,5.12214,5.37582
"MIF4GD",3.14723,3.36772,3.45835
"MIIP",4.25571,3.6576,4.1631
"MINA",3.35615,3.21414,3.16002
"MINK1",4.36941,5.17579,4.66283
"MINPP1",3.32936,3.68004,3.87762
"MIOS",4.23539,5.0993,4.27924
"MIOX",4.2211,4.31419,4.45057
"MIP",3.09214,2.72913,3.03301
"MIPEP",2.89701,2.88055,3.1189
"MIPOL1",3.78398,3.84224,3.49065
"MIR1.1",1.26044,1.52381,1.72946
"MIR1.2",1.22829,1.0921,1.02411
"MIR100",4.55751,1.21089,1.20323
"MIR101.1",1.59755,1.39086,1.35487
"MIR101.2",1.3808,1.32919,1.23589
"MIR103.1",1.26727,1.32893,1.44437
"MIR103.2",1.81565,2.20716,1.81126
"MIR105.1",3.04777,1.79742,2.02085
"MIR105.2",3.00808,2.14732,2.11931
"MIR106A",1.30255,1.15556,1.17432
"MIR106B",3.34306,3.44444,2.84109
"MIR107",3.70042,2.61104,3.46186
"MIR10A",1.30317,1.22027,1.2176
"MIR10B",1.38733,1.30521,1.25486
"MIR122",1.17128,1.46496,1.47742
"MIR124.1",1.56765,1.52863,1.61383
"MIR124.2",3.28821,3.17271,3.09663
"MIR124.3",1.58919,1.73005,1.47006
"MIR1247",5.05025,5.42633,5.22997
"MIR125A",3.47869,2.26187,2.80746
"MIR125B1",1.89878,2.21864,2.32906
"MIR125B2",2.07629,2.20885,2.07482
"MIR126",1.50977,1.3804,1.36108
"MIR127",2.36354,2.13281,2.47043
"MIR128.1",1.51751,1.31406,1.53753
"MIR128.2",2.04069,1.93585,2.32868
"MIR129.1",2.95709,2.46941,2.97334
"MIR129.2",1.89602,1.75019,1.89002
"MIR130A",1.73428,1.32469,1.5211
"MIR130B",3.25671,2.84897,3.00849
"MIR132",1.87579,1.6435,2.20928
"MIR133A1",1.59322,1.551,1.92676
"MIR133B",3.6759,3.02414,3.5432
"MIR134",3.84971,2.77614,3.83287
"MIR135A1",2.26812,3.15809,1.9149
"MIR135A2",1.13212,1.13975,1.12284
"MIR136",1.43074,1.5331,1.44424
"MIR137",1.49748,1.52778,1.67497
"MIR138.1",3.73003,3.19988,4.0551
"MIR138.2",2.9405,2.80842,2.40263
"MIR139",5.19469,4.96245,5.32538
"MIR140",2.03038,1.81417,1.74858
"MIR141",1.50808,1.61827,1.73789
"MIR142",1.89318,1.79451,1.50979
"MIR143",3.23949,3.14684,2.6921
"MIR144",1.07134,1.29479,1.1952
"MIR145",3.5288,3.5056,2.44804
"MIR146A",1.06891,1.62138,1.58076
"MIR147",3.81813,3.38695,4.19602
"MIR148A",1.36013,1.16667,1.26961
"MIR148B",1.32789,1.31979,1.75225
"MIR149",4.39655,4.1714,4.7448
"MIR150",3.82306,3.34576,4.2358
"MIR152",2.58524,1.9389,2.69656
"MIR153.1",1.5853,1.63975,1.77907
"MIR153.2",1.70701,1.5333,1.66091
"MIR154",1.50243,1.55373,1.45032
"MIR155",2.45991,2.66664,2.39832
"MIR15A",1.95623,1.78425,1.5868
"MIR15B",1.45749,1.32573,1.24532
"MIR16.1",1.63518,1.52968,1.32501
"MIR16.2",1.47812,1.33241,1.18033
"MIR17HG",1.69968,1.45911,2.06916
"MIR181A1",2.10018,2.24955,2.07393
"MIR181A2",2.68456,2.27039,2.03409
"MIR181B1",2.05291,1.55676,2.38167
"MIR181B2",1.987,4.05612,2.19321
"MIR181C",3.61648,2.25666,3.91436
"MIR182",1.60615,1.34485,1.58457
"MIR183",2.00739,1.46074,1.52032
"MIR184",1.80271,1.67945,2.24984
"MIR185",5.09844,5.04377,5.42888
"MIR186",1.33431,1.79049,1.82832
"MIR187",3.78727,3.39403,3.81158
"MIR188",3.79779,3.49609,4.02399
"MIR190",1.25545,1.59708,1.32867
"MIR191",2.28443,2.10446,2.49911
"MIR192",2.73133,2.66234,2.91007
"MIR193A",4.79918,4.72774,4.58828
"MIR194.1",1.30587,1.33746,1.61472
"MIR194.2",3.74584,3.51691,3.65278
"MIR195",2.56277,1.66379,1.83191
"MIR196A1",4.04636,3.9145,4.35998
"MIR196A2",2.11115,2.47987,2.3363
"MIR197",5.80789,5.11711,5.89562
"MIR199A1",1.69274,2.96978,1.51721
"MIR199A2",3.31442,2.97096,3.5058
"MIR199B",1.88055,1.51483,1.62972
"MIR19B2",1.31589,2.90685,1.46742
"MIR200A",2.60717,1.6253,2.12925
"MIR200B",3.52806,3.3637,3.57901
"MIR200C",2.58994,1.70872,2.59195
"MIR202",1.42319,1.51839,1.0494
"MIR203",1.28162,1.13864,1.43255
"MIR204",1.48958,1.11147,1.47158
"MIR205",4.07852,4.99449,4.31762
"MIR206",1.59657,1.54406,2.29152
"MIR208A",1.59294,1.28498,1.56027
"MIR21",7.54664,4.7177,7.76937
"MIR210",5.12793,5.33063,5.5483
"MIR211",4.29943,3.44076,4.20247
"MIR212",3.70114,3.88134,4.07927
"MIR214",5.388,5.30675,5.6367
"MIR215",0.93492,1.12501,1.01269
"MIR216A",1.65232,1.46124,1.86851
"MIR217",1.58365,1.55608,1.21656
"MIR218.1",1.97514,1.97617,1.55413
"MIR218.2",2.34901,2.0275,1.92875
"MIR219.1",2.45386,3.03926,2.47771
"MIR219.2",2.8047,2.77042,2.66341
"MIR221",2.63713,1.64526,1.89024
"MIR222",4.16538,1.6949,1.66361
"MIR223",1.82688,1.65479,1.51833
"MIR224",1.35065,2.10673,2.38432
"MIR23A",3.60859,2.57556,3.32853
"MIR23B",4.04361,4.23219,3.92678
"MIR24.1",1.55782,1.30356,1.56314
"MIR24.2",4.58669,2.27188,3.38987
"MIR25",3.58749,4.16829,3.76492
"MIR26A1",2.34577,1.89611,1.80373
"MIR26A2",1.11267,1.38823,1.55849
"MIR26B",3.62802,3.49963,3.96251
"MIR27A",5.11269,3.86184,3.18411
"MIR27B",1.83236,2.18983,1.66888
"MIR28",2.68513,2.79208,4.61833
"MIR296",3.61024,3.62111,3.80808
"MIR299",1.17375,1.46053,1.38806
"MIR29A",2.08739,1.76948,1.30683
"MIR29B1",1.07966,1.19058,1.03002
"MIR29B2",1.47415,2.50629,1.45341
"MIR29C",2.56148,3.34909,2.40044
"MIR301A",1.02604,1.45533,1.31643
"MIR302A",2.21152,1.15243,1.31171
"MIR302B",2.54676,1.40096,1.07756
"MIR30A",2.02558,1.28282,1.78497
"MIR30B",1.02261,1.09497,1.35948
"MIR30C1",2.7487,2.26827,2.61656
"MIR30C2",2.49599,3.31369,3.43917
"MIR30D",1.61297,1.29089,1.22346
"MIR30E",1.73093,1.58962,1.42486
"MIR31",2.92576,1.86408,1.89009
"MIR32",2.70571,2.9387,3.71585
"MIR320A",6.40691,5.72126,6.04544
"MIR320C1",5.83215,5.93179,5.72829
"MIR323",1.54957,1.07178,1.24839
"MIR326",6.53944,5.5675,6.37593
"MIR330",3.64425,3.20821,3.29989
"MIR331",2.15278,2.01439,2.16511
"MIR339",5.50199,5.38632,5.91501
"MIR33A",1.44707,1.50936,1.73971
"MIR34A",3.13475,3.12076,3.18913
"MIR34B",1.88517,1.29867,1.85255
"MIR34C",1.34625,1.36975,1.34756
"MIR365.1",3.03121,2.64218,2.87973
"MIR375",4.03992,3.82371,4.34701
"MIR376C",1.18133,1.26362,1.00049
"MIR377",1.23185,1.32405,1.0676
"MIR382",1.40141,1.59398,1.31091
"MIR410",1.63717,1.44775,1.32785
"MIR412",2.21581,2.2476,1.92851
"MIR423",4.31466,4.04229,4.38675
"MIR425",3.05346,2.88402,2.70709
"MIR429",2.8319,3.3043,3.3931
"MIR451",1.27162,1.23513,1.53003
"MIR455",2.07588,1.43063,1.55774
"MIR485",1.78576,1.66179,1.71089
"MIR487A",1.28357,1.53114,1.51847
"MIR492",1.79398,2.38476,2.38256
"MIR494",3.35863,3.4486,3.45187
"MIR495",1.39934,1.50317,1.25591
"MIR503",3.42426,2.55571,4.02145
"MIR504",3.441,3.65542,3.63471
"MIR509.1",1.46705,1.3764,1.3101
"MIR516B1",1.60646,1.43002,1.88825
"MIR516B2",1.22536,1.39562,1.70876
"MIR517C",1.10562,1.0188,1.68735
"MIR519A2",1.34105,1.2515,1.22074
"MIR520C",1.76647,1.15538,2.02794
"MIR622",6.50718,6.25608,6.11328
"MIR7.2",2.58568,2.6505,2.65645
"MIR7.3",3.1458,2.90343,3.21067
"MIR9.1",3.51232,2.37653,3.324
"MIR9.2",1.18616,1.22514,1.28306
"MIR9.3",2.0286,1.9599,2.15525
"MIR92A2",1.88231,1.68128,1.86103
"MIR93",2.45769,2.71632,3.05223
"MIR95",1.2172,1.12712,0.934225
"MIR96",1.56149,1.78625,2.16229
"MIR98",1.58821,1.56425,1.90676
"MIR99A",4.01135,4.60093,2.71123
"MIR99B",4.82034,4.73663,4.86019
"MIRLET7A1",2.36747,2.32216,2.54178
"MIRLET7A2",2.28741,2.12482,2.28798
"MIRLET7A3",3.35291,3.1663,3.03581
"MIRLET7B",5.46416,4.9056,5.3792
"MIRLET7C",1.27373,2.17957,1.19069
"MIRLET7D",3.92419,3.89452,4.16963
"MIRLET7E",4.05858,4.77261,4.95889
"MIRLET7F1",1.85537,1.29201,1.89406
"MIRLET7F2",1.8225,2.16624,1.97089
"MIRLET7G",2.85924,3.0723,2.69712
"MIRLET7I",3.7039,3.21746,3.94464
"MIS12",2.9042,3.47839,3.21583
"MITD1",1.79004,2.05076,2.13683
"MITF",3.13822,3.7548,3.27345
"MIXL1",4.07673,3.73481,3.89317
"MKI67",2.49416,2.40689,2.58691
"MKI67IP",4.43649,4.75763,4.6029
"MKKS",2.10673,2.85094,2.56191
"MKL1",4.38792,4.37613,3.99952
"MKL2",4.65515,5.59712,4.44865
"MKLN1",5.93685,5.83366,5.09318
"MKNK1",4.3521,4.29725,3.87052
"MKNK2",5.34425,5.21797,5.17144
"MKRN1",4.39782,4.31622,4.24667
"MKRN2",3.33874,4.41861,4.01372
"MKRN3",2.87522,3.00074,3.08153
"MKRN9P",1.9807,2.06086,2.1176
"MKS1",2.68002,2.76361,2.45465
"MKX",4.07017,4.40759,3.59191
"MLANA",3.33153,2.77355,2.4103
"MLC1",3.5927,3.4413,3.74037
"MLEC",5.46326,5.93732,5.04036
"MLF1",3.38686,2.23558,1.93228
"MLF1IP",1.72561,2.08148,1.81631
"MLF2",5.34838,5.56454,4.95002
"MLH1",3.01367,3.41682,3.21708
"MLH3",3.2049,3.68023,2.98186
"MLKL",3.51585,2.589,2.99863
"MLL",5.67391,5.29544,5.47076
"MLL2",4.75358,4.68692,4.39699
"MLL3",4.93006,5.57474,5.08009
"MLL4",4.05847,3.78304,3.7739
"MLL5",6.34816,6.53326,5.85972
"MLLT1",5.4218,5.22536,5.07334
"MLLT10",4.51203,5.42013,4.48298
"MLLT11",3.08461,2.61993,3.13358
"MLLT3",3.23145,3.30601,3.05897
"MLLT4",5.26453,4.68201,4.82731
"MLLT6",5.34363,5.23623,5.63943
"MLN",4.13293,3.60819,3.84062
"MLNR",2.81261,2.47858,2.63217
"MLPH",5.89848,5.58281,6.18177
"MLST8",4.46182,4.29267,4.43819
"MLX",3.6266,3.94901,3.56343
"MLXIP",4.69585,5.12588,4.61707
"MLXIPL",3.41102,3.44149,3.47953
"MLYCD",3.2122,3.21705,3.2822
"MMAA",3.44426,2.90319,2.6933
"MMAB",4.13859,4.00895,4.12059
"MMACHC",2.62603,2.15401,2.76058
"MMADHC",4.18316,3.95616,4.31619
"MMD",1.88958,1.9684,1.98802
"MMD2",3.47939,3.11759,3.34255
"MME",3.79491,4.88396,4.31757
"MMEL1",2.66329,2.74012,3.05887
"MMGT1",4.02305,3.49478,4.16941
"MMP1",1.95859,1.38113,1.94264
"MMP10",2.13353,2.12828,2.35796
"MMP11",4.39554,4.2241,4.6057
"MMP12",2.10392,1.85333,1.98483
"MMP13",1.86109,1.97763,1.8754
"MMP14",4.42067,4.46984,4.37831
"MMP15",3.01468,2.8617,3.22819
"MMP16",1.90585,2.71545,2.32392
"MMP17",3.5886,3.43297,3.35797
"MMP19",5.45349,4.48149,5.0312
"MMP2",4.29837,4.8799,3.75082
"MMP20",2.27395,1.6058,2.03364
"MMP21",2.61333,2.70273,2.60104
"MMP23B",4.79808,4.97774,4.8003
"MMP24",2.88045,2.54909,2.78941
"MMP25",3.68776,3.31446,3.41707
"MMP26",1.61567,1.38053,1.66755
"MMP27",2.18879,2.08683,2.25664
"MMP28",3.0695,3.41352,3.16488
"MMP3",2.83729,2.57811,2.66431
"MMP7",3.58429,2.90466,2.54785
"MMP8",1.57227,1.83945,1.52226
"MMP9",2.22439,2.4666,2.32243
"MMRN1",2.42843,3.11437,2.10626
"MMRN2",3.46827,3.79511,3.42713
"MMS19",3.65421,3.53573,3.76111
"MMS22L",1.80825,1.81744,1.99489
"MN1",3.7192,3.9726,3.95022
"MNAT1",3.36209,3.48985,3.4801
"MND1",1.76229,1.75888,1.25162
"MNDA",1.81178,1.8746,1.91104
"MNS1",2.38299,2.93682,2.17904
"MNT",4.75294,4.86576,4.52224
"MNX1",3.75938,4.09453,3.7637
"MOAP1",5.12908,4.49217,4.52127
"MOB2",4.12179,3.76267,3.65998
"MOBKL1A",3.78939,3.83481,3.5611
"MOBKL1B",5.18573,5.47489,4.26344
"MOBKL2A",4.74252,5.11052,4.83033
"MOBKL2B",3.34592,3.66426,3.37888
"MOBKL2C",3.64953,3.74856,3.55318
"MOBKL3",2.92999,3.67326,2.52516
"MOBP",2.08316,1.93596,1.82584
"MOCOS",2.36024,2.24075,2.09321
"MOCS1",2.58976,3.2463,2.38059
"MOCS2",3.39046,3.71666,3.84663
"MOCS3",2.03605,2.30793,2.33696
"MOG",2.5103,2.16995,2.45355
"MOGAT1",1.37203,1.46068,1.87299
"MOGAT2",2.54357,2.44961,2.68753
"MOGAT3",3.01208,3.25534,3.00637
"MOGS",3.17351,3.11262,3.47418
"MON1A",2.18737,1.99455,1.70651
"MON1B",3.90945,4.24021,3.81957
"MON2",5.01572,4.97595,4.70003
"MOP.1",3.9138,3.35903,2.98798
"MORC1",1.8823,1.557,1.50396
"MORC2",4.50053,4.39281,3.64745
"MORC3",2.84153,3.15047,2.9492
"MORC4",3.5325,3.23785,3.82146
"MORF4",3.76409,4.07618,3.80255
"MORF4L1",6.07951,5.62282,4.03855
"MORF4L2",6.4196,6.24122,5.92057
"MORN1",3.55603,3.87874,3.83217
"MORN2",2.18871,2.42461,2.34215
"MORN3",2.65435,2.88729,2.52201
"MORN4",2.68739,2.52747,2.26431
"MORN5",1.75986,1.48653,1.76457
"MOS",1.97152,1.48593,1.95736
"MOSC1",4.09622,3.84829,4.00489
"MOSC2",4.01534,4.63918,4.32531
"MOSPD1",1.6395,1.70625,1.37804
"MOSPD2",1.75908,2.735,2.15481
"MOSPD3",5.50003,5.08043,5.12443
"MOV10",4.22066,4.03488,4.18016
"MOV10L1",1.94254,2.16385,1.93531
"MOXD1",3.80957,3.12947,3.01575
"MPDU1",4.62554,4.08213,4.17298
"MPDZ",4.66367,5.18714,4.15869
"MPEG1",3.28786,4.23311,3.82732
"MPG",5.81241,5.33132,5.85444
"MPHOSPH10",4.0664,4.60348,4.51173
"MPHOSPH6",2.96252,2.5747,2.86354
"MPHOSPH8",4.19613,5.28846,4.11593
"MPHOSPH9",2.53852,4.16211,4.10539
"MPI",3.98535,3.77115,3.43049
"MPL",2.71843,2.70386,2.94645
"MPND",3.75208,3.66707,3.27617
"MPO",2.05834,2.02514,2.28963
"MPP1",3.48335,3.83754,3.76608
"MPP2",2.41628,2.16138,2.21086
"MPP3",3.85323,4.3537,3.73529
"MPP4",2.14706,2.02264,2.03281
"MPP5",4.10908,4.20113,4.02929
"MPP6",2.50963,2.80302,2.40028
"MPP7",3.04785,3.13917,2.76635
"MPPE1",3.53761,3.41727,3.43124
"MPPED1",4.10141,3.58819,4.03798
"MPPED2",4.44376,3.5468,3.79235
"MPRIP",4.56666,4.73641,5.25603
"MPST",3.92536,4.39623,4.04608
"MPV17",4.57202,5.1891,4.75343
"MPV17L",2.99461,2.58845,3.04695
"MPV17L2",4.60538,4.3786,4.26118
"MPZ",2.42943,2.25734,1.87168
"MPZL1",4.62451,5.10741,4.82938
"MPZL2",5.1067,3.78353,4.34057
"MPZL3",3.40673,2.73663,2.92053
"MR1",3.67192,3.72269,3.15142
"MRAP",3.63064,3.30261,3.59882
"MRAP2",3.11464,2.89111,2.73626
"MRAS",4.87884,4.22731,4.28301
"MRC1",2.93948,2.64702,2.40568
"MRC2",3.13528,3.5143,2.98493
"MRE11A",3.01727,3.2554,3.0353
"MREG",1.90718,1.98493,2.46946
"MRFAP1",4.8291,5.2462,4.74348
"MRFAP1L1",4.28324,4.65704,4.44288
"MRGPRD",2.47351,1.5793,2.63626
"MRGPRE",4.05345,3.8771,3.96226
"MRGPRF",2.86329,3.31212,3.28196
"MRGPRG",2.94306,2.80321,3.10329
"MRGPRX1",2.51637,1.99568,2.39878
"MRGPRX2",3.28377,3.06841,3.2471
"MRGPRX3",1.96957,1.93509,2.12782
"MRGPRX4",1.96359,1.67497,1.53076
"MRI1",3.11573,3.24377,3.34624
"MRM1",3.46161,3.24819,3.44811
"MRO",2.21138,2.14009,2.06229
"MRP63",4.58226,4.40832,4.4605
"MRPL1",2.25203,2.72614,2.31355
"MRPL10",4.12955,4.05279,3.66539
"MRPL11",4.00134,3.92841,3.8302
"MRPL12",4.85065,5.07079,5.07208
"MRPL13",1.80732,2.11547,1.75953
"MRPL14",5.87779,5.18309,5.65942
"MRPL15",2.64037,2.79717,2.66414
"MRPL16",2.62864,2.93844,2.21321
"MRPL17",4.72451,5.00457,4.519
"MRPL18",3.53358,4.03542,3.70086
"MRPL19",2.81906,2.67986,2.73921
"MRPL2",4.4867,4.44286,4.52722
"MRPL20",5.05614,4.02125,4.11096
"MRPL21",3.46598,3.26665,4.10659
"MRPL22",2.03475,2.46373,2.04797
"MRPL23",4.29084,4.97881,4.84788
"MRPL24",3.36981,3.35969,3.40432
"MRPL27",4.42286,4.71898,4.84053
"MRPL28",3.97744,3.2917,3.19861
"MRPL3",4.10775,4.37453,3.90697
"MRPL30",4.53249,4.63212,4.16838
"MRPL32",3.0943,2.65013,3.87849
"MRPL33",5.67719,5.81358,5.0893
"MRPL34",3.8544,3.54095,3.33224
"MRPL35",2.52722,2.71264,2.17395
"MRPL36",7.77259,7.13674,7.59283
"MRPL37",4.63016,4.25412,4.36732
"MRPL38",3.85793,3.8573,3.6323
"MRPL39",3.39837,4.17725,3.43713
"MRPL4",3.93138,4.15441,4.04208
"MRPL40",4.03668,3.63946,3.73161
"MRPL41",5.48797,6.01388,6.0025
"MRPL42",3.58072,3.58669,3.20175
"MRPL43",3.34145,3.49036,4.11876
"MRPL44",2.34458,3.54368,3.02098
"MRPL45",4.03262,3.38139,3.82977
"MRPL46",2.82037,2.69368,2.87662
"MRPL47",3.86989,2.94295,3.47052
"MRPL48",2.94021,3.49996,3.57978
"MRPL49",2.80186,2.80614,2.57058
"MRPL50",3.40977,2.87505,3.37881
"MRPL51",4.78428,5.32067,4.45531
"MRPL52",2.64807,2.82692,2.95001
"MRPL53",4.33688,4.20517,3.80045
"MRPL54",3.64512,3.14451,3.59508
"MRPL55",4.61568,4.36544,4.53986
"MRPL9",3.60869,3.59384,3.36338
"MRPS10",4.36497,5.00057,3.85557
"MRPS11",3.8801,3.9153,3.72084
"MRPS12",2.12387,2.18134,2.55533
"MRPS14",3.78087,3.19051,4.28417
"MRPS15",4.13028,4.36832,3.1581
"MRPS16",4.2698,5.23365,4.75621
"MRPS17",3.85308,3.53774,4.34962
"MRPS18A",4.58547,5.11023,4.24656
"MRPS18B",4.83253,5.00905,4.25416
"MRPS18C",3.97716,3.34736,3.2237
"MRPS2",3.73868,3.59966,3.90014
"MRPS21",4.66064,5.79218,3.8162
"MRPS22",2.53208,2.83568,2.78484
"MRPS23",2.13608,2.16626,3.02429
"MRPS24",4.42354,4.01664,4.74902
"MRPS25",4.18275,3.91945,4.09889
"MRPS26",4.57458,5.36153,4.85514
"MRPS27",3.75182,3.76274,3.8286
"MRPS28",1.54373,1.55562,1.42253
"MRPS30",3.63729,3.90184,4.14459
"MRPS31",3.11348,2.96618,2.48085
"MRPS33",4.44217,4.41481,4.07285
"MRPS34",3.84232,3.83314,4.21179
"MRPS35",3.57658,3.49342,2.84062
"MRPS36",3.05841,3.78007,3.80695
"MRPS5",4.42946,4.55382,4.03219
"MRPS7",4.87753,4.55918,4.53481
"MRPS9",3.12826,3.55159,3.6252
"MRRF",3.77426,4.47494,3.77565
"MRRFP1",1.76372,2.09495,1.96518
"MRS2",3.10229,3.53335,3.10337
"MRTO4",2.89522,2.04036,2.09041
"MRVI1",3.86987,4.3602,3.70503
"MS4A1",1.70955,2.0973,1.8284
"MS4A10",2.89447,2.87945,2.90819
"MS4A12",1.80939,1.66313,2.33743
"MS4A13",1.26021,1.20678,1.20368
"MS4A15",3.06076,2.81569,3.24902
"MS4A2",2.37838,2.21951,2.56631
"MS4A3",2.09246,2.07229,1.97226
"MS4A4A",1.57692,1.86941,1.82138
"MS4A5",1.71592,1.50127,1.68413
"MS4A6A",4.25747,3.74727,4.06106
"MS4A6E",1.49432,1.49642,1.8407
"MS4A7",3.0965,3.74478,3.58053
"MS4A8B",2.97221,2.79471,3.45859
"MSC",2.23511,2.24269,2.54492
"MSGN1",3.41325,2.66831,3.38869
"MSH2",1.99319,2.15843,1.83749
"MSH3",3.38846,3.07194,2.75123
"MSH4",1.32827,1.02373,1.40894
"MSH5",4.55386,4.12467,4.35709
"MSH6",3.91336,4.23004,4.10875
"MSI1",4.28084,4.01157,4.379
"MSI2",4.60725,4.77252,4.07033
"MSL1",4.69677,5.91552,5.69993
"MSL2",4.24132,5.94217,5.66531
"MSL3",4.46375,3.91849,4.0555
"MSL3L2",4.7257,2.74902,4.66357
"MSLN",3.20822,3.28949,3.65863
"MSLNL",5.05831,4.2,4.75201
"MSMB",10.2325,8.0579,8.70404
"MSN",4.89534,4.67821,3.99829
"MSR1",2.5427,2.51917,2.10983
"MSRA",3.45954,2.72278,3.54482
"MSRB2",4.25052,4.28633,3.94363
"MSRB3",3.82899,4.21644,3.41153
"MST1",2.65134,2.63344,3.28855
"MST1P2",2.41374,2.09971,2.62071
"MST1P9",2.87827,2.28622,2.92607
"MST1R",2.60946,2.33853,2.35458
"MST4",3.48566,3.82596,4.19146
"MSTN",1.54764,1.16754,1.33193
"MSTO1",4.0489,4.36373,4.4357
"MSTO2P",3.5188,4.31895,4.40171
"MSX1",3.96441,4.16257,4.22455
"MSX2",2.8735,3.08702,3.1768
"MSX2P1",3.37921,2.94687,3.51232
"MT1A",5.58179,4.53821,5.53537
"MT1B",4.54403,4.16796,4.51363
"MT1DP",5.6347,4.97445,5.37559
"MT1E",5.4586,4.66523,5.27398
"MT1F",5.66385,5.18555,6.01548
"MT1G",6.63372,5.74098,6.06758
"MT1H",3.98204,2.28727,4.58675
"MT1IP",3.96959,3.59341,3.93746
"MT1JP",4.76609,4.04862,4.38693
"MT1L",5.95888,4.20279,5.43701
"MT1M",7.09086,5.46622,6.53671
"MT1P2",3.9536,2.98439,4.23009
"MT1P3",5.12419,4.59458,5.10291
"MT1X",6.25404,4.68941,6.03777
"MT2A",8.19011,6.98816,8.15116
"MT3",5.18406,4.47215,4.803
"MT4",4.05034,2.48575,4.05093
"MTA1",4.56101,4.95926,4.79732
"MTA2",5.05297,4.5247,4.11669
"MTA3",3.97931,4.68001,3.90227
"MTAP",2.95653,2.64874,3.2669
"MTBP",1.69197,1.7258,2.06118
"MTCH1",5.32995,4.98776,5.00327
"MTCH2",5.08577,5.3239,4.77838
"MTCP1",2.86897,2.39889,2.2834
"MTDH",5.08688,5.05738,4.81994
"MTERF",2.79463,2.9281,2.8088
"MTERFD1",2.53999,2.5884,1.93856
"MTERFD2",4.07811,4.82188,4.10586
"MTERFD3",4.07694,3.74553,3.9149
"MTF1",4.08384,4.09456,3.91322
"MTF2",2.92008,3.52018,3.25914
"MTFMT",2.63612,3.42294,2.55591
"MTFP1",4.46619,4.27219,4.39222
"MTFR1",2.44323,3.24362,2.38345
"MTG1",4.64365,4.73034,4.54327
"MTHFD1",3.77089,3.9755,4.25704
"MTHFD1L",3.32296,3.5326,3.98391
"MTHFD2",2.74287,2.90315,2.74491
"MTHFD2L",3.33243,3.13603,3.12996
"MTHFR",2.68017,3.01487,2.88042
"MTHFS",3.78529,3.92837,3.82627
"MTHFSD",2.63993,2.57185,2.81091
"MTIF2",2.45872,2.63187,2.81386
"MTIF3",4.41428,5.14478,4.36967
"MTL5",2.66973,2.53101,2.71077
"MTM1",2.17434,2.58446,2.56405
"MTMR1",2.44617,2.79698,2.98923
"MTMR10",3.21004,3.82895,3.92328
"MTMR11",3.60284,3.50119,3.44829
"MTMR12",4.97058,4.33967,4.37809
"MTMR14",3.52902,3.06304,3.13778
"MTMR2",3.56141,3.53239,3.28958
"MTMR3",3.7788,3.63528,3.73308
"MTMR4",3.26388,2.91847,3.52941
"MTMR6",2.94688,2.31269,2.40224
"MTMR7",2.45662,1.73948,1.98541
"MTMR8",1.81725,1.50725,1.80853
"MTMR9",3.35128,3.60785,3.78666
"MTMR9LP",4.43928,4.4279,4.78531
"MTNR1A",2.08612,2.57965,2.17126
"MTNR1B",3.5845,2.95722,3.71648
"MTO1",2.06441,2.27044,1.91026
"MTOR",4.42877,4.66247,4.15763
"MTPAP",3.76585,3.55243,3.18411
"MTR",3.98147,4.85752,4.63936
"MTRF1",3.14814,2.69036,3.19156
"MTRF1L",4.0636,4.44597,4.43513
"MTRR",3.21209,3.66038,3.36121
"MTSS1",3.80305,3.7678,4.67482
"MTSS1L",4.70738,4.56487,4.69144
"MTTP",1.99719,1.49467,1.8148
"MTUS1",3.64839,4.02943,3.82423
"MTUS2",2.52834,2.97115,2.83025
"MTX1",3.82693,4.65796,4.99711
"MTX2",3.1841,2.63884,2.79782
"MTX3",3.23095,3.37982,3.20391
"MUC1",4.76016,3.99931,4.28187
"MUC12",7.54182,4.61897,7.05863
"MUC13",1.88401,1.4464,1.95249
"MUC15",1.78136,1.89419,1.73043
"MUC16",2.6153,2.60312,2.64799
"MUC17",2.53088,1.86873,1.84034
"MUC19",1.8606,1.76968,1.796
"MUC2",3.53042,3.26141,3.72044
"MUC20",4.83664,5.14096,5.72075
"MUC21",4.19294,3.44504,3.42508
"MUC3A",8.09574,4.05233,6.8397
"MUC4",4.05684,3.09083,3.75515
"MUC5B",3.29437,3.0206,3.28033
"MUC6",3.19251,3.56812,3.58771
"MUC7",2.90389,2.79458,3.05755
"MUCL1",2.78442,2.82885,3.42435
"MUDENG",2.50544,3.01438,3.04087
"MUL1",3.04169,3.23311,2.86946
"MUM1",2.96372,3.47278,2.90015
"MUM1L1",2.74593,2.95438,3.02485
"MURC",2.01121,1.98406,2.20774
"MUS81",3.72783,3.66452,3.45128
"MUSK",2.33961,2.20949,2.25022
"MUSTN1",3.51842,4.13129,3.57377
"MUT",3.42643,3.87885,3.69625
"MUTED",3.35698,3.43051,3.69615
"MUTYH",3.16724,2.89988,3.43539
"MVD",4.20342,3.74927,4.31592
"MVK",3.2664,2.8927,2.90883
"MVP",4.32391,4.52153,4.3484
"MX1",5.35805,2.96617,3.46859
"MX2",3.88042,2.26535,2.77866
"MXD1",4.18701,3.51488,3.99652
"MXD3",4.89137,4.50215,4.61772
"MXD4",4.38596,4.55697,4.37702
"MXI1",4.42577,4.41424,4.26005
"MXRA5",2.76235,3.63462,3.03963
"MXRA7",3.1527,3.94328,3.84094
"MXRA8",5.74904,5.60401,5.8792
"MYADM",6.28141,5.6468,5.18483
"MYADML",3.23019,2.98138,2.74387
"MYADML2",4.25126,3.65895,4.09264
"MYB",3.02821,2.58537,3.36855
"MYBBP1A",3.6341,3.96223,3.54275
"MYBL1",2.01279,1.28936,1.53705
"MYBL2",3.87733,3.82649,4.00904
"MYBPC1",4.48955,6.79807,5.04965
"MYBPC2",2.10171,2.07391,2.13848
"MYBPC3",3.31374,2.83823,3.28424
"MYBPH",3.7747,3.43824,3.71563
"MYBPHL",2.08106,2.3156,1.97823
"MYC",6.1851,4.44033,5.0662
"MYCBP",4.91843,4.84239,4.68636
"MYCBP2",4.33008,4.82771,4.49594
"MYCBPAP",2.4615,2.06441,2.52653
"MYCL1",2.72612,2.44979,2.93629
"MYCN",3.16505,3.31923,2.67529
"MYCNOS",2.77272,2.47123,2.8361
"MYCT1",1.87948,2.161,1.93815
"MYD88",4.23158,3.97854,3.811
"MYEF2",3.65406,3.31025,3.50886
"MYEOV",3.40253,3.34971,3.85503
"MYEOV2",3.98899,3.63241,3.88672
"MYF5",2.13591,2.32898,2.30231
"MYF6",1.78237,2.02722,2.04363
"MYH1",1.44938,1.35092,1.39596
"MYH10",3.71384,4.23868,3.96226
"MYH11",8.5953,8.30906,7.20451
"MYH13",1.80847,1.45994,1.71082
"MYH14",4.14387,4.04024,4.09778
"MYH15",1.80604,1.89168,1.92505
"MYH16",2.92531,2.85226,2.9685
"MYH2",2.3086,1.93415,1.80701
"MYH3",2.53804,2.45368,2.22979
"MYH4",1.53985,1.45747,1.34654
"MYH6",2.58377,2.73745,3.09013
"MYH7",2.33872,2.09451,2.48118
"MYH7B",2.80938,2.82002,2.62684
"MYH8",1.79366,1.75138,1.96469
"MYH9",5.75143,6.03195,5.35365
"MYL1",1.91846,2.15285,2.66429
"MYL10",2.38306,2.02317,2.14834
"MYL12A",3.86036,4.33121,3.89164
"MYL12B",6.43539,6.16063,6.07283
"MYL2",2.29172,2.47477,2.92696
"MYL3",3.9471,3.1151,3.30652
"MYL4",2.66909,2.11325,2.23002
"MYL5",3.72487,3.95396,4.63772
"MYL6",7.61667,7.6501,7.10229
"MYL6B",5.16947,5.08327,5.10977
"MYL7",2.72777,2.7247,2.2908
"MYL9",7.78392,7.59502,6.60291
"MYLIP",3.80883,3.42351,3.49867
"MYLK",6.49684,6.67101,5.60966
"MYLK2",3.13831,2.79834,3.02188
"MYLK3",3.26147,2.96471,3.22019
"MYLK4",2.39234,2.08545,2.16427
"MYLPF",3.33227,3.90647,3.6096
"MYNN",2.54184,2.49142,2.33868
"MYO10",3.36156,3.99614,3.20243
"MYO15A",3.53239,3.42838,3.16289
"MYO15B",4.20765,3.70808,3.4415
"MYO16",2.85993,2.84876,3.13151
"MYO18A",3.75941,4.35242,4.01645
"MYO18B",2.56015,2.56981,3.25373
"MYO19",2.58496,3.18688,3.02126
"MYO1A",2.04916,2.05725,1.62155
"MYO1B",3.71789,4.25678,4.00411
"MYO1C",4.44527,4.93442,4.94818
"MYO1D",4.63797,4.36543,3.70853
"MYO1E",3.86951,3.66848,4.32522
"MYO1F",3.23366,3.90318,3.19649
"MYO1G",3.30712,3.34985,3.36432
"MYO1H",1.66352,1.90528,1.43875
"MYO3A",1.51425,1.32145,1.45433
"MYO3B",1.62675,1.55508,2.01693
"MYO5A",3.5824,3.63952,3.18404
"MYO5B",4.14433,3.30301,3.34581
"MYO5C",4.08017,4.35107,4.38206
"MYO6",4.67794,4.94773,4.05523
"MYO7A",3.19576,3.80355,3.15239
"MYO7B",2.65557,2.16337,2.4049
"MYO9A",3.68035,4.2641,3.68405
"MYO9B",4.10989,4.33573,4.20125
"MYOC",2.12809,1.44293,1.6641
"MYOCD",3.91647,4.32635,3.92886
"MYOD1",2.54403,2.39595,2.46023
"MYOF",4.38757,4.74717,4.24758
"MYOG",3.37551,3.3108,3.98298
"MYOM1",2.29251,2.74774,2.9261
"MYOM2",2.80755,2.76887,2.93159
"MYOM3",2.11676,2.0049,1.8045
"MYOT",1.75737,2.04244,2.23061
"MYOZ1",1.79998,2.01556,2.35673
"MYOZ2",1.56324,1.68202,1.4602
"MYOZ3",3.26194,3.06704,3.12393
"MYPN",2.49796,2.03773,1.98639
"MYPOP",3.8514,3.81008,3.55153
"MYRIP",2.9367,3.60548,2.91663
"MYSM1",5.44466,5.81506,5.51935
"MYST1",2.82794,2.97004,3.16236
"MYST2",3.91434,4.25023,3.90624
"MYST3",4.39266,4.54752,4.53115
"MYST4",4.45638,5.11855,4.38526
"MYT1",2.30363,2.38229,2.79273
"MYT1L",2.26552,2.12934,2.20743
"MZF1",3.20322,3.20583,3.25813
"MZT2A",3.90503,3.22843,3.4503
"MZT2B",5.80711,5.78325,5.79155
"N4BP1",3.41671,3.18988,2.9598
"N4BP2",3.37958,4.1366,3.76652
"N4BP2L1",3.08756,3.07413,3.33513
"N4BP2L2",6.15348,6.7573,6.21252
"N4BP3",3.72058,3.39124,3.40314
"N6AMT1",2.94206,4.32615,2.85829
"N6AMT2",2.69459,2.66206,2.44281
"NAA10",4.08355,4.26333,4.30109
"NAA11",2.88121,3.02511,2.80743
"NAA15",3.47821,3.7472,3.41325
"NAA16",3.16513,3.55121,3.33931
"NAA20",3.51797,4.1865,3.17743
"NAA25",3.25879,4.26418,3.54884
"NAA30",3.46304,4.48845,4.40214
"NAA35",4.18116,4.09093,4.22799
"NAA38",2.39437,3.10842,2.60255
"NAA40",3.07624,2.91273,3.55919
"NAA50",5.07062,5.24632,4.49815
"NAAA",3.72487,3.76795,3.25045
"NAALAD2",1.94671,2.74217,1.38868
"NAALADL1",3.18546,2.41002,3.0892
"NAALADL2",4.1164,4.49534,4.0933
"NAB1",4.24132,3.94221,3.97185
"NAB2",4.29936,4.30326,4.11267
"NACA",7.49054,8.18558,7.7201
"NACA2",1.25501,1.48679,1.24306
"NACAD",4.02712,3.94827,4.33001
"NACAP1",3.58143,3.94321,4.13749
"NACC1",4.19048,4.18443,4.60681
"NACC2",3.62318,4.01886,3.78354
"NADK",4.89028,4.66833,4.66217
"NADSYN1",3.75792,3.80643,3.67089
"NAE1",3.90261,3.38721,3.26923
"NAF1",2.59363,2.33019,2.61606
"NAG18",1.66673,2.09408,2.48927
"NAGA",3.15009,3.23225,3.03505
"NAGK",4.9725,5.06759,4.56516
"NAGLU",4.58451,4.42983,4.2706
"NAGPA",2.79191,2.88078,2.82568
"NAGS",3.93582,3.41593,3.67196
"NAIF1",1.94318,2.58679,2.91293
"NAIP",5.13551,5.72093,4.20192
"NALCN",1.86359,1.96136,2.08419
"NAMPT",6.99395,3.14314,5.51281
"NANOG",3.77778,3.43714,4.0882
"NANOGNB",1.52454,1.17806,1.40223
"NANOGP1",1.74501,1.996,1.74148
"NANOS1",3.77918,3.52905,3.53049
"NANOS2",3.33349,3.26143,3.19773
"NANOS3",4.87062,3.70723,4.64882
"NANP",2.67968,3.00212,3.43958
"NANS",4.62514,3.94345,4.41721
"NAP1L1",5.65799,6.08606,5.2183
"NAP1L2",2.38728,2.23986,2.07584
"NAP1L3",2.00238,2.00782,1.83727
"NAP1L4",5.59545,6.22123,5.41217
"NAP1L5",4.57115,4.45969,4.31409
"NAPA",5.23957,4.93162,4.71233
"NAPB",2.76929,2.06833,2.83815
"NAPEPLD",2.74912,3.04599,2.5419
"NAPG",5.0047,4.23185,4.67124
"NAPRT1",3.99538,4.01127,4.25355
"NAPSA",3.16978,3.1244,2.5454
"NAPSB",3.50235,3.32121,3.81588
"NARF",3.78935,3.88413,4.3002
"NARFL",3.10555,2.62025,3.20729
"NARG2",4.44899,4.33401,4.27624
"NARS",5.50393,4.64303,5.62252
"NARS2",2.3135,2.68429,2.183
"NASP",3.01652,2.65207,3.12195
"NAT1",2.93757,1.73537,1.7004
"NAT10",3.98184,4.44,3.72959
"NAT14",4.57845,4.2994,4.26051
"NAT15",4.31379,4.542,4.41265
"NAT2",1.67483,1.62391,2.12704
"NAT8",3.5201,2.52266,2.63092
"NAT8B",3.85897,3.45266,3.36816
"NAT8L",2.66383,2.25899,2.30273
"NAT9",2.68892,2.93384,3.24971
"NAV1",3.16826,4.03873,3.19486
"NAV2",3.33416,2.96003,3.25666
"NAV3",2.13552,2.63772,2.53176
"NBAS",2.72622,3.10661,2.66928
"NBEA",3.33723,3.11733,3.57039
"NBEAL1",3.97473,4.26301,3.2895
"NBEAL2",3.96861,3.57652,3.86753
"NBL1",5.86054,5.75873,5.30439
"NBLA00301",1.69469,1.42159,1.03308
"NBN",3.8421,5.03803,4.04533
"NBPF1",9.3956,10.0963,9.53129
"NBPF10",8.07581,8.88897,8.3134
"NBPF11",7.35153,8.35828,7.793
"NBPF14",9.35381,10.1052,9.58717
"NBPF15",7.16684,8.18013,7.48976
"NBPF16",7.0146,8.08045,7.38993
"NBPF22P",2.27678,2.47788,2.87898
"NBPF3",6.38539,6.99214,6.51289
"NBPF4",2.85659,2.65233,3.0592
"NBPF6",3.0646,2.76723,3.16188
"NBPF7",1.66361,1.61411,2.01215
"NBPF9",9.09417,9.8185,9.23108
"NBR1",5.51526,5.83297,4.84402
"NBR2",4.13192,4.29165,3.86243
"NCALD",3.02318,3.32883,3.17277
"NCAM1",2.8035,3.94089,2.98565
"NCAM2",1.51931,1.67412,1.90763
"NCAN",3.04424,2.73614,3.28904
"NCAPD2",3.52939,3.50724,3.38561
"NCAPD3",5.70826,5.88244,6.32003
"NCAPG",1.81041,1.63422,2.0099
"NCAPG2",2.15577,1.98083,1.90851
"NCAPH",2.25178,2.00402,2.62136
"NCAPH2",3.50753,3.53721,3.55966
"NCBP1",4.32207,5.17223,4.45452
"NCBP2",4.64705,4.4886,4.43364
"NCBP2L",1.61257,1.64214,1.54445
"NCCRP1",4.11018,4.2664,4.35788
"NCDN",4.18439,4.72119,4.14358
"NCEH1",3.81758,2.70123,2.95564
"NCF1",4.19437,3.62553,3.73578
"NCF2",2.24474,2.53672,2.78654
"NCF4",2.31523,2.77479,2.31243
"NCK1",3.49868,3.56655,3.58308
"NCK2",4.18464,3.99897,3.88972
"NCKAP1",5.25789,5.95809,4.94529
"NCKAP1L",2.89429,3.31312,2.94409
"NCKAP5",2.32975,2.1331,2.48968
"NCKAP5L",3.79413,3.36432,3.33882
"NCKIPSD",3.19779,3.55062,3.47431
"NCL",7.24715,7.64474,7.0336
"NCLN",4.02339,3.16916,3.61913
"NCOA1",3.86248,4.34193,4.012
"NCOA2",5.3814,5.70682,5.39386
"NCOA3",4.64515,4.66731,4.10942
"NCOA4",6.26571,5.78077,4.70479
"NCOA5",5.06177,5.06694,4.52389
"NCOA6",4.51872,4.77312,4.79986
"NCOA7",3.4896,3.29834,3.73822
"NCOR1",5.40831,5.74732,5.03246
"NCOR2",5.68337,5.93374,5.02706
"NCR1",3.20987,2.90764,3.03552
"NCR2",5.05563,4.75001,4.89966
"NCR3",3.82634,3.2272,3.93018
"NCRNA00028",3.18607,3.12028,3.91057
"NCRNA00029",2.82524,2.6382,2.55335
"NCRNA00052",2.31155,1.52003,2.11012
"NCRNA00083",4.14961,3.87003,4.07812
"NCRNA00085",4.85565,4.24014,4.25537
"NCRNA00086",3.69627,3.37827,3.33212
"NCRNA00087",3.45632,4.24007,3.67862
"NCRNA00094",2.77977,2.71799,2.35847
"NCRNA00095",1.7379,1.80926,1.8203
"NCRNA00114",1.76777,1.7381,1.97474
"NCRNA00115",5.22672,5.3015,5.75227
"NCRNA00116",2.47639,1.8605,2.38683
"NCRNA00152",5.55363,4.73201,4.3435
"NCRNA00158",1.34009,1.49737,1.85755
"NCRNA00161",3.57228,3.94704,4.37761
"NCRNA00167",2.75611,3.02758,3.19442
"NCRNA00169",2.24489,1.80874,2.24822
"NCRNA00173",3.00118,2.98947,3.15989
"NCRNA00174",2.58382,3.10223,2.3739
"NCRNA00175",3.61269,2.37169,3.40835
"NCRNA00176",3.57417,3.60227,3.61952
"NCRNA00183",3.11329,4.88781,4.23876
"NCRNA00185",2.21243,2.1278,2.22945
"NCRNA00188",5.05621,5.35119,5.21446
"NCRNA00189",1.70678,1.36731,1.51412
"NCRNA00200",3.01441,3.2053,3.18492
"NCRNA00204",2.44364,2.82482,3.00206
"NCRNA00205",3.35434,3.12746,3.46234
"NCRNA00207",2.76077,2.64203,2.92672
"NCRNA00208",2.63639,2.4718,3.01126
"NCRNA00219",4.1463,3.81907,3.85323
"NCRNA00221",1.52465,1.50895,1.5975
"NCRNA00238",1.68567,1.47221,1.64985
"NCRNA00241",2.845,2.98093,2.76371
"NCRNA00242",1.82397,2.24111,2.23738
"NCRNA00245",3.38865,2.4446,3.61515
"NCRNA00246B",3.42184,3.24922,3.2385
"NCRNA00247",2.69746,2.81176,3.01777
"NCRNA00257",1.68622,1.95483,2.6609
"NCRNA00258",2.4535,1.90996,2.39386
"NCRNA00260",2.29354,2.82806,3.28029
"NCRNA00262",1.91836,1.83982,1.56386
"NCRNA00266",5.04624,6.06907,6.38053
"NCRNA00268",4.075,3.93212,4.22642
"NCRNA00272",1.8633,2.0071,2.01245
"NCRNA00275",5.41655,4.9716,5.39741
"NCRNA00277",2.16393,2.00125,2.17443
"NCRNA00282",2.95106,3.38316,3.23863
"NCRNA00286A",3.01935,3.65965,3.52952
"NCRNA00287",2.63619,3.03809,2.89517
"NCRNA00288",3.59066,3.24746,3.38698
"NCRNA00292",3.20842,2.32479,2.95663
"NCS1",2.83512,2.69601,2.51863
"NCSTN",4.13242,4.02209,4.61599
"ND1",10.7578,10.5363,10.2026
"ND2",8.22355,8.1879,8.24775
"ND4",11.5469,11.5254,11.2233
"ND5",11.4909,11.4883,11.1782
"ND6",11.0453,10.9257,10.8163
"NDC80",2.20282,1.92824,2.05316
"NDE1",3.40355,3.28782,2.90892
"NDEL1",5.31188,4.50305,4.70656
"NDFIP1",4.77636,4.79155,4.31225
"NDFIP2",2.77629,2.15307,2.81685
"NDN",2.78881,3.01524,2.35129
"NDNL2",3.70572,3.42817,3.1707
"NDOR1",4.21362,4.01442,4.10227
"NDP",2.83246,2.51943,2.96586
"NDRG1",6.51546,6.06529,6.09834
"NDRG2",4.93923,5.52637,4.54614
"NDRG3",4.99579,4.93753,5.6795
"NDRG4",3.78389,3.52376,3.46342
"NDST1",4.0934,4.64475,4.5738
"NDST2",4.32159,4.94147,4.14299
"NDST3",1.85337,1.65567,1.69836
"NDST4",1.94929,1.87625,1.84515
"NDUFA1",5.44413,5.95762,5.0092
"NDUFA10",3.40454,4.16795,3.57214
"NDUFA11",4.15384,4.29099,4.14361
"NDUFA12",3.82747,4.25342,4.00926
"NDUFA13",4.19878,4.06127,3.98853
"NDUFA2",3.57551,3.60164,3.84884
"NDUFA3",5.79563,5.68954,5.4756
"NDUFA4",4.02217,3.82562,3.22361
"NDUFA4L2",2.88589,2.79196,2.91209
"NDUFA5",2.86165,2.58149,3.00272
"NDUFA6",4.73405,4.46279,5.02492
"NDUFA7",5.14184,4.1961,4.70479
"NDUFA8",3.95295,3.7548,3.52633
"NDUFA9",4.90811,5.04319,4.88638
"NDUFAB1",3.27016,3.05611,3.31498
"NDUFAF1",1.76791,2.32153,2.60505
"NDUFAF2",4.13047,3.83201,3.82143
"NDUFAF3",3.70546,4.02545,3.84992
"NDUFAF4",3.23107,3.31614,2.41097
"NDUFB1",7.33152,6.98416,6.27051
"NDUFB10",4.77717,4.93114,4.80718
"NDUFB11",5.46175,5.70934,5.56059
"NDUFB2",4.89907,4.29005,4.23582
"NDUFB3",2.65767,2.97268,3.03044
"NDUFB4",6.41902,6.21111,6.78798
"NDUFB5",3.07783,2.79286,3.32164
"NDUFB6",2.15322,2.26693,2.35489
"NDUFB7",4.44484,4.16484,4.56922
"NDUFB8",4.85401,4.75147,4.50541
"NDUFB9",5.09901,4.81867,5.3528
"NDUFC1",5.76094,5.16357,5.7057
"NDUFC2",3.85169,3.23057,3.46529
"NDUFS1",4.05987,4.1771,4.11364
"NDUFS2",3.65155,4.02466,3.80138
"NDUFS3",4.77913,4.02874,4.29048
"NDUFS4",2.71596,3.48623,3.01343
"NDUFS5",5.54439,5.49515,5.18637
"NDUFS6",4.91798,4.54985,5.03669
"NDUFS7",4.45321,4.42872,4.52644
"NDUFS8",3.78767,4.00926,3.93793
"NDUFV1",4.07526,4.19119,4.24781
"NDUFV2",4.70557,4.83098,4.8607
"NDUFV3",5.33035,6.09234,5.75139
"NEB",2.41754,2.44645,2.59073
"NEBL",4.23525,3.87399,4.19346
"NECAB1",2.31481,2.04729,2.02043
"NECAB2",3.09532,2.35359,2.34942
"NECAB3",3.92178,3.86087,3.73329
"NECAP1",4.46,3.19737,3.7264
"NECAP2",3.80102,4.19735,4.26162
"NEDD1",3.00407,2.98247,3.36816
"NEDD4",2.34162,2.33081,2.00026
"NEDD4L",5.89522,4.99354,5.64703
"NEDD8",6.32955,6.45089,6.80186
"NEDD9",4.35164,2.85435,4.09959
"NEFH",7.32822,7.95081,6.47095
"NEFL",2.29859,2.23785,2.50028
"NEFM",2.53321,2.36669,2.2833
"NEGR1",3.36293,2.85091,3.48598
"NEIL1",3.61049,3.86721,3.99099
"NEIL2",2.98332,3.26151,3.04583
"NEIL3",1.93859,2.20019,2.31378
"NEK1",2.75745,3.54163,2.71651
"NEK10",1.91645,2.25416,2.14828
"NEK11",1.9913,1.84239,2.06846
"NEK2",1.97169,2.03376,1.9491
"NEK3",3.33583,3.51361,3.53812
"NEK4",3.62439,4.09181,3.90271
"NEK5",2.7959,2.73584,3.11989
"NEK6",4.37021,3.65976,4.18536
"NEK7",3.06672,4.20974,3.45449
"NEK8",3.50971,3.31554,3.97368
"NEK9",3.15702,4.12397,3.83362
"NELF",4.26201,4.44031,4.82356
"NELL1",2.13696,1.83832,2.18492
"NELL2",2.68378,5.01777,2.62113
"NENF",6.2379,5.88571,5.93335
"NEO1",5.4854,4.47059,4.77278
"NES",4.05496,4.20432,4.61798
"NET1",4.54739,4.68771,4.17487
"NETO1",1.53635,1.54626,2.12
"NETO2",1.67361,2.42852,2.07668
"NEU1",3.57742,3.55544,3.7739
"NEU2",3.11859,3.18659,3.25763
"NEU3",3.18575,3.72996,3.57487
"NEU4",3.7543,3.31662,3.72734
"NEURL",3.92839,3.43877,3.5261
"NEURL2",3.57292,3.42707,3.58689
"NEURL3",3.70105,3.38422,3.83512
"NEURL4",3.02762,3.53724,3.20343
"NEUROD1",2.24511,2.09835,2.47702
"NEUROD2",4.21522,3.75321,3.5364
"NEUROD4",2.28925,2.63992,2.7494
"NEUROD6",2.27984,1.92909,1.90614
"NEUROG1",3.43517,2.74017,3.65518
"NEUROG2",1.82587,2.09491,2.05408
"NEUROG3",3.17067,2.79249,2.93193
"NEXN",5.10844,6.1459,4.80651
"NF1",2.75974,2.88158,2.68124
"NF2",3.6667,3.75516,3.8066
"NFAM1",4.33425,4.90432,4.53737
"NFASC",3.19187,4.13746,3.18089
"NFAT5",5.00234,5.38751,5.19946
"NFATC1",3.83488,3.70598,4.00916
"NFATC2",4.80614,4.68471,3.87595
"NFATC2IP",3.82773,4.43871,3.95532
"NFATC3",4.16716,4.55502,3.8232
"NFATC4",4.37185,4.46428,4.51349
"NFE2",2.73479,2.94588,2.38582
"NFE2L1",5.39853,6.0556,4.85343
"NFE2L2",6.40816,5.7205,6.62622
"NFE2L3",3.89811,3.82834,3.78396
"NFE4",2.03836,1.77608,2.222
"NFIA",6.71103,7.08998,6.22972
"NFIB",6.45539,6.42048,5.29476
"NFIC",5.30078,4.85112,5.0476
"NFIL3",6.90485,3.60919,5.57736
"NFIX",5.94888,6.14399,5.71924
"NFKB1",3.67608,3.98693,3.47687
"NFKB2",3.76253,2.942,3.13869
"NFKBIA",6.44712,5.65397,5.381
"NFKBIB",3.75153,3.78884,3.74356
"NFKBID",2.8651,2.79789,3.18756
"NFKBIE",3.71333,3.76715,3.58882
"NFKBIL1",4.09485,3.9933,4.1006
"NFKBIL2",3.77173,4.12587,3.91479
"NFKBIZ",6.21358,2.92244,4.94829
"NFRKB",4.17749,4.33016,4.13102
"NFS1",3.90675,4.10625,4.05935
"NFU1",4.07423,4.10913,4.43613
"NFX1",3.80207,3.98984,4.09548
"NFXL1",2.60431,2.64908,2.6783
"NFYA",2.86859,3.66073,3.34172
"NFYB",1.74569,2.32322,1.80248
"NFYC",4.69757,4.61688,4.3833
"NGB",4.14851,3.70725,3.82381
"NGDN",3.79914,3.3496,3.48752
"NGEF",3.55106,3.90341,3.66062
"NGF",4.1299,3.99882,3.82419
"NGFR",4.10366,3.9154,3.69503
"NGFRAP1",5.51647,5.82284,5.36071
"NGLY1",3.81783,3.63818,3.18782
"NGRN",5.37847,4.89372,4.90782
"NHEDC1",1.72561,1.54327,1.40241
"NHEDC2",2.84462,2.96333,3.03189
"NHEJ1",2.14878,2.46773,2.70293
"NHLH1",2.60201,2.46159,3.04759
"NHLH2",1.57038,1.36092,1.79371
"NHLRC1",1.87941,2.29467,2.65487
"NHLRC2",4.84439,4.82531,4.67855
"NHLRC3",3.43328,3.46628,3.32859
"NHLRC4",3.78431,3.52297,4.06326
"NHP2",3.48113,3.62111,3.23894
"NHP2L1",3.70838,3.5635,4.34521
"NHS",3.17285,3.47239,2.90126
"NHSL1",2.71181,2.43732,2.76801
"NHSL2",2.8762,3.42317,3.25295
"NICN1",3.67594,4.25087,4.30389
"NID1",4.39946,3.89717,3.42342
"NID2",3.06256,3.5375,3.02366
"NIF3L1",2.2427,2.59652,2.65191
"NIN",3.25332,3.64424,3.31834
"NINJ1",3.85352,3.45872,4.20156
"NINJ2",4.29159,4.20721,4.4342
"NINL",4.19557,4.50151,4.72271
"NIP7",3.25415,3.77519,3.14378
"NIPA1",3.14994,3.09506,2.45951
"NIPA2",3.47601,3.27047,3.43495
"NIPAL1",3.41197,3.29814,3.49075
"NIPAL2",4.62519,4.03219,3.81924
"NIPAL3",3.63192,3.83908,3.80278
"NIPAL4",3.55447,2.88719,3.86993
"NIPBL",4.37082,4.22807,4.1985
"NIPSNAP1",4.33368,3.90503,3.97902
"NIPSNAP3A",2.90395,3.42482,3.43934
"NIPSNAP3B",1.62989,2.06293,1.48082
"NISCH",4.73526,5.04757,5.02145
"NIT1",3.65603,4.34586,3.50604
"NIT2",4.32578,3.97101,5.15093
"NKAIN1",3.62714,3.19075,3.52666
"NKAIN2",1.75171,1.75669,2.43285
"NKAIN3",1.80535,1.69514,1.50767
"NKAIN4",3.29618,2.86452,3.11171
"NKAP",3.87576,4.83993,4.17439
"NKAPL",1.64652,2.19713,2.1196
"NKAPP1",2.77418,3.69205,3.47147
"NKD1",4.95178,4.11137,4.29682
"NKD2",3.20048,3.13643,2.97641
"NKG7",4.67374,4.69632,4.58771
"NKIRAS1",2.43394,2.47272,2.19395
"NKIRAS2",3.19834,3.57428,3.94736
"NKPD1",4.04593,3.65965,3.64061
"NKRF",2.57422,2.72327,2.9131
"NKTR",6.13479,6.13607,6.54072
"NKX1.2",5.02532,4.33257,4.59873
"NKX2.1",2.21482,1.98415,2.13329
"NKX2.2",2.8382,3.08489,3.24226
"NKX2.3",3.44885,3.05029,4.06046
"NKX2.4",5.01809,5.02473,4.56219
"NKX2.5",4.57985,4.59242,4.87856
"NKX2.6",3.17304,3.49525,3.67199
"NKX2.8",2.57458,2.32472,2.85218
"NKX3.1",5.47768,5.89344,5.35999
"NKX3.2",2.79504,2.67764,2.90041
"NKX6.1",3.65007,3.51516,3.35938
"NKX6.2",3.53591,3.77317,3.52385
"NKX6.3",4.97298,4.90153,4.74704
"NLE1",2.83057,2.61998,2.99625
"NLGN1",2.60376,2.70779,1.99384
"NLGN2",4.36919,4.53479,4.67097
"NLGN3",3.9847,4.06003,4.19036
"NLGN4X",2.70628,2.60424,2.8363
"NLGN4Y",3.32748,3.93231,4.0194
"NLK",3.68614,3.43528,3.34364
"NLN",1.68278,2.3043,2.24122
"NLRC3",3.24007,2.69411,2.42034
"NLRC4",1.86483,2.03029,2.21664
"NLRC5",3.81492,3.82287,3.8578
"NLRP1",3.7858,3.77281,3.91663
"NLRP10",2.09749,2.33183,2.91847
"NLRP11",1.28048,1.62166,1.57129
"NLRP12",2.01536,1.84665,2.50257
"NLRP13",1.55985,1.66492,1.76901
"NLRP14",1.4899,1.1587,1.36375
"NLRP2",1.94397,1.90152,2.39093
"NLRP3",2.76878,2.23149,1.99862
"NLRP4",2.08533,2.00442,2.17135
"NLRP5",1.9129,1.94181,2.04113
"NLRP6",3.88237,3.69178,3.92064
"NLRP7",1.83636,1.90161,1.50056
"NLRP8",2.37576,1.81378,2.2216
"NLRP9",2.3507,1.99751,2.28582
"NLRX1",3.33769,3.54454,3.59633
"NMB",2.15711,1.90929,2.45666
"NMBR",2.24592,2.23616,2.87715
"NMD3",3.95828,4.72094,4.2724
"NME1",4.0027,3.61785,3.46416
"NME3",4.2045,3.85108,4.06041
"NME4",5.51759,5.48277,5.21049
"NME5",2.16974,2.57984,1.93904
"NME6",2.3529,2.68378,2.71042
"NME7",2.03321,2.28596,2.26046
"NMI",2.1491,2.09729,1.96862
"NMNAT1",2.79616,3.27289,2.69889
"NMNAT2",2.23178,2.54169,2.52127
"NMNAT3",2.90224,2.86053,3.64252
"NMRAL1",3.31497,3.40783,4.04117
"NMS",2.46689,2.46809,2.53409
"NMT1",4.8855,5.27379,4.7629
"NMT2",3.63325,3.44916,3.23328
"NMU",2.65614,2.78818,3.29615
"NMUR1",3.98968,3.80796,4.2433
"NMUR2",2.37073,1.8035,2.63841
"NNAT",2.97805,2.81902,2.87777
"NNMT",4.60105,4.35543,4.66641
"NNT",3.2103,3.45133,2.6708
"NOB1",2.77155,2.56231,3.00305
"NOBOX",3.08667,2.77349,3.43241
"NOC2L",3.25228,2.55117,3.32894
"NOC3L",2.75994,2.52169,2.32354
"NOC4L",3.43927,3.03671,4.00526
"NOD1",2.95236,3.22736,3.26683
"NOD2",2.35279,2.02874,2.24883
"NODAL",2.22993,2.4457,2.45686
"NOG",2.58921,2.58115,2.30676
"NOL10",3.85996,3.66348,3.82657
"NOL11",2.64073,2.49083,2.98262
"NOL12",4.25889,5.11065,5.14316
"NOL3",5.00103,5.00128,5.07742
"NOL4",1.92665,1.8094,2.07174
"NOL6",3.87105,3.12602,3.36024
"NOL7",3.55195,3.74617,3.60494
"NOL8",3.82138,5.25099,4.10577
"NOL9",3.24315,3.53923,3.82634
"NOLC1",5.51307,4.27572,4.12938
"NOM1",3.49513,3.68965,3.55328
"NOMO3",4.97534,5.8744,5.16387
"NONO",4.41879,5.05004,4.9299
"NOP10",4.82105,5.18072,5.05154
"NOP14",3.79761,3.73158,4.15548
"NOP16",2.08612,2.41032,2.83607
"NOP2",4.31358,3.88777,3.49617
"NOP56",5.07725,4.85944,3.8991
"NOP58",4.7714,4.37789,4.75755
"NOS1",3.04588,2.70914,2.50185
"NOS1AP",4.55799,4.85397,4.49878
"NOS2",2.73513,2.62285,2.46665
"NOS3",3.72383,3.02112,3.18598
"NOSIP",4.69767,4.77948,5.21516
"NOSTRIN",3.6618,3.49999,2.76023
"NOTCH1",3.62277,3.34417,3.1717
"NOTCH2",4.48465,4.45525,4.24098
"NOTCH2NL",5.16402,5.86247,5.70341
"NOTCH3",4.21649,4.2488,4.28477
"NOTCH4",4.61772,4.56807,4.3727
"NOTUM",2.67679,2.45241,2.68944
"NOV",3.50963,4.19755,3.71761
"NOVA1",2.83593,2.38252,2.1635
"NOVA2",3.36337,3.52902,3.88003
"NOX1",2.19267,1.85888,1.9249
"NOX3",2.2766,2.00722,2.20749
"NOX4",2.53129,2.7595,3.06191
"NOXA1",4.45936,4.41754,4.35413
"NOXO1",3.9641,4.13474,4.25025
"NPAS1",2.64336,3.12414,3.0505
"NPAS2",3.87473,4.09896,3.86166
"NPAS3",2.6004,2.02187,2.27886
"NPAS4",3.11982,2.38578,2.88234
"NPAT",3.67915,4.33939,4.40711
"NPB",4.49837,4.51647,4.55823
"NPBWR1",2.24699,2.18097,2.77961
"NPBWR2",2.45606,2.06883,2.11799
"NPC1",3.74582,2.83459,2.9722
"NPC1L1",3.48389,3.18415,3.29622
"NPC2",5.83728,6.44789,5.72588
"NPCDR1",1.68763,1.81213,1.90485
"NPDC1",5.07021,5.42623,5.56566
"NPEPL1",3.54386,3.45127,3.89174
"NPEPPS",4.78915,5.44006,4.85905
"NPFF",3.11427,2.56633,2.96681
"NPFFR1",2.82353,3.19111,2.99846
"NPFFR2",1.43306,1.59811,1.29564
"NPHP1",2.53828,2.45222,2.3633
"NPHP3",3.65161,4.69309,3.95737
"NPHP4",2.9628,2.56238,3.1202
"NPHS1",3.21573,2.57597,3.41217
"NPHS2",1.85104,1.77511,1.72631
"NPIP",7.3124,7.91353,7.26715
"NPIPL2",5.92419,6.80386,5.41209
"NPIPL3",8.42906,8.89586,8.71472
"NPL",1.55188,2.09412,2.26572
"NPLOC4",5.05268,4.43895,4.75736
"NPM1",2.85785,3.0298,2.8814
"NPM2",3.8041,3.64321,4.23036
"NPM3",3.56049,3.6047,3.62873
"NPNT",4.83752,4.23167,4.3486
"NPPA",2.5275,2.88457,2.29061
"NPPB",2.38331,2.47643,2.62133
"NPPC",5.28487,5.64796,5.51888
"NPR1",2.12749,2.15382,2.60032
"NPR2",3.43125,3.39448,3.42482
"NPR3",2.72544,2.25587,2.5998
"NPRL2",3.23954,3.27386,3.40969
"NPRL3",4.21507,3.88006,3.66218
"NPSR1",2.52406,2.16498,2.33063
"NPTN",5.7286,6.00165,4.58555
"NPTX1",3.24456,3.20418,2.77991
"NPTX2",3.6244,3.79839,3.32487
"NPTXR",4.05602,4.58031,4.63343
"NPVF",1.74961,1.58356,1.75107
"NPW",3.75634,4.42729,4.13945
"NPY",7.88245,6.79821,7.62089
"NPY1R",1.9517,2.26321,1.99545
"NPY2R",3.59085,3.36581,3.79182
"NPY5R",1.43878,1.63836,1.25822
"NPY6R",2.75583,3.14412,3.21943
"NQO1",1.9166,2.45273,2.99394
"NQO2",3.32969,3.59791,3.54092
"NR0B1",2.53732,2.20396,2.22707
"NR0B2",2.70297,2.8688,3.37576
"NR1D1",4.51198,4.78505,4.74359
"NR1D2",3.44499,4.46026,3.40029
"NR1H2",3.55903,3.02357,3.89245
"NR1H3",3.48543,3.74959,3.69701
"NR1H4",1.68142,1.83428,1.55279
"NR1I2",2.06572,1.91314,2.44392
"NR1I3",2.83593,3.44635,3.02278
"NR2C1",3.23355,4.32954,3.821
"NR2C2",4.30849,4.57118,4.63796
"NR2C2AP",2.53225,2.26682,2.86351
"NR2E1",1.63734,1.54316,1.70786
"NR2E3",3.43081,3.45131,3.48851
"NR2F1",5.61194,5.59145,5.0097
"NR2F2",4.97402,5.51391,4.77501
"NR2F6",4.77292,4.92876,5.17016
"NR3C1",4.38039,4.13319,4.18649
"NR3C2",3.58213,3.40282,3.10014
"NR4A1",7.18428,4.32187,7.15
"NR4A2",6.37993,2.3316,4.50924
"NR4A3",5.59868,3.21901,5.41076
"NR5A1",3.27752,2.8523,3.27648
"NR5A2",3.13637,3.55654,3.06619
"NR6A1",2.4975,2.22762,2.20568
"NRAP",2.21762,2.04857,2.31933
"NRARP",3.85726,3.67366,3.8871
"NRAS",4.04023,3.93527,3.88742
"NRBF2",3.95373,4.18392,3.28759
"NRBP1",4.79373,4.73897,4.71084
"NRBP2",4.05417,4.57237,3.7178
"NRCAM",1.77295,2.58223,2.17424
"NRD1",5.06615,5.38037,4.74436
"NRF1",4.34789,3.75956,3.87499
"NRG1",2.65133,2.46363,2.6245
"NRG2",4.29219,4.23574,4.04405
"NRG3",2.76151,2.45926,2.42199
"NRG4",1.41603,1.71338,1.78001
"NRGN",4.03953,4.90173,3.92155
"NRIP1",5.2607,5.41284,5.01592
"NRIP2",3.43143,3.66563,4.00098
"NRIP3",2.47449,2.20323,2.41582
"NRK",1.59213,3.33466,1.9133
"NRL",3.12065,2.94963,2.83718
"NRM",3.48872,3.34183,3.51974
"NRN1",2.45384,2.73425,2.72541
"NRN1L",3.87373,3.36511,3.87103
"NRP1",3.59739,4.54834,3.88479
"NRP2",3.03384,2.78353,2.98923
"NRSN1",2.23028,1.80646,1.9195
"NRSN2",4.42207,4.25045,4.23804
"NRTN",4.0481,3.41395,3.99474
"NRXN1",1.8482,1.69231,1.90672
"NRXN2",3.72373,3.82434,3.77625
"NRXN3",2.27464,2.25706,2.14342
"NS3BP",3.19859,3.42762,3.10194
"NSA2",5.9491,6.49601,5.91579
"NSAP11",2.79331,2.88708,2.54378
"NSD1",4.86604,4.58497,4.56144
"NSDHL",3.38762,3.45792,3.37174
"NSF",3.82353,4.03026,4.23001
"NSFL1C",4.86452,4.8501,5.47451
"NSL1",3.49846,4.14742,3.79796
"NSMAF",3.24561,3.78165,3.05777
"NSMCE1",4.25026,4.15182,4.29597
"NSMCE2",1.90482,2.40824,2.44645
"NSMCE4A",4.48291,4.81405,4.32735
"NSUN2",4.61172,4.50566,4.00452
"NSUN3",2.60025,3.00513,2.04554
"NSUN4",2.37414,2.2236,2.72731
"NSUN5",2.93135,2.45413,2.74563
"NSUN5P2",4.22846,4.79843,4.32701
"NSUN6",2.82286,3.4503,2.26597
"NSUN7",2.66311,2.37242,2.84076
"NT5C",3.64696,3.96236,3.81972
"NT5C1A",3.30644,2.58713,2.71608
"NT5C1B",2.7291,2.95989,2.96497
"NT5C2",4.74987,3.7507,4.19294
"NT5C3",2.83525,4.31182,3.16777
"NT5C3L",4.93608,4.92619,4.40331
"NT5DC1",4.46159,4.05447,4.63068
"NT5DC2",4.25213,5.02002,4.33039
"NT5DC3",3.04476,3.11035,2.84324
"NT5DC4",2.54157,2.21763,2.53835
"NT5E",2.5985,2.68315,2.20217
"NT5M",3.59588,3.89883,3.838
"NTAN1",4.71112,4.75262,3.87458
"NTF3",4.2431,2.23985,2.8503
"NTF4",4.28925,3.97367,4.42533
"NTHL1",3.21248,2.99644,3.4062
"NTM",3.15168,3.10815,3.06728
"NTN1",4.33422,4.09469,4.37522
"NTN3",3.59577,3.12572,3.31767
"NTN4",5.09941,5.5904,5.0459
"NTN5",3.02721,2.65865,2.97037
"NTNG1",1.94605,2.44515,2.45808
"NTNG2",3.82457,4.12404,3.51202
"NTRK1",3.91342,3.96523,4.02778
"NTRK2",2.43815,1.93939,2.24864
"NTRK3",3.22244,2.95305,3.61898
"NTS",1.52562,1.56553,1.69518
"NTSR1",2.30742,2.21884,2.32415
"NTSR2",2.91063,2.45167,2.47436
"NUAK1",1.92596,2.47107,2.72104
"NUAK2",2.42608,2.98573,2.73694
"NUB1",3.87854,4.35473,3.91031
"NUBP1",4.46435,4.05416,3.67568
"NUBP2",4.45413,4.59826,4.0755
"NUBPL",2.49107,2.24184,2.8935
"NUCB1",5.77008,5.43063,5.06255
"NUCB2",6.00823,5.67352,5.29305
"NUCKS1",5.69197,6.38647,5.15306
"NUDC",4.48353,4.26976,3.32607
"NUDCD1",1.94801,2.20878,1.92508
"NUDCD2",2.71413,2.67683,2.51751
"NUDCD3",4.13191,4.66014,4.54831
"NUDT1",4.55146,4.3842,4.82616
"NUDT10",5.32084,5.61458,5.42447
"NUDT11",3.07092,3.33374,3.59089
"NUDT12",2.20212,1.91827,2.31514
"NUDT13",4.51189,3.29855,3.56385
"NUDT14",3.58679,4.29077,4.11272
"NUDT15",2.75091,2.88546,2.66352
"NUDT16",3.68265,4.40223,4.31534
"NUDT16L1",4.74892,4.43417,4.68334
"NUDT16P1",3.42713,3.46806,3.47804
"NUDT17",3.3585,3.51607,3.57715
"NUDT18",3.31126,3.17728,3.48196
"NUDT2",3.58623,3.71607,3.97179
"NUDT21",5.10686,5.03336,4.88215
"NUDT22",3.69042,3.56794,3.87592
"NUDT3",5.33449,5.8732,5.47614
"NUDT4",3.02711,3.07152,2.41269
"NUDT4P1",6.358,6.02624,5.93874
"NUDT5",2.35481,2.51079,3.21051
"NUDT6",2.479,2.71464,2.94722
"NUDT7",3.0988,3.22867,2.67667
"NUDT8",4.32977,3.95315,3.94522
"NUDT9",3.58285,3.55823,3.70753
"NUDT9P1",1.45602,1.62745,1.54241
"NUF2",1.5494,1.54591,1.27019
"NUFIP1",2.34361,2.826,3.0231
"NUFIP2",5.56264,5.39595,4.55342
"NUMA1",5.70486,6.19831,5.6744
"NUMB",4.37795,4.4725,4.40668
"NUMBL",4.9872,4.69184,4.92932
"NUP107",3.00313,2.66294,2.45337
"NUP133",1.98317,2.07892,1.75927
"NUP153",4.86928,4.36889,4.59787
"NUP155",3.51116,3.49207,3.75203
"NUP160",3.47484,3.13547,3.34642
"NUP188",3.57736,3.69138,3.74066
"NUP205",2.83594,3.45142,3.03396
"NUP210",3.67465,3.92208,3.82105
"NUP210L",1.73454,1.65527,1.79848
"NUP214",4.40023,4.35351,4.10795
"NUP35",3.45384,3.49289,3.53381
"NUP37",2.91042,2.74624,2.48016
"NUP43",4.20399,4.55442,4.23285
"NUP50",3.37905,2.89733,2.38632
"NUP54",2.95683,3.94669,3.05741
"NUP62CL",2.1461,1.59404,1.7687
"NUP85",3.84849,3.59044,3.8317
"NUP88",4.19797,4.69644,4.2636
"NUP93",4.00664,4.4314,4.5671
"NUP98",4.08454,3.72937,4.24386
"NUPL1",3.56854,4.02808,3.74593
"NUPL2",3.54053,3.64229,3.28992
"NUPR1",6.04753,6.4326,6.49138
"NUS1",5.30466,5.05276,5.02133
"NUSAP1",1.89688,2.0428,1.99846
"NUTF2",6.60806,6.63516,6.63173
"NVL",2.8518,2.82917,2.71755
"NWD1",3.29253,3.26258,3.43235
"NXF1",5.49698,5.83086,4.98589
"NXF2",2.03491,1.82549,1.66904
"NXF2B",2.08075,1.84115,1.68471
"NXF3",2.18323,2.19958,2.22721
"NXF4",2.15923,1.82357,1.818
"NXF5",2.15642,2.30994,1.9905
"NXN",4.4071,3.67394,4.13449
"NXNL1",3.73131,3.82136,3.17878
"NXNL2",3.68133,3.46354,3.8959
"NXPH1",3.71779,3.51676,3.49416
"NXPH2",3.06187,2.59634,3.14868
"NXPH3",4.18592,3.64149,4.46615
"NXPH4",3.95054,3.81949,4.13431
"NXT1",3.92352,4.59533,3.74496
"NXT2",2.64413,2.46783,2.83518
"NYNRIN",3.75343,4.37092,3.67478
"NYX",3.63048,3.5611,3.90035
"OAF",4.92369,4.63996,4.55581
"OAS1",5.242,3.74404,4.01869
"OAS2",3.87582,3.00365,2.81338
"OAS3",3.54598,2.9137,2.81492
"OASL",2.93031,2.80304,3.18778
"OAT",4.21975,4.48392,2.98533
"OAZ1",5.15109,5.24446,4.03914
"OAZ2",5.77394,5.69518,5.53113
"OAZ3",3.25059,3.52618,3.19776
"OBFC1",3.4851,3.44054,2.84452
"OBFC2A",3.26885,2.84461,2.87951
"OBFC2B",4.90062,5.76588,5.21021
"OBP2A",4.92271,4.78579,4.90788
"OBP2B",3.72417,3.58019,3.43537
"OBSCN",3.05829,2.80431,3.11638
"OBSL1",3.65759,3.62155,3.67054
"OC90",3.22197,2.89334,3.21203
"OCA2",2.46577,2.52981,2.90037
"OCEL1",3.50271,3.82081,4.10626
"OCIAD1",4.60373,5.15795,4.23791
"OCIAD2",4.59786,4.00118,4.86492
"OCLM",2.53803,2.02365,2.33249
"OCLN",2.73548,2.98421,2.95336
"OCM",3.04072,2.49718,2.71997
"OCM2",3.0825,2.51425,2.66751
"OCR1",2.99708,2.96829,4.12426
"OCRL",4.03225,4.7481,4.17846
"ODAM",1.61001,2.34849,1.91332
"ODC1",7.31805,5.11388,6.04012
"ODF1",2.12226,1.82861,2.52672
"ODF2",4.6944,4.49657,4.29948
"ODF2L",2.83706,2.94143,2.69223
"ODF3",2.86471,2.49262,2.47107
"ODF3B",4.20251,4.42154,4.34917
"ODF3L1",2.81008,2.61154,2.25651
"ODF3L2",3.65904,4.12202,4.03008
"ODF4",2.61946,2.26171,2.7193
"ODZ1",4.24545,4.4747,4.7439
"ODZ2",2.46366,2.45048,2.22687
"ODZ3",2.92667,2.90799,2.72056
"ODZ4",3.09477,3.02628,3.31264
"OFCC1",1.4274,1.3122,1.68681
"OFD1",4.94558,4.85984,4.18531
"OGDH",4.5819,4.61398,3.97929
"OGDHL",2.73869,3.01328,2.85498
"OGFOD1",2.97262,3.29043,3.26546
"OGFOD2",3.02412,2.95703,3.62762
"OGFR",4.45807,4.53025,4.24424
"OGFRL1",5.01722,4.76976,5.03945
"OGG1",3.68512,4.00719,3.86549
"OGN",5.5387,5.8018,3.7739
"OGT",5.33142,5.81771,5.20059
"OIP5",2.54811,2.41688,2.22337
"OIT3",2.74947,2.25255,2.76224
"OK.SW.CL.36",2.58216,1.7153,1.44746
"OK.SW.CL.58",2.4415,1.78371,2.63076
"OLA1",3.81909,4.00779,3.86925
"OLAH",1.69133,1.66033,1.69622
"OLFM1",3.31036,3.37135,3.4509
"OLFM2",4.63829,4.85318,5.0511
"OLFM3",2.38845,1.31947,1.5422
"OLFM4",3.71123,2.68377,2.86985
"OLFML1",2.445,3.48083,2.69316
"OLFML2A",3.63698,3.45002,3.72021
"OLFML2B",2.75414,2.6716,2.73437
"OLFML3",4.38756,3.8483,3.41202
"OLIG1",3.86276,4.23272,3.9206
"OLIG2",2.54304,2.59873,3.02166
"OLIG3",2.18607,2.21401,2.79527
"OLR1",1.9986,1.93254,2.0272
"OMA1",2.92072,3.87459,3.97586
"OMD",3.16356,3.45192,2.59797
"OMG",3.02437,2.74545,2.85938
"OMP",3.45533,3.60789,3.61333
"ONECUT1",4.75664,4.36596,4.66279
"ONECUT2",3.34793,2.92467,3.41493
"OPA1",4.74362,4.74232,3.98621
"OPA3",3.86262,3.54819,4.29234
"OPALIN",1.8387,2.00696,2.21787
"OPCML",2.20755,1.98281,2.62481
"OPHN1",4.62613,4.57607,4.70965
"OPLAH",3.37847,2.93628,3.59998
"OPN1LW",1.66032,1.66172,1.86813
"OPN1MW",2.37003,2.49411,2.36664
"OPN1MW2",2.10645,2.34846,2.38812
"OPN1SW",2.61399,3.07646,2.41954
"OPN3",2.62805,2.69345,2.76429
"OPN4",3.88447,3.37323,3.68781
"OPN5",2.53363,2.00193,2.11138
"OPRD1",3.98229,3.49373,3.47585
"OPRK1",1.81624,1.71253,1.86558
"OPRL1",3.21423,2.7943,3.14832
"OPRM1",2.27906,2.39674,2.26285
"OPTC",2.93521,2.90604,3.01056
"OPTN",4.19732,4.50941,3.9079
"OR10A2",1.80842,1.82635,2.24231
"OR10A3",2.28548,1.95213,2.4289
"OR10A4",2.53382,2.77444,2.28152
"OR10A5",1.25884,1.50248,1.48804
"OR10A6",1.65252,1.6331,1.19605
"OR10A7",1.81631,1.15548,1.67822
"OR10AD1",2.52434,2.49999,2.84632
"OR10AG1",1.6343,1.6642,1.541
"OR10C1",2.10671,1.92786,2.09657
"OR10D1P",3.16351,2.97501,3.31746
"OR10D3",1.83772,1.6489,1.75818
"OR10D4P",2.05572,1.70373,2.13852
"OR10G2",3.12156,3.18723,2.89546
"OR10G3",2.31229,1.75947,2.04761
"OR10G4",1.64875,1.63416,1.71695
"OR10G6",3.43068,3.23981,3.52576
"OR10G7",3.27654,3.18921,4.01242
"OR10G8",2.05299,1.77313,1.69171
"OR10G9",3.32616,3.05586,3.44523
"OR10H1",2.50087,2.24224,2.59343
"OR10H2",2.09159,1.93194,2.30875
"OR10H3",2.80003,3.08857,2.97289
"OR10H4",2.16967,2.07607,2.31817
"OR10H5",3.48648,4.0189,3.99847
"OR10J1",1.58893,1.64251,1.88906
"OR10J3",2.43539,2.10338,2.34809
"OR10J5",1.80154,1.64206,1.24447
"OR10K1",2.48892,2.15593,2.53021
"OR10K2",3.25405,2.84476,2.62152
"OR10P1",4.08751,3.25786,3.72523
"OR10Q1",3.12325,3.31395,3.29062
"OR10R2",1.50181,1.31772,1.66415
"OR10R3P",1.44457,1.61448,1.71507
"OR10S1",3.66845,2.89218,3.80327
"OR10T2",2.32868,1.69464,2.2295
"OR10V1",2.07467,1.75766,2.22275
"OR10W1",2.68341,2.57756,2.5978
"OR10X1",1.59147,1.57898,1.38151
"OR10Z1",3.23134,2.72098,2.63664
"OR11A1",1.69388,1.61206,1.79188
"OR11G2",1.8932,1.77385,1.80779
"OR11H1",1.80652,1.89551,1.81469
"OR11H4",1.47889,1.32026,1.32754
"OR11H6",2.37618,2.42654,2.15652
"OR11L1",2.69671,2.6064,2.7576
"OR12D2",1.54715,1.31814,1.68861
"OR12D3",1.88857,1.9678,2.13975
"OR13A1",2.59849,2.51588,2.86666
"OR13C2",1.39127,1.73786,2.81932
"OR13C3",1.65965,1.64161,1.89702
"OR13C4",1.37485,1.22113,1.44607
"OR13C5",2.7869,2.32341,2.59801
"OR13C8",2.02499,1.33115,1.82017
"OR13C9",1.5847,1.80545,1.49144
"OR13D1",1.45135,1.8708,1.58898
"OR13F1",2.00955,1.71267,2.42619
"OR13G1",2.05974,1.54974,1.91698
"OR13H1",1.73333,1.15144,1.37663
"OR13J1",3.12284,3.20604,2.95724
"OR14A16",2.19815,2.43741,2.18142
"OR14A2",1.95777,2.41115,3.05259
"OR14C36",2.47007,2.18177,2.37336
"OR14I1",2.65767,2.73148,2.92067
"OR14J1",2.12302,2.33898,2.41105
"OR1A1",2.23502,2.86541,2.50136
"OR1A2",1.74261,2.0415,1.90778
"OR1B1",2.62338,2.85363,2.60676
"OR1C1",1.65618,1.8986,2.17748
"OR1D2",2.44055,2.52163,2.20643
"OR1D5",3.10579,2.92666,3.11903
"OR1E1",2.25998,2.34892,3.02944
"OR1E2",1.33527,1.60788,1.76155
"OR1F1",1.71477,2.1624,2.45576
"OR1F2P",3.75311,3.83593,2.70387
"OR1G1",1.98676,2.11195,2.52377
"OR1I1",3.71774,3.00008,3.22554
"OR1J1",1.76322,1.49811,1.80657
"OR1J2",1.40234,1.49077,0.847945
"OR1J4",2.5726,1.76801,1.90733
"OR1K1",2.95537,2.62115,2.7506
"OR1L1",1.58834,1.4357,1.2726
"OR1L3",1.8246,2.19318,1.74356
"OR1L4",2.42936,2.01559,1.92629
"OR1L6",2.26147,1.82779,2.45203
"OR1L8",2.27781,2.08109,2.44952
"OR1M1",2.43595,2.55572,3.26876
"OR1N1",2.22137,2.51906,2.7431
"OR1N2",1.83533,2.27475,2.4559
"OR1Q1",2.24486,2.37935,1.96008
"OR1S1",1.55962,1.36193,1.77378
"OR1S2",2.56046,2.74933,2.96511
"OR2A1",3.68594,3.37155,3.28978
"OR2A12",2.16294,2.44166,2.74954
"OR2A14",2.92386,2.25875,2.12171
"OR2A2",2.76627,2.41358,2.69332
"OR2A20P",4.04057,4.85416,3.41911
"OR2A25",1.46671,1.25513,1.59765
"OR2A4",3.62687,2.70874,2.82571
"OR2A5",2.13576,1.75003,1.76124
"OR2A7",3.65241,2.70475,2.80214
"OR2A9P",3.8256,4.70256,3.38973
"OR2AE1",2.62322,2.31485,2.40418
"OR2AG1",2.7725,2.31561,3.71412
"OR2AG2",2.06965,2.17083,2.44223
"OR2AJ1",2.20497,2.43561,2.32445
"OR2AK2",1.73493,2.10749,2.25924
"OR2AP1",1.737,1.69379,1.70794
"OR2AT4",3.45713,3.31961,3.66155
"OR2B11",2.57751,2.67685,2.62972
"OR2B2",2.1621,1.89686,2.11511
"OR2B3",1.63269,1.72479,1.6091
"OR2B6",1.54721,1.68701,1.93874
"OR2C1",2.73301,2.2756,2.61478
"OR2C3",2.68695,3.23676,2.78822
"OR2D2",2.22606,2.25381,2.5331
"OR2D3",2.56041,1.36685,1.88567
"OR2F1",3.72957,3.67995,4.31625
"OR2F2",1.5008,1.80798,1.71415
"OR2G2",1.8215,1.4032,1.74547
"OR2G3",1.89787,1.72064,1.868
"OR2G6",2.80106,2.17784,2.07958
"OR2H1",2.60336,2.49427,2.43029
"OR2H2",2.80741,3.09408,3.27919
"OR2J1",2.24871,2.19458,2.6251
"OR2J2",1.67484,1.67901,1.91948
"OR2J3",1.84399,1.54573,1.84461
"OR2K2",2.40525,2.10859,2.89078
"OR2L13",2.42763,2.36263,2.57706
"OR2L2",2.40207,2.12661,2.69638
"OR2L3",2.82373,2.48624,2.58334
"OR2L5",2.01442,2.22101,2.27429
"OR2L8",1.30877,2.12754,2.38157
"OR2M1P",2.38821,1.98082,2.28572
"OR2M2",1.42761,1.73075,1.20461
"OR2M3",1.51029,1.39952,1.40467
"OR2M4",2.12102,1.87145,2.00745
"OR2M5",2.66813,2.82109,2.84418
"OR2M7",1.87887,1.80545,1.58817
"OR2S2",4.03977,4.00648,4.23749
"OR2T1",2.68297,2.41429,3.0042
"OR2T10",1.72583,1.95144,2.06393
"OR2T11",2.28602,1.9008,2.86545
"OR2T12",3.48471,3.64984,3.43034
"OR2T2",2.92726,2.90582,3.59201
"OR2T27",1.91277,2.07461,1.62549
"OR2T29",1.64534,1.23539,1.45808
"OR2T3",4.13829,3.7093,4.17954
"OR2T33",3.1036,3.29229,3.11909
"OR2T34",4.14029,3.61775,4.17954
"OR2T35",3.13319,2.89755,3.61875
"OR2T4",1.709,1.59393,1.2463
"OR2T5",1.53331,1.18524,1.42656
"OR2T6",2.26728,1.69462,1.5729
"OR2T8",1.65624,1.57515,1.64917
"OR2V1",2.72359,2.70458,3.03211
"OR2V2",2.41834,2.78633,2.06552
"OR2W1",2.02609,2.55784,2.57471
"OR2W3",3.14807,2.72389,3.21803
"OR2W5",2.18056,2.39601,2.30969
"OR2Y1",2.51809,2.08508,2.83736
"OR2Z1",3.44631,2.77136,3.52639
"OR3A1",1.67128,1.69499,2.12105
"OR3A2",2.944,1.98053,2.72926
"OR3A3",2.60586,2.94131,2.52397
"OR3A4",2.52592,2.36663,2.34869
"OR4A13P",1.56823,1.61402,1.39262
"OR4A15",1.29588,1.3232,1.36398
"OR4A16",1.13773,1.25092,1.32375
"OR4A47",1.38075,1.27505,1.32795
"OR4A5",1.88216,2.01806,1.84457
"OR4B1",2.22063,1.78322,1.98776
"OR4C11",1.70083,1.66575,1.7632
"OR4C12",1.69318,1.64704,2.22943
"OR4C13",2.07687,1.92832,2.32062
"OR4C15",1.81441,1.6171,1.73085
"OR4C16",1.4977,1.27424,1.27374
"OR4C3",1.96122,1.6883,1.68089
"OR4C45",1.84109,1.74286,1.57195
"OR4C46",1.87466,1.54804,1.80599
"OR4C5",1.65413,1.55106,1.90191
"OR4C6",1.80445,2.47695,1.45443
"OR4D1",2.25768,1.83867,1.87207
"OR4D10",3.40897,3.48261,3.95172
"OR4D11",2.22862,2.17551,2.38417
"OR4D2",2.0471,2.0144,1.99002
"OR4D5",3.06657,3.01223,3.35578
"OR4D6",2.79691,2.50319,2.30057
"OR4D9",1.74834,1.48242,1.36474
"OR4E2",1.94242,1.84421,1.61034
"OR4F15",1.32392,1.70205,1.50477
"OR4F16",2.15011,2.37425,2.55902
"OR4F17",1.51894,1.92882,1.8501
"OR4F21",2.13617,2.56311,2.44998
"OR4F6",1.83497,1.88636,2.00633
"OR4H12P",1.63831,1.40839,1.80704
"OR4K1",1.98238,1.74526,1.34006
"OR4K13",2.1464,1.82299,2.47653
"OR4K14",2.22201,2.16881,2.31686
"OR4K15",1.79356,1.93977,1.73188
"OR4K17",2.19836,2.36407,2.20565
"OR4K2",1.67761,1.65885,1.82358
"OR4K5",1.46105,1.87755,1.33231
"OR4L1",2.13192,2.09667,2.56509
"OR4M1",1.70534,1.76363,1.94415
"OR4M2",3.13488,3.22113,3.87082
"OR4N2",2.91311,2.86222,2.71613
"OR4N3P",1.81524,1.51085,1.3245
"OR4N4",2.91434,1.49254,2.01547
"OR4N5",1.28692,1.54105,2.04694
"OR4P4",1.6098,1.51036,1.57703
"OR4Q2",2.87303,2.49741,2.67995
"OR4Q3",1.96539,1.84204,2.22288
"OR4S1",2.08592,1.62101,2.00176
"OR4S2",1.55407,1.68251,1.34036
"OR4X1",2.20477,2.22992,2.46102
"OR4X2",2.09772,1.99298,1.97096
"OR51A2",1.6292,1.65967,1.88434
"OR51A4",2.88059,3.39666,3.58933
"OR51A7",1.7969,1.45959,1.59696
"OR51B2",3.18456,2.77055,2.98239
"OR51B4",2.43119,1.52257,2.01201
"OR51B5",2.33434,2.14851,2.09543
"OR51B6",2.37219,1.80356,2.30022
"OR51D1",2.58905,2.86978,2.96905
"OR51E1",4.40771,2.94524,4.6275
"OR51E2",8.4785,3.53476,5.70929
"OR51F1",1.90614,1.27732,2.20821
"OR51F2",3.71191,3.70808,4.26618
"OR51G1",2.18597,2.33247,2.99808
"OR51G2",2.49634,2.28112,2.49215
"OR51H1P",2.95293,2.71945,3.79445
"OR51I1",3.34632,3.01648,3.035
"OR51I2",2.95001,2.12864,2.43123
"OR51J1",2.46076,1.87374,1.79271
"OR51L1",2.04765,1.79148,2.33659
"OR51M1",2.19347,1.94027,1.9542
"OR51Q1",1.86516,2.02881,1.9529
"OR51S1",4.39197,4.41064,4.98693
"OR51T1",2.04642,2.08702,2.75732
"OR51V1",2.95401,2.50885,2.63906
"OR52A1",1.67945,1.67734,1.69823
"OR52A4",1.8235,2.0547,1.92228
"OR52A5",1.44671,1.29817,2.06688
"OR52B2",2.31399,2.3967,3.11919
"OR52B4",2.91561,3.02294,3.27799
"OR52B6",3.80898,3.35793,3.22929
"OR52D1",2.4995,2.42313,2.6039
"OR52E2",2.53034,2.40703,2.81313
"OR52E4",1.95748,1.84081,1.83071
"OR52E5",2.60443,2.35959,2.49333
"OR52E6",1.78867,1.59501,2.0103
"OR52E8",1.91578,2.58001,2.32829
"OR52H1",2.81614,3.19013,2.48265
"OR52I1",2.47028,2.88407,2.43823
"OR52I2",1.55929,2.22099,1.71014
"OR52J3",1.60891,1.85048,1.5833
"OR52K1",3.37665,2.28972,2.51257
"OR52K2",1.84767,1.52113,1.93744
"OR52K3P",2.25233,1.45663,1.87567
"OR52L1",2.47656,2.63563,2.72576
"OR52L2P",1.61838,1.62478,1.64684
"OR52M1",2.32523,2.55108,2.66033
"OR52N1",2.27581,1.91454,1.36832
"OR52N2",2.98196,2.36394,2.92391
"OR52N4",2.01748,1.58533,1.57973
"OR52N5",2.51898,2.55701,1.96738
"OR52R1",3.23153,3.10754,3.61829
"OR52W1",2.91847,2.41828,3.22829
"OR56A1",2.7447,2.60908,3.2972
"OR56A3",3.20272,3.37978,3.47885
"OR56A4",2.2163,2.23614,2.03789
"OR56A5",1.6101,1.60623,2.1315
"OR56B1",3.98613,2.25927,2.33683
"OR56B4",2.91002,2.351,2.55265
"OR5A1",2.54734,1.98494,2.53256
"OR5A2",2.45385,2.04545,2.18301
"OR5AC2",1.5714,1.64699,1.68848
"OR5AK2",1.70317,1.37513,1.95947
"OR5AK3P",1.675,1.63245,1.71769
"OR5AN1",1.89035,1.88319,2.14179
"OR5AP2",1.97241,1.45335,1.75346
"OR5AR1",2.79528,2.63824,2.82825
"OR5AS1",2.12905,1.80821,1.86588
"OR5AU1",2.76071,2.41451,2.84552
"OR5B12",2.13035,1.89505,2.3554
"OR5B17",1.62777,1.58822,2.11839
"OR5B2",1.39169,1.60005,1.60522
"OR5B21",2.30819,2.31738,2.47092
"OR5B3",1.59121,1.33997,1.63286
"OR5C1",3.97773,3.54059,3.91346
"OR5D13",1.75225,1.55491,1.58639
"OR5D14",1.66336,1.90456,1.40868
"OR5D16",2.75195,2.4896,3.06498
"OR5D18",2.25873,1.74345,2.54494
"OR5D3P",1.92711,1.79178,1.86806
"OR5E1P",4.30471,2.9583,3.07558
"OR5F1",2.45604,2.49211,2.79212
"OR5H1",1.46486,1.53922,1.59319
"OR5H14",1.57402,1.56415,1.37912
"OR5H15",1.6428,1.75107,1.61052
"OR5H2",1.53044,1.97494,1.29284
"OR5H6",2.51291,1.89878,2.50484
"OR5I1",2.29783,2.29844,2.18937
"OR5J2",1.35124,1.42311,1.55258
"OR5K1",1.41277,1.20296,1.00884
"OR5K2",1.76054,1.62719,1.66218
"OR5K3",2.15555,2.08941,2.31778
"OR5K4",1.86247,1.57575,1.57537
"OR5L1",1.40498,2.42992,2.87238
"OR5L2",1.83293,1.93436,2.02046
"OR5M1",1.57841,1.85545,1.55707
"OR5M10",2.38142,2.14072,2.25148
"OR5M11",2.10684,2.41253,1.91056
"OR5M3",2.31877,1.66651,2.11781
"OR5M8",2.48095,2.04133,2.09952
"OR5M9",2.02603,1.86553,2.31996
"OR5P2",2.06205,1.60886,1.90105
"OR5P3",1.69761,2.31755,2.34809
"OR5R1",1.98109,1.92694,2.11925
"OR5T1",1.24964,1.50069,1.28835
"OR5T2",2.21493,2.34851,1.90578
"OR5T3",1.28403,1.24545,1.4938
"OR5V1",1.29541,1.476,1.55784
"OR5W2",1.75003,1.33052,1.53323
"OR6A2",1.86702,1.16457,1.22451
"OR6B1",2.43289,1.99469,2.21493
"OR6B2",2.77654,1.62526,2.11739
"OR6B3",2.10644,1.51109,1.9122
"OR6C1",1.66928,1.708,1.23443
"OR6C2",1.50679,1.47571,1.35881
"OR6C3",2.23703,2.09063,1.87525
"OR6C4",1.72873,1.94649,1.93353
"OR6C6",1.51119,1.56085,1.53678
"OR6C65",1.52954,1.13282,1.36009
"OR6C68",1.48683,1.36065,1.67242
"OR6C70",1.2143,1.24749,1.18449
"OR6C74",2.25971,1.8623,2.41887
"OR6C75",1.6675,2.07478,2.01514
"OR6C76",1.66153,2.37273,2.49544
"OR6F1",2.55821,2.3645,2.89485
"OR6K2",2.31402,2.40063,2.49286
"OR6K3",1.68691,1.8049,1.61239
"OR6K6",1.94632,1.79636,2.13548
"OR6M1",1.35289,1.59096,1.80365
"OR6N1",1.61691,1.76722,1.66997
"OR6N2",2.41671,1.78346,2.38559
"OR6P1",1.60976,2.08041,2.49044
"OR6Q1",2.46024,2.3143,2.35582
"OR6S1",2.21245,1.99253,1.56176
"OR6T1",2.57837,2.10518,2.38431
"OR6V1",2.34474,2.36387,2.64696
"OR6W1P",1.85772,1.8599,2.05224
"OR6X1",1.89532,2.12719,1.80757
"OR6Y1",2.50527,2.37578,2.15916
"OR7A10",1.59826,1.34313,1.46215
"OR7A17",1.886,1.77246,1.9053
"OR7A2P",1.62358,1.64621,1.63096
"OR7A5",1.60171,1.61235,1.75379
"OR7C1",1.88456,1.91938,1.76725
"OR7C2",2.63273,2.47415,2.68035
"OR7D2",2.52285,2.56797,2.80252
"OR7D4",2.54164,2.59251,3.00655
"OR7E125P",4.36669,4.66466,4.68719
"OR7E13P",2.73997,2.91095,2.7086
"OR7E14P",6.14806,6.99028,7.49178
"OR7E154P",4.54628,4.77713,4.81603
"OR7E19P",2.67384,1.84457,2.48641
"OR7E24",2.32942,1.81534,2.20172
"OR7E35P",2.46848,2.83596,3.79827
"OR7E5P",5.71387,6.49412,6.6968
"OR7E87P",3.4385,3.67272,3.67946
"OR7E91P",1.88684,1.95428,2.50169
"OR7G1",2.93343,2.82733,2.58613
"OR7G2",2.10327,2.14673,2.01433
"OR7G3",3.26786,2.74643,3.04962
"OR8A1",2.50441,2.62019,2.9432
"OR8B12",2.42322,2.19909,2.44196
"OR8B2",1.69433,1.38213,1.61879
"OR8B3",1.63116,1.37471,1.50467
"OR8B4",1.90655,1.64899,1.67793
"OR8B8",2.2492,2.30878,2.55293
"OR8D1",1.97515,1.89369,1.70999
"OR8D2",1.89793,1.74306,1.94877
"OR8D4",2.18978,2.15275,1.59557
"OR8G2",1.11197,1.37387,2.13389
"OR8G5",1.63411,1.5184,1.2835
"OR8H1",1.87211,2.16252,1.91878
"OR8H2",1.32222,1.67504,1.29863
"OR8H3",1.74925,1.50144,1.57827
"OR8I2",1.84437,2.16584,1.70965
"OR8J1",1.50508,1.30043,1.03564
"OR8J3",1.60778,1.56596,1.67132
"OR8K1",2.01081,2.02659,2.39062
"OR8K3",1.66938,1.80386,2.09596
"OR8K5",1.4293,1.30159,1.79498
"OR8S1",2.4708,2.40917,2.36284
"OR8U1",2.79511,2.67653,2.86925
"OR9A2",1.66513,1.65566,1.46066
"OR9A4",1.76144,2.13988,1.77991
"OR9G1",2.34647,1.92767,2.68289
"OR9G4",2.47254,2.56597,2.19844
"OR9H1P",1.8611,2.29263,2.5303
"OR9I1",1.80594,1.64756,1.89727
"OR9K2",2.26065,2.13151,2.48797
"OR9Q1",2.02535,2.1581,2.30609
"OR9Q2",3.12629,3.44505,3.47104
"ORAI1",4.10071,4.24636,3.8603
"ORAI2",3.0487,2.45566,2.83873
"ORAI3",4.17081,4.62157,4.84495
"ORAOV1",2.26287,3.4409,2.95033
"ORC1",1.82679,2.51105,2.33188
"ORC2",3.76131,4.19499,3.34672
"ORC3",2.64613,2.49548,3.12719
"ORC4",2.49281,2.97789,2.71644
"ORC5",3.27758,3.34803,3.07241
"ORC6",2.85665,2.44735,2.75463
"ORM1",1.97396,2.3645,2.17642
"ORM2",2.22254,1.64982,2.21309
"ORMDL1",4.08317,4.54083,4.49254
"ORMDL2",4.22301,3.836,4.28365
"ORMDL3",3.52698,3.63342,4.12999
"OS9",6.28712,6.49689,5.83501
"OSBP",4.91572,5.06627,4.82992
"OSBP2",2.95972,2.82077,3.04084
"OSBPL10",4.22258,3.17274,3.68952
"OSBPL11",2.22905,2.16475,2.25109
"OSBPL1A",3.43913,3.75479,4.00668
"OSBPL2",3.92143,3.81656,3.75772
"OSBPL3",2.57385,2.62546,2.48599
"OSBPL5",4.33039,3.94399,3.96191
"OSBPL6",3.15439,3.51476,3.2521
"OSBPL7",4.56865,4.24897,4.65169
"OSBPL8",3.0995,3.26471,3.22594
"OSBPL9",4.77765,5.33646,4.91098
"OSCAR",3.11356,3.63742,3.18824
"OSCP1",3.01572,2.52858,2.96749
"OSGEP",3.35857,3.57414,3.94831
"OSGEPL1",3.22773,3.57157,3.4516
"OSGIN1",3.84443,3.87216,3.77082
"OSGIN2",3.05198,3.54842,3.59655
"OSM",2.92269,2.17969,2.67517
"OSMR",4.62097,2.95361,3.24463
"OSR1",3.74179,4.94906,3.43959
"OSR2",2.89026,4.12145,3.04749
"OSTBETA",3.38288,3.53308,3.76666
"OSTC",3.95824,3.37834,4.59313
"OSTCL",1.76459,1.86907,2.00345
"OSTF1",3.62901,3.44148,3.00387
"OSTM1",4.44294,3.99729,3.50161
"OSTN",1.63553,1.66162,1.62868
"OSTalpha",3.57593,3.65006,3.8262
"OTC",1.26419,1.42187,1.71011
"OTOA",2.82789,2.52107,3.4352
"OTOF",2.36202,2.13528,2.28881
"OTOG",1.82227,1.85321,2.08993
"OTOL1",2.40292,2.34381,2.70929
"OTOP1",1.84014,1.56973,1.89724
"OTOP2",3.12896,3.25285,3.04311
"OTOP3",2.75855,2.38764,2.25295
"OTOR",2.52051,1.70291,2.25556
"OTOS",4.40729,3.94597,4.46671
"OTP",2.48531,2.42794,2.34694
"OTUB1",4.11611,4.39105,4.84122
"OTUB2",3.37415,3.02001,3.26882
"OTUD1",3.0627,2.92888,3.26231
"OTUD3",3.94158,4.0438,4.36539
"OTUD4",1.949,2.39282,2.04526
"OTUD5",4.48868,4.91093,4.70015
"OTUD6A",2.19126,2.20702,2.41858
"OTUD6B",3.81885,4.29267,3.902
"OTUD7A",2.94109,2.57771,2.45414
"OTUD7B",2.37269,2.77157,2.82874
"OTX1",4.11862,4.79513,4.15311
"OTX2",2.53444,2.69249,2.9211
"OVCH1",1.97656,1.44787,1.63936
"OVCH2",1.72222,1.78409,2.1375
"OVGP1",3.03791,2.489,2.7476
"OVOL1",3.19561,3.34837,3.04331
"OVOL2",2.77999,2.75171,3.12468
"OVOL3",2.58773,2.09716,2.96653
"OVOS",2.08171,2.35224,1.81137
"OVOS2",1.90616,2.16172,1.75149
"OXA1L",4.80173,4.67211,4.64326
"OXCT1",3.81026,3.85735,3.57592
"OXCT2",3.767,3.71604,4.03181
"OXER1",4.86582,3.76137,3.91532
"OXGR1",2.74421,2.15179,2.03532
"OXNAD1",3.4768,4.08256,3.85584
"OXR1",3.68206,3.91527,3.15879
"OXSM",2.2342,2.04456,2.09867
"OXSR1",3.89678,3.77112,3.9148
"OXT",4.34057,4.1459,4.26421
"OXTR",2.49808,2.46898,2.5
"P2RX1",2.68367,2.50496,2.27084
"P2RX2",3.67878,3.44944,3.73472
"P2RX3",2.73226,2.75112,2.74045
"P2RX4",2.95469,3.64486,3.52026
"P2RX5",2.39664,2.49308,2.46338
"P2RX6",3.1098,2.78757,2.46583
"P2RX7",2.26635,2.46477,2.3834
"P2RY1",2.47152,3.12643,3.01101
"P2RY10",1.60785,1.96256,2.03253
"P2RY12",2.22509,2.61686,2.04799
"P2RY13",2.54597,3.31664,2.12165
"P2RY14",3.16088,2.63794,3.67891
"P2RY2",2.94218,2.99552,2.45558
"P2RY4",3.52382,2.84896,3.12298
"P2RY6",2.85705,2.46448,2.97151
"P2RY8",2.60114,2.16608,2.47209
"P4HA1",2.87369,3.08197,2.75816
"P4HA2",2.96276,2.84123,2.84733
"P4HA3",3.2669,3.29581,3.51019
"P4HB",7.36063,7.36927,7.0033
"P4HTM",3.953,3.91709,4.48703
"PA2G4",4.37711,4.81713,3.76463
"PAAF1",2.68601,2.78156,2.84639
"PABPC1",8.32701,8.55843,8.4408
"PABPC1L",3.72893,3.40878,3.88402
"PABPC1L2A",3.35837,3.07574,3.6371
"PABPC1L2B",2.97558,2.91499,3.57629
"PABPC1P2",1.85787,1.84124,1.65447
"PABPC3",2.80246,3.12853,2.87305
"PABPC4",3.78887,4.27222,3.63991
"PABPC5",2.14643,2.58282,2.19966
"PABPN1",6.51125,6.68084,5.80972
"PACRG",2.60746,3.09172,3.06783
"PACRGL",2.93683,2.92164,2.37311
"PACS1",4.59863,4.51141,4.51357
"PACS2",3.60629,3.78661,4.02777
"PACSIN1",4.05565,3.60167,3.7693
"PACSIN2",4.72091,5.00484,5.21339
"PACSIN3",3.95176,3.44105,3.6175
"PADI1",2.84264,2.17591,2.90437
"PADI2",2.55807,2.47384,2.83579
"PADI3",2.99518,3.25969,3.19453
"PADI4",3.41884,2.3677,2.86103
"PADI6",2.08884,1.96868,2.01074
"PAEP",4.16688,4.24584,4.25129
"PAF1",5.66443,5.39908,5.245
"PAFAH1B1",4.92907,4.39446,4.35163
"PAFAH1B2",4.43254,4.10674,4.30377
"PAFAH1B3",4.63066,4.63105,4.5712
"PAFAH2",2.61317,3.49305,3.42332
"PAG1",3.3297,4.12332,3.09918
"PAGE1",1.93251,1.75654,1.82546
"PAGE2",1.58491,2.06133,1.51113
"PAGE2B",2.55828,2.61209,3.25561
"PAGE3",1.94122,2.20887,2.07062
"PAGE4",3.92978,3.76103,2.71576
"PAGE5",2.71169,2.56114,3.27326
"PAH",2.70603,2.7088,2.65294
"PAICS",2.17215,2.5685,2.71447
"PAIP1",3.74824,3.92609,3.93225
"PAIP2",5.84646,5.50041,5.08904
"PAIP2B",2.82176,2.79597,2.64103
"PAK1",2.96193,3.89009,3.02201
"PAK1IP1",5.88089,5.2998,6.36292
"PAK2",3.20455,2.80405,3.22688
"PAK3",3.04843,3.09097,2.22443
"PAK4",4.17613,4.12551,4.58312
"PAK6",3.26429,3.75968,3.82662
"PAK7",1.92556,2.23411,3.01534
"PALB2",2.25868,2.60388,2.4863
"PALLD",5.68951,5.60884,4.87487
"PALM",4.43429,4.81699,4.6457
"PALM2.AKAP2",2.18068,2.84496,2.55472
"PALM3",4.42442,3.90011,3.97462
"PALMD",6.36738,4.83107,4.83356
"PAM",3.96525,4.41886,3.45758
"PAM16",3.64717,4.21883,3.92864
"PAMR1",3.04196,3.8533,2.90916
"PAN2",4.0176,4.68732,3.35853
"PAN3",4.54311,4.59339,4.0618
"PANK1",3.21858,2.83586,3.32466
"PANK2",3.61378,4.50597,4.17949
"PANK3",4.70148,4.71127,5.05679
"PANK4",3.53272,3.56725,2.90973
"PANX1",3.56332,3.34383,3.71271
"PANX2",3.64973,4.09206,4.32423
"PANX3",2.24604,1.80586,2.20153
"PAOX",3.90088,3.85478,3.58553
"PAPD4",4.42877,4.96718,4.27135
"PAPD5",3.86096,3.17552,3.17364
"PAPD7",3.65039,3.30944,3.0978
"PAPL",2.44158,1.70571,2.19001
"PAPLN",3.60922,3.1557,3.33182
"PAPOLA",5.39957,5.19562,5.15643
"PAPOLB",2.06985,1.82043,2.18878
"PAPOLG",2.88095,3.59278,3.43838
"PAPPA",3.8167,2.84316,3.31787
"PAPPA2",2.12279,2.14114,2.35144
"PAPSS1",4.3615,4.04641,4.58375
"PAPSS2",4.27234,3.92985,3.49201
"PAQR3",2.31514,2.83759,1.99414
"PAQR4",4.10815,4.32824,4.39133
"PAQR5",1.95442,2.58111,2.6555
"PAQR6",4.68398,4.38769,4.87207
"PAQR7",2.32103,2.06492,2.02124
"PAQR8",2.65927,2.07202,2.25758
"PAQR9",2.59326,2.48608,2.81951
"PAR4",1.3196,2.84382,1.65573
"PAR5",5.29325,7.22408,5.33604
"PARD3",4.30844,4.23811,4.24538
"PARD3B",3.82402,4.69984,4.61567
"PARD6A",3.82729,3.27664,3.47448
"PARD6B",3.28355,3.20945,3.56628
"PARD6G",2.78092,2.7077,2.31023
"PARG",2.22689,2.9069,1.97338
"PARK2",3.06374,2.82468,3.26446
"PARK7",5.63945,5.15414,5.68447
"PARL",3.71053,3.90686,3.8644
"PARM1",5.09713,5.90033,5.25493
"PARN",4.96785,5.22008,4.85077
"PARP1",3.82173,3.07827,3.50399
"PARP10",4.46581,4.66714,4.38288
"PARP11",2.44243,3.0978,2.73405
"PARP12",3.93292,4.00329,3.46108
"PARP14",5.2441,4.89996,4.79921
"PARP15",1.84025,1.85701,1.72872
"PARP16",2.80181,3.30843,3.13491
"PARP2",3.4869,4.04922,3.43039
"PARP3",3.23431,3.21739,3.31513
"PARP4",3.50211,3.77057,3.51682
"PARP6",4.3306,4.61214,3.86134
"PARP8",4.43053,4.30865,4.38562
"PARP9",4.50546,3.77171,2.88214
"PARS2",3.92612,4.04253,4.03976
"PART1",4.65146,3.96739,4.92608
"PARVA",5.61088,5.82325,5.20323
"PARVB",3.99417,3.99313,4.07079
"PARVG",2.8306,2.96317,2.70298
"PASD1",1.99797,1.87193,1.99134
"PASK",2.90268,3.12591,2.67678
"PATE1",2.3321,2.66578,2.47246
"PATE2",2.56584,1.80518,2.2656
"PATL1",4.7871,4.83996,4.94233
"PATL2",2.78407,3.23733,2.9208
"PATZ1",2.80751,2.71179,3.16153
"PAWR",4.31911,4.94591,4.56446
"PAX1",3.17569,2.82859,2.91639
"PAX2",4.05896,3.75177,3.58833
"PAX3",1.84777,1.88907,1.79046
"PAX4",3.17219,2.71759,2.77763
"PAX5",2.99663,2.94302,3.09956
"PAX6",1.86843,2.12264,2.17456
"PAX7",3.43222,3.72138,3.93279
"PAX8",4.10058,3.84778,4.30585
"PAX9",3.87773,3.41075,3.79077
"PAXIP1",3.26768,3.04564,3.60619
"PBK",1.40292,1.92439,1.30124
"PBLD",3.24915,3.25855,3.59118
"PBOV1",6.57854,4.15932,5.10403
"PBRM1",3.82809,4.83076,4.58257
"PBX1",5.74958,5.52083,5.69132
"PBX2",4.40746,5.01915,4.67645
"PBX3",4.89627,4.99031,4.43968
"PBX4",3.65037,3.75905,3.79471
"PBXIP1",4.13963,3.77223,4.06693
"PC",2.28309,2.72764,2.37252
"PCBD1",3.85565,3.99897,3.63558
"PCBD2",4.5829,3.99758,4.50934
"PCBP1",6.645,5.95053,6.32237
"PCBP2",8.46527,8.38819,8.04255
"PCBP3",3.43142,3.23885,3.35568
"PCBP4",3.6561,3.63878,3.83161
"PCCA",4.46835,4.61519,4.3383
"PCCB",3.0155,3.40167,3.6218
"PCDH1",4.22601,4.20166,4.28127
"PCDH10",4.36443,4.02781,3.0338
"PCDH11X",2.27902,2.04232,2.45089
"PCDH11Y",2.54496,2.52948,2.82558
"PCDH12",2.90765,2.85829,3.2256
"PCDH15",1.548,1.50453,1.54922
"PCDH17",3.3261,2.98166,3.43023
"PCDH18",3.14524,3.94,2.34248
"PCDH19",1.50424,1.65495,2.36143
"PCDH20",2.64348,2.13855,2.38138
"PCDH7",3.58748,2.755,2.74121
"PCDH8",2.67506,2.88685,2.7891
"PCDH9",2.65995,1.96958,2.18769
"PCDHAC1",2.46322,2.39722,2.25979
"PCDHB1",1.24169,1.64762,1.28661
"PCDHB10",1.70272,2.12814,1.99303
"PCDHB11",2.23607,2.6126,2.52755
"PCDHB12",2.74519,3.26511,2.91441
"PCDHB13",1.79674,1.92138,2.58165
"PCDHB14",1.99882,1.52233,1.40684
"PCDHB15",1.62722,1.60181,1.54701
"PCDHB16",2.02005,2.45443,2.65436
"PCDHB17",1.66115,1.39247,1.93816
"PCDHB18",2.74792,2.80359,2.40415
"PCDHB2",2.83893,2.79507,3.20967
"PCDHB3",2.05362,2.04803,2.05868
"PCDHB4",1.87478,1.81385,2.28539
"PCDHB5",3.17541,2.30545,2.23306
"PCDHB6",1.92177,1.55791,1.44446
"PCDHB7",2.08002,1.89956,1.90014
"PCDHB8",1.48022,1.98126,1.46656
"PCDHB9",3.40591,2.9872,2.87529
"PCDHGC5",2.3703,2.66924,2.45609
"PCDP1",1.46125,1.86324,1.27667
"PCF11",4.9213,5.15453,4.56148
"PCGF1",3.31087,3.40848,3.38787
"PCGF2",5.48649,5.4699,5.29339
"PCGF3",4.71455,5.11045,4.16742
"PCGF5",4.47368,4.66085,4.26098
"PCGF6",2.76446,3.16042,2.85913
"PCID2",3.12551,3.6017,3.271
"PCIF1",3.49413,3.56193,3.51131
"PCK1",2.64409,2.50468,2.12605
"PCK2",3.50139,3.43067,3.50464
"PCLO",2.88639,3.39858,3.27169
"PCM1",5.16695,5.57888,4.61992
"PCMT1",3.25073,4.27266,3.95495
"PCMTD1",5.74299,5.54572,5.72157
"PCMTD2",3.24544,4.70164,5.15341
"PCNA",2.83155,3.20514,3.13021
"PCNP",5.62937,5.92227,4.78107
"PCNT",3.43378,3.53147,3.46882
"PCNX",3.43958,4.3412,3.35108
"PCNXL2",2.76951,2.90123,2.77317
"PCNXL3",4.33963,4.25864,4.15241
"PCOLCE",4.00792,4.23668,4.21403
"PCOLCE2",3.69232,3.27,3.40929
"PCOTH",4.7222,4.88407,4.15177
"PCP2",4.82503,4.41082,4.45981
"PCP4",6.19801,4.05202,4.52613
"PCP4L1",4.49565,4.02052,3.63755
"PCSK1",2.07462,1.77419,1.79029
"PCSK1N",4.63156,4.8473,5.17136
"PCSK2",2.14959,2.29033,1.9763
"PCSK4",4.30733,4.45067,3.95174
"PCSK5",3.08743,2.87805,2.79401
"PCSK6",2.87074,2.65164,2.84538
"PCSK7",3.91945,3.96306,4.30778
"PCSK9",3.59554,3.18794,3.98995
"PCTP",2.74144,2.65548,3.02094
"PCYOX1",4.69619,5.00372,4.17838
"PCYOX1L",4.17259,4.32234,4.22609
"PCYT1A",3.59525,3.55086,3.29391
"PCYT1B",2.33292,2.79942,2.5473
"PCYT2",3.73777,3.20978,3.98637
"PDAP1",4.11142,3.79286,3.99474
"PDC",1.87308,1.97243,1.78379
"PDCD1",4.60815,4.45874,4.83693
"PDCD10",3.26053,3.63945,3.13635
"PDCD11",3.77854,3.93676,3.83834
"PDCD1LG2",2.25791,2.36824,2.65318
"PDCD2",4.11794,4.50784,4.17629
"PDCD2L",2.97021,3.07406,2.87773
"PDCD4",5.23041,5.60213,5.53963
"PDCD5",5.23062,5.84418,5.03138
"PDCD6IP",4.68624,4.55099,4.3646
"PDCD7",4.64417,4.4319,4.52386
"PDCL",1.65544,2.48016,2.29378
"PDCL2",1.27865,1.36096,1.6346
"PDCL3",2.97077,2.62887,2.41121
"PDDC1",4.1455,4.44734,4.47077
"PDE10A",3.41092,3.00565,3.5862
"PDE11A",2.9994,3.05234,3.32871
"PDE12",2.31173,2.23918,2.14022
"PDE1A",2.11065,1.78151,2.57547
"PDE1B",2.69317,2.50392,2.89801
"PDE1C",2.27227,3.25205,2.4523
"PDE2A",2.31128,3.06009,3.05779
"PDE3A",4.08413,3.33372,3.59095
"PDE3B",3.64562,3.64239,4.10579
"PDE4A",3.18175,3.17154,3.65421
"PDE4B",4.45715,3.72557,4.01006
"PDE4C",3.64289,3.68115,3.86978
"PDE4D",4.57731,4.40922,4.12544
"PDE4DIP",4.0574,4.4623,4.34363
"PDE5A",4.85627,5.4828,3.78919
"PDE6A",1.7024,1.60807,1.78274
"PDE6B",3.40708,3.34375,3.64281
"PDE6C",2.1486,2.15849,2.3054
"PDE6D",2.96253,3.07464,2.7656
"PDE6G",3.54932,3.27463,3.74377
"PDE6H",2.43373,2.00403,2.01605
"PDE7A",3.41599,3.33685,3.20973
"PDE7B",3.43902,2.91885,2.96691
"PDE8A",3.7773,4.43058,3.28767
"PDE8B",4.51627,4.45737,4.29273
"PDE9A",4.76053,4.97046,5.24681
"PDGFA",3.83909,3.55755,3.85654
"PDGFB",2.80782,3.46721,2.95146
"PDGFC",4.11646,4.65303,4.66362
"PDGFD",2.03537,1.51161,2.09241
"PDGFRA",2.8577,3.85911,2.315
"PDGFRB",4.24906,4.8849,4.21095
"PDGFRL",2.52586,2.07451,1.8471
"PDHA1",3.46194,3.38488,3.17686
"PDHA2",2.7092,2.38841,2.49947
"PDHB",3.91967,3.86415,3.87741
"PDHX",3.61708,4.44869,3.73157
"PDIA2",3.10849,3.16302,3.27134
"PDIA3",5.02548,5.78793,5.18363
"PDIA3P",5.22962,5.60769,4.97808
"PDIA4",5.5516,4.99024,5.3102
"PDIA5",3.6142,4.07627,4.10609
"PDIA6",3.64837,3.47656,3.44563
"PDIK1L",2.84021,2.6012,2.95784
"PDILT",2.0789,1.71867,2.00212
"PDK1",2.95627,3.1717,3.00202
"PDK2",3.79194,4.56518,3.58583
"PDK3",2.66134,3.01472,2.957
"PDK4",8.00966,5.3046,6.82355
"PDLIM1",5.03954,5.64146,5.16979
"PDLIM2",4.0831,3.76783,3.9608
"PDLIM3",4.71327,3.99466,3.69474
"PDLIM4",4.72309,3.62116,4.20168
"PDLIM5",5.08763,4.39979,4.89274
"PDLIM7",4.64078,4.81834,3.94612
"PDP1",4.3922,3.44938,3.84946
"PDP2",2.33696,2.64402,2.5484
"PDPK1",4.50702,4.78151,3.9899
"PDPN",3.65458,3.23288,3.62076
"PDPR",3.2092,5.62591,2.9769
"PDRG1",2.30983,2.9137,2.14314
"PDS5A",4.39935,4.71155,4.62615
"PDS5B",3.92137,4.04175,4.20032
"PDSS1",2.02725,2.12215,2.68834
"PDSS2",1.90234,1.70894,1.83065
"PDX1",3.18289,3.39091,3.069
"PDXDC1",5.21134,5.61039,5.63076
"PDXDC2P",5.18635,5.46278,4.8546
"PDXK",4.22624,3.56966,4.17658
"PDXP",4.38246,4.0133,3.69761
"PDYN",2.10246,1.81856,1.74529
"PDZD11",2.12979,2.22297,1.67049
"PDZD2",3.36636,3.73567,3.13648
"PDZD3",2.46779,2.54371,2.27805
"PDZD4",2.78856,2.60908,3.04596
"PDZD7",3.65714,3.59343,3.40577
"PDZD8",4.41722,4.51154,3.98855
"PDZD9",2.20798,2.09765,2.85954
"PDZK1",2.53084,3.21902,2.7645
"PDZK1IP1",3.85972,3.34113,3.47948
"PDZRN3",3.66942,3.80748,3.22467
"PDZRN4",2.47334,3.0104,2.30722
"PEA15",5.47751,5.50792,4.75383
"PEAR1",2.86673,2.78949,3.35499
"PEBP1",6.31012,6.18724,6.05495
"PEBP4",3.83084,3.66688,3.80265
"PECAM1",3.64094,4.7606,3.59739
"PECI",2.67129,3.13154,3.33107
"PECR",1.64513,2.3097,1.81988
"PEF1",4.15835,3.3342,3.88492
"PEG10",3.02644,2.47024,2.87568
"PEG3",3.57055,2.84726,3.82188
"PELI1",6.38546,3.7947,4.14624
"PELI2",4.05774,4.48427,4.26446
"PELI3",3.50216,3.54235,2.87585
"PELO",3.84751,5.19886,3.7851
"PELP1",3.86671,3.45742,3.54671
"PEMT",2.81872,3.25985,3.20722
"PENK",3.59275,3.86013,3.9117
"PEPD",3.78883,4.2904,4.20558
"PER1",6.04946,4.69356,5.35864
"PER2",4.69032,3.36076,3.32206
"PER3",4.64422,5.13022,4.14904
"PERP",4.97417,5.05276,5.33092
"PES1",4.34677,3.95418,3.9617
"PET112L",2.69006,3.52681,3.00425
"PEX1",3.55397,4.3871,3.98269
"PEX10",4.46752,4.11147,4.57638
"PEX11A",3.57629,3.75848,3.49799
"PEX11B",3.83723,4.11829,4.25827
"PEX11G",4.45547,4.52301,4.5573
"PEX12",2.33493,2.68041,2.24067
"PEX13",3.15983,3.1305,2.78437
"PEX14",5.01696,4.62824,4.68114
"PEX16",4.21137,3.69059,3.91728
"PEX19",4.17865,5.2561,5.10167
"PEX2",3.09025,3.03648,2.76031
"PEX26",4.56989,5.20042,4.98511
"PEX3",2.94824,3.19158,3.53506
"PEX5",2.93289,2.78421,2.57934
"PEX5L",2.79206,2.32737,2.47686
"PEX6",3.91952,3.99201,4.09768
"PEX7",2.06598,2.80674,2.50084
"PF4",2.82371,2.70524,2.72641
"PF4V1",2.15376,2.38536,2.48868
"PFAS",3.44467,3.49253,3.82069
"PFDN1",3.65052,4.02721,3.33467
"PFDN2",5.28388,4.94052,5.1046
"PFDN4",3.26823,3.32642,3.38292
"PFDN5",4.88343,4.94558,5.29488
"PFDN6",4.92798,4.38671,4.62769
"PFKFB1",2.0774,2.16959,1.95437
"PFKFB2",2.07201,2.07132,2.35734
"PFKFB3",4.01731,3.94011,3.86154
"PFKFB4",3.18413,3.1538,3.42319
"PFKL",4.48461,4.37193,3.95581
"PFKM",2.72456,3.26385,3.02245
"PFKP",2.76954,3.43551,2.9372
"PFN1",6.1373,6.17479,6.06204
"PFN2",4.38385,4.12416,4.03102
"PFN3",2.15132,2.6933,2.34825
"PFN4",1.94933,2.26427,2.39402
"PGA3",2.60883,2.71708,2.74783
"PGA4",2.6346,2.72615,2.69202
"PGA5",2.72189,2.76551,2.65995
"PGAM1",4.54099,4.79752,4.69351
"PGAM2",4.00462,4.10594,4.04952
"PGAM4",4.14475,4.37219,4.33028
"PGAM5",4.17892,4.40402,4.03196
"PGAP1",2.85731,2.59541,2.50196
"PGAP2",3.17934,3.80847,3.32512
"PGAP3",3.79275,3.53503,3.37213
"PGBD1",2.00927,2.45269,2.34331
"PGBD2",1.66044,2.13406,1.83188
"PGBD4",3.32238,2.83357,2.80432
"PGBD5",2.15468,2.12639,2.22363
"PGC",3.7745,3.51887,4.21862
"PGCP",4.55854,5.2099,4.4312
"PGD",3.52173,4.18556,4.96577
"PGF",3.96947,4.09338,3.72818
"PGGT1B",2.66435,3.06614,3.18115
"PGK1",4.03584,3.51964,4.17768
"PGK2",2.3133,2.09294,2.00689
"PGLS",2.55819,2.61518,2.79325
"PGLYRP1",4.21092,3.87072,3.54902
"PGLYRP2",2.82829,1.78982,2.77166
"PGLYRP3",2.81691,2.71202,2.41713
"PGLYRP4",2.55414,2.30499,2.79039
"PGM1",2.61342,2.62356,2.46719
"PGM2",3.82769,3.88394,3.42168
"PGM2L1",3.93705,2.53875,2.72741
"PGM3",3.63229,3.82285,3.57867
"PGM5",4.04947,4.7381,4.03449
"PGM5P2",5.81132,6.21941,3.74062
"PGP",3.7246,3.4927,3.83192
"PGPEP1",3.34508,3.15299,3.7612
"PGPEP1L",2.42193,2.90223,2.52876
"PGR",2.68483,2.30405,2.24596
"PGRMC1",4.65781,4.25516,4.24092
"PGRMC2",5.87318,5.87843,5.91389
"PGS1",3.58697,4.12361,3.76328
"PHACTR1",2.46403,2.51385,2.61749
"PHACTR2",4.54787,5.29924,4.58043
"PHACTR3",3.62028,3.14188,3.22417
"PHACTR4",4.09239,4.42994,5.22303
"PHAX",3.66183,3.80092,3.23927
"PHB",4.98983,5.41176,4.77338
"PHB2",4.2905,4.59207,4.01268
"PHC1",4.86322,4.9229,4.74207
"PHC2",4.64381,4.35644,4.49662
"PHC3",5.63661,6.50603,5.66454
"PHEX",1.62475,1.4616,2.00566
"PHF1",4.24378,4.44585,3.96138
"PHF10",4.78329,4.69703,4.70607
"PHF11",3.50826,4.03182,3.19046
"PHF12",4.30347,4.46925,3.87338
"PHF13",3.51464,3.13543,2.7714
"PHF14",4.47506,5.52599,4.25834
"PHF15",3.51304,3.80605,3.54718
"PHF16",2.52286,2.47681,2.56435
"PHF17",4.87386,4.44108,4.03936
"PHF19",3.30331,3.08763,3.36065
"PHF2",4.13371,4.40996,4.4852
"PHF20",4.58042,3.88373,4.27864
"PHF20L1",3.11375,3.77818,3.20402
"PHF21A",5.26797,5.27558,5.25519
"PHF21B",4.38049,4.57635,4.71627
"PHF23",3.84015,4.07312,3.99391
"PHF3",5.17307,5.52195,5.00445
"PHF5A",4.00187,3.52408,3.39805
"PHF6",2.85781,3.30257,3.02365
"PHF7",2.40042,2.34072,2.35776
"PHF8",4.39345,4.16513,4.1982
"PHGDH",3.28801,4.13791,2.89462
"PHIP",4.76657,5.37438,4.48646
"PHKA1",3.48143,4.10023,3.32293
"PHKA2",3.43326,4.04931,3.47134
"PHKB",4.33127,4.30465,3.81898
"PHKG1",2.16833,1.54467,2.31719
"PHKG2",3.64176,3.60365,3.35042
"PHLDA1",3.74174,2.68765,3.2746
"PHLDA2",3.91028,3.74652,3.57638
"PHLDA3",3.37852,3.87985,3.50225
"PHLDB1",3.72616,4.65601,3.99855
"PHLDB2",2.74543,2.9082,2.67871
"PHLDB3",4.06143,4.33095,4.34115
"PHLPP1",4.36268,4.76032,4.80124
"PHLPP2",2.49594,2.60911,2.87508
"PHOSPHO1",3.24439,3.17878,3.4983
"PHOX2A",3.14812,3.32553,3.00516
"PHOX2B",2.47339,1.79798,2.39824
"PHPT1",4.30446,4.04995,4.54726
"PHRF1",4.04601,4.51925,4.02905
"PHTF1",2.57269,3.39106,2.81145
"PHTF2",2.39477,2.37704,2.30152
"PHYH",2.61631,2.94362,2.95911
"PHYHD1",4.13776,3.32993,3.60142
"PHYHIP",3.88243,4.13857,4.22492
"PHYHIPL",3.00311,3.54341,2.94495
"PI15",5.14066,5.16861,4.83028
"PI16",3.65027,3.92238,4.09189
"PI3",2.72032,2.42255,2.98821
"PI4K2A",2.31291,2.45406,2.41549
"PI4K2B",4.10292,3.73297,3.96485
"PI4KA",4.5995,4.74063,4.23119
"PI4KAP2",4.64448,4.69826,4.30872
"PI4KB",3.77604,4.16284,4.44251
"PIAS1",5.55294,5.87854,5.10515
"PIAS2",5.35373,5.04209,4.18238
"PIAS3",3.54825,4.51281,4.29814
"PIAS4",3.25292,3.07672,3.69503
"PIBF1",3.91167,4.00824,4.26564
"PICALM",5.00085,5.60921,5.14822
"PICK1",4.40634,4.47587,4.71783
"PID1",5.26374,5.7082,5.19982
"PIF1",3.54802,3.38304,3.52164
"PIGA",3.83936,2.35642,3.35117
"PIGB",2.759,2.95495,2.44033
"PIGC",3.7775,3.55783,3.81013
"PIGF",1.83964,1.58295,1.75384
"PIGG",4.51166,4.29555,3.9098
"PIGH",6.53822,6.1386,5.61098
"PIGK",2.25968,2.25581,1.96662
"PIGL",2.64946,2.50162,3.08179
"PIGM",3.85194,3.95418,4.20368
"PIGN",2.75917,3.20533,3.26452
"PIGO",3.24244,2.74503,3.05894
"PIGP",3.58316,3.5011,3.56853
"PIGQ",2.91993,3.0686,3.29343
"PIGR",3.68035,2.14605,2.41873
"PIGS",4.16123,3.92603,4.09459
"PIGT",4.5088,4.16602,4.11054
"PIGU",2.35686,2.56368,2.28252
"PIGV",2.947,3.06001,3.04714
"PIGW",1.91562,1.7604,2.20976
"PIGX",2.00934,2.14241,2.38479
"PIGY",5.99619,5.98193,5.61467
"PIGZ",2.55631,2.98942,2.68865
"PIH1D1",3.65403,4.23428,3.75974
"PIH1D2",1.66241,1.44883,1.73377
"PIK3AP1",3.95237,3.31331,3.63464
"PIK3C2A",4.61853,5.06027,4.7778
"PIK3C2B",2.97013,2.69653,3.40223
"PIK3C2G",2.12223,2.47078,2.33238
"PIK3C3",3.25648,3.29131,3.13936
"PIK3CA",3.109,3.88356,3.42987
"PIK3CB",2.48916,2.83816,2.69679
"PIK3CD",3.41047,3.41339,3.35204
"PIK3CG",2.59511,2.70634,2.74637
"PIK3IP1",3.4221,3.54306,2.80018
"PIK3R1",5.28576,5.40669,4.32527
"PIK3R2",3.98356,4.29277,3.5401
"PIK3R3",4.50711,4.14608,4.26341
"PIK3R4",3.36019,2.86264,3.41874
"PIK3R5",3.2121,3.20664,3.88157
"PIK3R6",2.61268,2.71318,2.94213
"PIKFYVE",3.73626,3.99477,3.65514
"PILRA",4.75431,4.92807,4.84056
"PILRB",4.8848,5.15161,4.57627
"PIM1",4.28326,3.04243,3.74812
"PIM2",2.94688,2.54964,2.70749
"PIM3",6.26021,5.24499,5.95466
"PIN1",4.36687,4.27185,3.79726
"PIN1P1",4.32127,3.83021,4.16316
"PIN4",2.95011,2.84027,3.44509
"PINK1",4.04052,3.94281,3.38943
"PINX1",2.49574,2.31078,2.39813
"PION",2.34709,2.34086,2.34501
"PIP",2.53451,2.57398,2.49672
"PIP4K2A",3.09863,3.34829,3.49267
"PIP4K2B",4.35197,5.22636,5.0596
"PIP4K2C",3.60499,3.57979,3.72382
"PIP5K1A",3.98628,3.90725,2.68123
"PIP5K1B",2.10289,1.95351,1.9103
"PIP5K1C",4.31506,4.26537,4.03827
"PIP5K1P1",1.83463,1.96134,1.91959
"PIP5KL1",3.37613,3.59492,3.8211
"PIPOX",2.67121,2.3513,2.72761
"PIPSL",2.12433,2.22263,2.69294
"PIR",2.4409,2.3218,2.84301
"PIRT",2.94795,3.17854,3.53448
"PISD",4.49256,3.39634,3.70621
"PITPNA",5.35928,5.07251,4.54294
"PITPNB",5.85951,5.76397,5.40032
"PITPNC1",3.94758,3.49558,3.0293
"PITPNM1",2.8585,2.79657,2.90725
"PITPNM2",3.01193,2.87541,2.8894
"PITPNM3",3.23317,2.88306,3.22843
"PITRM1",5.31499,5.21628,5.20286
"PITX1",3.11182,3.36835,3.19783
"PITX2",3.3728,3.21407,3.4266
"PITX3",3.25379,3.48811,3.2685
"PIWIL1",2.35884,2.42538,2.29242
"PIWIL2",1.45285,2.17116,1.84941
"PIWIL3",1.80833,1.64928,1.45436
"PIWIL4",2.13205,2.27972,2.31666
"PJA1",3.22129,3.40023,3.44334
"PJA2",4.74084,5.28211,5.27689
"PK155",3.08353,2.78637,2.76605
"PKD1",5.0731,5.63887,5.16528
"PKD1L1",2.15102,1.97313,2.43227
"PKD1L2",2.28971,2.2091,1.96012
"PKD1L3",1.89119,1.58116,1.8957
"PKD1P1",7.02722,7.65923,7.12924
"PKD2",3.67574,4.16104,2.76905
"PKD2L1",2.23589,1.93629,2.09532
"PKD2L2",1.57397,1.77419,1.48448
"PKDCC",3.63736,3.64222,3.18841
"PKDREJ",1.94405,1.91213,2.40274
"PKHD1",2.03951,1.90727,2.18358
"PKHD1L1",1.64489,1.53171,1.50858
"PKIA",3.05152,2.68797,3.57617
"PKIB",2.46652,2.79837,2.73492
"PKIG",4.89379,4.23174,4.26431
"PKLR",3.28616,3.20629,3.35372
"PKM2",6.23641,6.24257,6.02033
"PKMYT1",3.17672,2.51034,2.73452
"PKN1",4.59686,4.83616,4.53446
"PKN2",4.61734,5.35611,5.04782
"PKN3",3.8317,3.12997,3.65812
"PKNOX1",3.1855,3.03544,2.95056
"PKNOX2",5.16462,4.77135,4.73556
"PKP1",4.35105,4.01445,3.98698
"PKP2",4.05174,3.261,3.54582
"PKP3",4.01889,3.87873,4.21738
"PKP4",4.36141,5.22291,4.81487
"PLA1A",3.33152,3.62512,4.26322
"PLA2G10",1.81638,1.3647,2.44602
"PLA2G12A",3.65343,4.63012,3.98468
"PLA2G12B",2.97806,2.93647,3.17967
"PLA2G15",2.98108,2.82309,3.32164
"PLA2G16",2.59908,3.11645,2.51394
"PLA2G1B",4.07977,3.53361,4.57098
"PLA2G2A",6.43179,5.29549,6.47424
"PLA2G2C",3.90252,3.46757,3.72967
"PLA2G2D",5.05269,3.90044,4.88227
"PLA2G2E",3.7467,3.27777,2.91952
"PLA2G2F",3.11637,3.30047,3.64909
"PLA2G3",3.46542,2.60677,3.36487
"PLA2G4A",2.19505,2.19685,2.16304
"PLA2G4C",2.25614,1.98198,2.21688
"PLA2G4D",2.71961,2.3844,2.24743
"PLA2G4E",2.38019,1.90076,2.06153
"PLA2G4F",3.51699,3.21044,3.3573
"PLA2G5",3.83625,4.53229,3.65072
"PLA2G6",3.13973,3.82983,3.85422
"PLA2G7",3.15093,2.78556,3.77987
"PLA2R1",2.49723,2.78612,2.80828
"PLAA",3.40229,3.52743,3.74551
"PLAC1",1.88298,1.65032,1.7865
"PLAC1L",1.6338,2.09768,1.73385
"PLAC2",2.76351,2.44413,2.97148
"PLAC4",6.95005,3.79957,4.8217
"PLAC8",2.67999,2.5718,2.03124
"PLAC8L1",2.90371,2.48027,2.81967
"PLAC9",2.79226,3.54774,3.00299
"PLAG1",2.3089,1.81648,2.24033
"PLAGL1",4.98208,5.36578,4.73925
"PLAGL2",3.8264,3.22485,3.08065
"PLAT",4.49993,3.34202,4.01214
"PLAU",3.70277,3.32673,3.34484
"PLAUR",3.66636,2.5718,3.14617
"PLB1",3.19639,2.74727,2.77205
"PLBD1",2.38119,2.50988,2.2253
"PLBD2",3.32317,3.81036,3.99542
"PLCB1",3.9519,4.07059,4.00063
"PLCB2",3.31341,3.55084,3.38726
"PLCB3",3.98191,4.31056,4.15256
"PLCB4",3.92395,3.88829,3.56452
"PLCD1",3.01957,3.07447,2.52586
"PLCD3",4.13757,4.20892,4.11265
"PLCD4",2.51967,2.24067,2.20057
"PLCE1",2.68652,3.32134,2.32729
"PLCG1",4.38258,4.90364,4.89082
"PLCG2",2.81588,3.21213,3.43047
"PLCH1",1.75747,1.89995,1.76611
"PLCH2",5.00409,4.83649,4.68255
"PLCL1",1.91103,2.60765,2.29393
"PLCL2",2.65832,2.81295,2.69254
"PLCXD1",3.29646,2.80335,3.19204
"PLCXD2",2.47936,2.58205,3.30988
"PLCXD3",2.10793,2.09619,2.45301
"PLCZ1",1.85538,2.01829,1.98935
"PLD1",2.61219,2.16361,2.05927
"PLD2",3.5254,3.36369,2.87825
"PLD3",4.13507,4.35196,4.1301
"PLD4",4.59018,4.24789,4.25715
"PLD5",2.27948,2.14411,2.4989
"PLD6",4.21053,3.83126,4.60131
"PLDN",5.48791,5.04277,5.06594
"PLEC",4.60785,4.75153,4.42063
"PLEK",1.71759,2.40097,2.09692
"PLEK2",2.86411,2.65406,2.56723
"PLEKHA1",2.95792,3.19698,2.76607
"PLEKHA2",3.54093,3.1823,3.43581
"PLEKHA3",2.8255,2.16824,2.24763
"PLEKHA4",4.13446,4.06811,4.36972
"PLEKHA5",4.78107,4.94237,4.59151
"PLEKHA6",4.48971,4.72333,4.08657
"PLEKHA7",3.55883,2.95474,3.05246
"PLEKHA8",3.58259,3.48336,3.16422
"PLEKHA9",2.87274,2.50683,1.86875
"PLEKHB1",2.45609,2.71679,2.99865
"PLEKHB2",3.78477,4.16017,4.02722
"PLEKHF1",3.31241,3.45656,3.69561
"PLEKHF2",2.59657,2.61895,2.19484
"PLEKHG1",2.05817,2.50506,2.4079
"PLEKHG2",3.88192,3.53113,4.24876
"PLEKHG3",3.3029,2.74274,2.83909
"PLEKHG4",2.12849,1.92903,2.42958
"PLEKHG4B",2.85627,3.24231,3.43951
"PLEKHG5",3.33324,3.78564,3.29029
"PLEKHG6",3.58191,2.88357,2.80224
"PLEKHG7",1.9572,1.87274,1.83547
"PLEKHH1",4.55409,4.50399,4.73014
"PLEKHH2",2.62309,3.93821,2.89294
"PLEKHH3",3.79127,3.6839,3.33784
"PLEKHJ1",3.53463,3.50431,3.43328
"PLEKHM1",3.09379,2.90444,3.49325
"PLEKHM1P",4.57808,4.12601,3.99931
"PLEKHM2",3.70528,3.83898,3.94786
"PLEKHM3",3.47033,3.79837,3.37099
"PLEKHN1",4.6617,4.4813,4.25532
"PLEKHO1",4.1944,4.08163,4.60028
"PLEKHO2",4.63341,4.42082,4.32793
"PLG",2.5136,2.00483,2.23345
"PLGLA",1.52827,1.81574,1.61637
"PLGLB2",2.01565,1.96586,2.22773
"PLIN1",2.98524,3.33167,2.84319
"PLIN2",3.1667,3.25758,3.2588
"PLIN3",4.57064,3.97866,4.34012
"PLIN4",3.10981,2.38312,2.46272
"PLK1",3.4115,3.33607,3.49525
"PLK1S1",4.08749,4.12391,3.63964
"PLK2",2.43932,2.95166,2.54076
"PLK3",3.64742,3.01162,2.65553
"PLK4",1.60913,1.50455,1.5493
"PLK5P",3.77105,3.79248,3.44883
"PLLP",4.09278,3.62733,4.04937
"PLN",4.93804,5.38959,3.63699
"PLOD1",4.69067,4.22199,4.63699
"PLOD2",2.20997,3.2594,2.15943
"PLOD3",3.35318,4.01058,3.54462
"PLP1",3.21122,2.95716,2.85391
"PLP2",5.46221,5.08497,4.48616
"PLRG1",3.65654,3.84181,3.65679
"PLS1",2.54249,2.13578,1.95887
"PLS3",3.62952,3.67583,3.00138
"PLSCR1",6.38117,4.20057,4.43891
"PLSCR2",1.58151,1.38695,1.49587
"PLSCR3",3.5651,3.8544,3.2003
"PLSCR4",4.04046,4.22504,3.79347
"PLTP",3.82651,3.61844,3.52113
"PLUNC",2.49512,2.48242,2.57374
"PLVAP",4.26412,4.81848,4.53517
"PLXDC1",3.46336,3.43464,3.22106
"PLXDC2",4.96542,5.15246,4.55525
"PLXNA1",2.94468,2.49191,3.09608
"PLXNA2",3.14007,3.01937,2.73453
"PLXNA3",3.60248,3.568,3.98076
"PLXNA4",2.97937,2.93775,3.04667
"PLXNB1",3.75014,3.77239,3.82376
"PLXNB2",5.13687,5.09767,5.50275
"PLXNB3",3.64332,3.89699,3.73561
"PLXNC1",3.01981,2.92511,2.56771
"PLXND1",3.63065,4.24404,3.15985
"PM20D1",3.51235,2.82836,3.06701
"PM20D2",4.20997,4.83018,4.44954
"PMAIP1",2.28932,1.9226,2.3205
"PMCH",1.54728,1.4836,1.54159
"PMCHL1",1.47609,1.56662,1.79344
"PMCHL2",1.82232,1.48665,1.64776
"PMEPA1",5.77621,6.0831,5.81676
"PMF1",4.40905,4.45995,4.21659
"PMFBP1",2.37214,2.0252,2.45813
"PML",3.30931,3.50254,3.77764
"PMM1",3.32738,3.35868,3.89328
"PMM2",3.35777,3.06834,3.61066
"PMP2",1.76787,1.43675,1.7094
"PMP22",4.49364,4.6628,4.63249
"PMPCA",2.60613,2.68601,2.80943
"PMPCB",3.7508,5.0242,3.92048
"PMS1",3.08248,3.50978,3.30715
"PMS2",2.9531,3.37436,3.07625
"PMS2CL",2.72296,2.94663,2.6161
"PMS2L2",4.94201,5.55413,5.17323
"PMS2P1",3.93317,3.8302,3.92671
"PMS2P11",4.69979,5.24547,4.77403
"PMS2P3",4.54013,4.33207,4.73527
"PMS2P4",4.05671,5.4041,4.60426
"PMS2P5",5.7291,6.42487,5.94091
"PMVK",4.74295,3.89282,4.88862
"PNCK",4.13753,3.98601,3.88774
"PNKD",4.01093,3.61944,3.82095
"PNKP",5.14924,4.93428,4.67002
"PNLDC1",1.81919,1.67263,2.05401
"PNLIP",1.60982,1.6144,1.47237
"PNLIPRP1",2.30218,1.93295,2.37534
"PNLIPRP2",2.4945,2.1431,2.61976
"PNLIPRP3",1.58343,1.4792,1.74735
"PNMA1",4.03392,4.31712,4.61544
"PNMA2",1.92775,1.83174,2.35135
"PNMA3",3.24211,2.82093,3.20883
"PNMA5",3.29982,3.43971,3.47004
"PNMA6A",3.81597,4.19161,3.93815
"PNMAL1",3.04209,3.25537,3.12041
"PNMT",2.75959,3.87683,3.26256
"PNN",6.76011,7.1212,7.00394
"PNO1",3.16784,3.11335,3.37455
"PNOC",3.03759,2.54937,3.26263
"PNP",3.84617,2.72936,3.40572
"PNPLA1",3.27189,3.09687,3.22686
"PNPLA2",4.51761,4.91286,4.85628
"PNPLA3",2.61352,1.8663,2.1608
"PNPLA4",3.12493,3.28852,3.46508
"PNPLA5",2.01263,1.67086,2.26099
"PNPLA6",3.22966,3.58204,3.27074
"PNPLA7",4.65892,4.68052,4.43174
"PNPLA8",3.85819,3.0126,3.46933
"PNPO",3.74998,3.50872,3.60095
"PNPT1",3.95624,3.90773,3.82077
"PNRC1",6.52834,6.26472,6.25703
"PNRC2",5.70793,5.85776,4.95398
"POC1A",2.88512,3.18027,2.40496
"POC1B",2.34704,2.21587,2.34976
"POC5",2.44953,3.01306,2.74184
"PODN",4.76094,4.99649,4.16362
"PODNL1",3.80455,3.83687,3.35756
"PODXL",5.57843,5.03788,4.94146
"PODXL2",3.95015,3.71088,4.21101
"POF1B",1.48491,1.71155,1.99161
"POFUT1",2.2374,2.95114,2.9885
"POFUT2",4.31074,3.94898,4.13341
"POGK",4.45358,3.81746,3.75652
"POGLUT1",1.81476,2.12721,1.71645
"POGZ",4.8111,5.29224,4.39443
"POLA1",2.98158,2.85272,3.09172
"POLA2",2.28298,2.55595,2.56901
"POLB",4.60639,3.35791,4.5469
"POLD1",3.32718,2.78681,2.77479
"POLD2",4.21544,5.27475,4.66274
"POLD3",2.70382,2.6642,1.96635
"POLD4",5.3738,5.34709,5.67091
"POLDIP2",3.76251,4.18697,4.12604
"POLDIP3",4.96744,5.38858,5.28986
"POLE",3.14424,3.27158,2.97541
"POLE2",1.54571,1.62916,1.76596
"POLE3",4.0695,3.71093,4.0582
"POLE4",3.53975,3.7607,3.60451
"POLG",3.70026,3.44805,3.29628
"POLG2",1.74596,2.24211,2.20904
"POLH",2.6165,2.89689,2.58775
"POLI",3.74807,4.819,4.36761
"POLK",3.0798,4.07777,3.59833
"POLL",3.79041,3.85576,3.70553
"POLM",4.27734,4.30999,4.00987
"POLN",2.6466,2.74692,2.87653
"POLQ",1.2633,1.40497,1.54675
"POLR1A",3.8725,4.07995,3.94261
"POLR1B",2.37085,2.6035,2.44685
"POLR1C",2.86535,3.31598,3.29623
"POLR1D",5.62539,5.87462,5.28094
"POLR1E",3.56639,3.66289,3.06183
"POLR2A",5.00555,4.97377,4.2108
"POLR2B",3.92279,5.03029,4.7882
"POLR2C",3.50998,3.12926,2.85919
"POLR2D",3.23867,3.81814,3.50503
"POLR2E",4.60364,4.7395,5.02538
"POLR2F",4.5295,4.85932,4.01567
"POLR2G",3.32428,4.15443,3.55799
"POLR2H",3.6555,3.55301,3.50579
"POLR2I",4.17985,4.04712,3.76766
"POLR2J",3.99816,3.69947,3.87475
"POLR2J2",5.94769,5.37616,5.88063
"POLR2J3",5.88972,5.43346,6.01161
"POLR2J4",7.36624,6.89074,6.92581
"POLR2K",5.35139,5.13377,5.31503
"POLR2L",5.82058,6.10926,6.28906
"POLR3A",3.60375,2.93715,2.91492
"POLR3B",2.80565,3.4022,3.00562
"POLR3C",2.51926,2.47968,3.04595
"POLR3D",3.61974,4.10929,3.83891
"POLR3E",4.71163,3.94715,4.54116
"POLR3F",2.91865,2.86334,2.33785
"POLR3G",3.30981,3.7574,3.47705
"POLR3GL",2.56447,3.31779,3.06735
"POLR3H",3.69421,3.55928,3.73652
"POLR3K",3.82734,3.5284,3.58484
"POLRMT",4.6961,4.01197,4.33524
"POM121",5.26592,4.89277,5.27369
"POM121C",5.52568,5.10619,5.03976
"POM121L10P",3.64141,3.56176,3.48932
"POM121L12",3.41894,3.10772,2.86506
"POM121L1P",3.51706,3.45077,3.75316
"POM121L2",2.13304,1.97762,1.73732
"POM121L4P",3.59278,3.33922,4.41012
"POM121L8P",3.67317,3.42016,3.56102
"POM121L9P",3.9781,4.39492,5.11426
"POMC",2.79582,2.77621,3.12554
"POMGNT1",4.50016,4.64114,4.70701
"POMP",5.19631,4.88931,4.64067
"POMT1",3.49718,3.1476,3.83593
"POMT2",3.03306,3.36067,3.10705
"POMZP3",4.63734,4.10818,4.38931
"PON1",1.44561,1.3109,1.39035
"PON2",5.47229,5.29582,4.6661
"PON3",1.56243,1.38866,1.93987
"POP1",1.90182,2.01401,1.82533
"POP4",3.1229,2.26204,3.04448
"POP5",3.24818,3.72852,3.40218
"POP7",4.06047,3.78313,4.32632
"POPDC2",2.744,3.30457,2.92658
"POPDC3",1.89864,2.25535,2.09352
"POR",4.1024,4.08569,4.30246
"PORCN",4.22621,4.06519,3.80544
"POSTN",2.24451,3.04485,2.40751
"POT1",2.28489,3.06989,3.0219
"POTEA",1.50764,1.71424,2.34867
"POTEB",5.76978,6.59437,7.35662
"POTEC",4.87255,5.68746,6.37024
"POTED",4.49192,5.46961,6.05688
"POTEE",7.01471,7.2858,8.06304
"POTEF",7.28407,7.62361,8.31307
"POTEG",7.63972,8.52853,9.15133
"POTEKP",6.56807,6.71915,7.25469
"POTEM",7.16601,7.7951,8.43161
"POU1F1",2.37581,1.84644,1.60116
"POU2AF1",2.96791,2.92853,2.87188
"POU2F1",4.87504,4.7548,4.74579
"POU2F2",4.6477,4.69271,4.78496
"POU2F3",3.96675,4.11069,4.46202
"POU3F1",4.99112,4.61073,4.71646
"POU3F2",2.87967,2.97653,3.32956
"POU3F3",3.5475,3.70746,3.98188
"POU3F4",3.47026,3.13347,3.16034
"POU4F1",3.3053,3.14435,3.06654
"POU4F2",3.2593,2.8694,3.01772
"POU4F3",2.91042,2.75547,2.81206
"POU5F1",3.93555,3.57574,3.50106
"POU5F1B",4.1554,4.00603,3.90101
"POU5F1P3",4.05405,3.45922,3.53375
"POU5F1P4",5.0888,5.37556,5.85004
"POU5F2",4.0804,3.79498,4.12958
"POU6F1",4.1799,4.4194,4.30997
"POU6F2",2.20891,2.3826,2.47024
"PP13004",2.39075,2.36629,3.26349
"PP13439",3.80925,3.10609,3.15287
"PP14571",3.97491,3.7375,4.01223
"PP2672",2.63619,2.38332,2.1394
"PPA1",5.23892,5.21343,4.58181
"PPA2",3.59586,3.81264,3.57501
"PPAN.P2RY11",4.1571,4.01181,4.0294
"PPAP2A",6.64303,6.21379,6.32349
"PPAP2B",4.77528,4.77046,4.61069
"PPAP2C",3.86264,3.54152,3.93666
"PPAPDC1A",3.22792,2.57755,2.9812
"PPAPDC1B",4.91058,5.52015,4.94208
"PPAPDC2",3.93681,3.14429,3.55775
"PPAPDC3",4.51012,3.77479,3.94963
"PPARA",2.53274,2.854,2.57098
"PPARD",3.30791,4.14505,3.91528
"PPARG",2.02904,2.33052,2.18331
"PPARGC1A",4.42411,2.82954,3.23064
"PPARGC1B",4.26914,4.13931,4.22165
"PPAT",1.84049,1.70832,1.7256
"PPBP",3.41449,2.56052,2.98843
"PPBPL2",3.10064,2.59572,2.58532
"PPCDC",3.4593,3.56684,3.25761
"PPCS",3.97268,5.05724,4.14549
"PPDPF",5.5536,5.43902,5.44397
"PPEF1",1.82061,1.56535,1.69231
"PPEF2",2.38764,1.78197,2.03156
"PPFIA1",3.91338,4.40935,3.74513
"PPFIA2",2.39079,2.52378,2.45577
"PPFIA3",2.63139,2.21411,2.11026
"PPFIA4",2.66834,2.726,2.95357
"PPFIBP1",3.69652,4.74962,3.93643
"PPFIBP2",3.14163,4.16856,3.67538
"PPHLN1",3.19967,3.84533,3.96672
"PPIA",4.81822,4.88018,4.14186
"PPIAL4A",3.8811,4.38146,4.10092
"PPIAL4G",4.21778,4.62765,4.53699
"PPIB",5.55277,5.86186,5.76856
"PPIC",2.75889,3.3387,2.99337
"PPID",4.20064,4.00635,3.86273
"PPIE",3.76221,3.18621,3.33866
"PPIEL",3.31441,2.61518,3.48839
"PPIF",2.59992,2.47022,2.86051
"PPIG",4.46429,3.95834,3.93856
"PPIH",2.84605,3.7216,2.92168
"PPIL1",3.55032,3.24649,3.34245
"PPIL2",4.23121,4.7563,4.82974
"PPIL3",2.80743,3.03127,3.6659
"PPIL4",4.21075,3.5866,4.00143
"PPIL5",2.61412,2.36694,2.50753
"PPIL6",1.90153,2.01539,1.86753
"PPIP5K1",5.24431,5.66822,5.94984
"PPIP5K2",3.85338,3.77413,3.4223
"PPL",3.96612,3.80332,3.7853
"PPM1A",3.8552,3.52437,3.33537
"PPM1B",4.42319,3.82185,3.81344
"PPM1D",2.82497,2.86184,2.47377
"PPM1E",2.30841,2.1916,2.57052
"PPM1F",4.63775,4.37778,4.0224
"PPM1G",4.13879,4.49819,3.8375
"PPM1H",4.73389,4.64728,4.33313
"PPM1J",2.86223,2.57242,3.14599
"PPM1K",3.00917,3.10588,3.161
"PPM1L",2.50924,2.6611,2.56769
"PPM1M",3.1596,3.41516,2.67077
"PPM1N",2.75702,1.83874,2.3988
"PPME1",4.50534,3.62518,3.53308
"PPOX",2.74313,2.48882,2.68032
"PPP1CA",4.80956,4.92403,4.40728
"PPP1CB",6.01611,5.71274,5.94949
"PPP1CC",5.67021,6.42717,5.55591
"PPP1R10",5.2134,4.97654,4.19757
"PPP1R11",5.87448,5.0678,4.70547
"PPP1R12A",5.80338,6.18719,5.36529
"PPP1R12B",4.62663,4.77212,4.11506
"PPP1R12C",4.70656,4.72676,4.4613
"PPP1R13B",4.70975,4.42278,4.3533
"PPP1R13L",3.96975,4.24074,3.62338
"PPP1R14A",4.43344,4.26058,2.70301
"PPP1R14B",4.6753,4.71836,5.10098
"PPP1R14C",2.99967,2.80597,2.85719
"PPP1R14D",2.40615,2.63261,2.51784
"PPP1R15A",6.03596,4.25783,4.85472
"PPP1R15B",4.53943,3.83352,3.51216
"PPP1R16A",4.52009,4.37102,4.21763
"PPP1R16B",3.22497,3.3221,3.30356
"PPP1R1A",3.90228,4.37467,4.45662
"PPP1R1B",4.28898,4.64269,4.88558
"PPP1R1C",2.21013,2.15191,2.80908
"PPP1R2",3.39837,4.44758,3.68324
"PPP1R2P1",1.96211,1.97658,1.73501
"PPP1R2P3",2.40926,2.24182,2.28128
"PPP1R2P9",3.05045,2.80344,3.08683
"PPP1R3A",1.35097,1.71314,1.59904
"PPP1R3B",3.91682,4.24444,4.29938
"PPP1R3C",3.38816,3.98228,3.02918
"PPP1R3D",5.23367,5.00091,4.82166
"PPP1R3E",2.96703,3.52687,3.04241
"PPP1R3F",3.14223,3.28203,3.1357
"PPP1R7",4.92888,5.09471,4.60257
"PPP1R8",3.9112,4.57801,3.92788
"PPP1R9A",3.31879,3.70816,3.91875
"PPP1R9B",3.98876,4.00247,3.81908
"PPP2CA",5.79566,5.23313,4.96087
"PPP2CB",3.66334,3.65756,3.05021
"PPP2R1A",5.40103,5.03449,5.00645
"PPP2R1B",5.05039,4.9532,4.60252
"PPP2R2A",4.31696,4.08902,4.03527
"PPP2R2B",2.42838,2.31967,2.82536
"PPP2R2C",2.85367,2.39443,2.44083
"PPP2R2D",4.79366,4.50141,4.37439
"PPP2R3A",2.59062,2.74014,2.2199
"PPP2R3B",3.14771,2.73156,2.99853
"PPP2R3C",2.57348,2.84863,2.7145
"PPP2R4",3.88803,4.20033,4.42275
"PPP2R5A",2.40331,2.71073,3.09052
"PPP2R5B",4.15546,4.12536,4.64113
"PPP2R5C",5.33118,4.93352,5.15622
"PPP2R5D",4.01174,4.71002,4.10317
"PPP2R5E",4.83138,5.31313,5.65384
"PPP3CA",6.74868,6.63431,6.88254
"PPP3CB",3.0774,3.50196,2.91094
"PPP3CC",3.18951,4.0078,3.25773
"PPP3R1",2.74446,2.9218,2.83974
"PPP3R2",2.95452,3.18175,3.12045
"PPP4C",4.46473,4.71012,4.23227
"PPP4R1",3.76017,3.69203,4.09368
"PPP4R1L",1.90282,1.45326,2.11957
"PPP4R2",4.04353,4.11465,4.02124
"PPP4R4",1.461,1.76682,1.35495
"PPP5C",4.22159,3.94496,3.98816
"PPP6C",3.66493,4.47819,4.65675
"PPP6R1",4.98976,4.58354,3.86469
"PPP6R2",3.88918,3.85547,4.07775
"PPP6R3",5.30496,5.59863,5.03246
"PPPDE1",5.32802,4.70636,4.6463
"PPPDE2",3.85072,4.44533,3.87351
"PPRC1",4.88351,4.09616,4.29806
"PPT1",2.92173,3.45906,3.1654
"PPT2",2.96062,3.33147,2.86049
"PPTC7",3.5507,3.19638,3.55946
"PPWD1",3.88891,4.80304,4.20529
"PPY",2.71953,2.41352,2.38729
"PPY2",1.89845,2.09298,2.82813
"PPYR1",1.6139,2.61638,1.97337
"PQBP1",4.04651,4.16838,3.37679
"PQLC1",4.26118,4.11271,3.85028
"PQLC2",3.69313,3.98782,3.64222
"PQLC3",3.86483,4.65174,4.12125
"PRAC",3.86525,4.03353,4.25654
"PRAF2",3.1214,3.68489,3.71986
"PRAM1",3.65029,3.37731,3.71917
"PRAME",2.56719,2.05727,1.97515
"PRAMEF1",1.55682,1.78987,1.90323
"PRAMEF10",2.32381,2.50618,2.49666
"PRAMEF11",1.92614,1.99787,1.85195
"PRAMEF12",2.92667,2.49221,2.71551
"PRAMEF13",1.60732,1.61415,1.91209
"PRAMEF15",1.83389,1.95388,2.00697
"PRAMEF16",2.10511,1.66111,1.96765
"PRAMEF17",2.35118,1.98613,2.32242
"PRAMEF18",1.85552,1.9273,1.77475
"PRAMEF2",2.14934,2.13967,1.97873
"PRAMEF20",3.64677,2.58612,2.75086
"PRAMEF22",2.66247,1.93807,2.63671
"PRAMEF3",2.78812,2.21611,2.63571
"PRAMEF4",1.86521,1.94408,2.05997
"PRAMEF5",2.02577,2.07866,2.44482
"PRAMEF7",4.62339,4.06505,4.32521
"PRAMEL",2.31679,2.02997,2.18157
"PRAP1",4.61773,4.359,5.01217
"PRB1",4.97904,4.78385,4.97802
"PRB2",4.66167,4.51199,4.68357
"PRB3",5.60513,5.25609,5.58887
"PRB4",2.51237,3.07681,3.02585
"PRC1",3.35199,3.57561,3.08563
"PRCC",3.84261,3.50534,3.83092
"PRCP",3.53431,3.75907,3.26766
"PRDM1",3.66304,3.22467,3.50342
"PRDM10",3.12469,2.78355,3.86978
"PRDM11",3.63137,3.16717,3.85718
"PRDM12",3.82186,3.76896,3.62991
"PRDM13",4.31013,3.96842,4.15778
"PRDM14",2.78649,2.33966,2.91897
"PRDM15",3.15281,3.08431,3.76955
"PRDM16",3.04292,3.0924,2.98998
"PRDM2",4.1964,4.16521,4.10067
"PRDM4",3.35875,3.49268,3.36689
"PRDM5",3.29934,3.86807,3.53385
"PRDM6",3.09243,2.95764,3.31893
"PRDM7",2.15778,2.44643,2.55888
"PRDM8",4.82411,4.86888,4.71445
"PRDM9",2.1844,2.15502,2.21091
"PRDX1",5.1861,4.64682,4.89008
"PRDX2",3.65973,3.46554,3.64047
"PRDX3",4.75516,5.16184,4.39179
"PRDX4",4.30555,4.25052,3.81868
"PRDX5",4.92142,4.95971,4.92523
"PRDX6",6.22672,6.48369,6.82871
"PREB",4.51508,4.53216,4.6672
"PRELID1",5.82795,5.98797,5.6629
"PRELID2",1.82396,2.05541,2.05964
"PRELP",4.17603,4.88966,3.94987
"PREP",2.94855,2.9266,3.23708
"PREPL",4.48442,5.07682,4.2927
"PREX1",3.2162,3.04573,3.25591
"PREX2",3.55759,4.78124,3.93635
"PRF1",3.22607,3.11587,3.59309
"PRG2",2.54536,2.09259,2.12448
"PRG3",3.64883,2.49806,2.57009
"PRG4",2.13966,2.21155,1.72894
"PRH1",3.07602,3.64642,3.85677
"PRH2",3.63972,3.45911,3.3612
"PRHOXNB",1.94531,2.09258,2.7546
"PRIC285",4.0596,3.85274,3.69182
"PRICKLE1",3.3311,3.651,3.3052
"PRICKLE2",3.01061,3.37775,2.88503
"PRICKLE3",3.07063,2.89776,2.7829
"PRICKLE4",2.85129,3.12288,3.31389
"PRIM1",1.73791,2.36873,2.42488
"PRIM2",3.01508,3.09116,3.00199
"PRIMA1",3.51362,3.56486,3.38983
"PRKAA1",4.429,4.13832,3.82602
"PRKAA2",3.21212,2.67196,2.64504
"PRKAB1",3.87438,4.23691,4.34886
"PRKAB2",2.00335,2.88814,2.58715
"PRKACA",5.08536,4.26635,4.98033
"PRKACB",3.2112,3.70926,3.36588
"PRKACG",2.97354,2.78282,2.95269
"PRKAG1",4.20966,3.71764,3.60156
"PRKAG2",4.25606,4.975,4.76542
"PRKAG3",2.53032,2.59495,2.34157
"PRKAR1A",6.14385,6.38397,5.56564
"PRKAR1B",4.23095,4.1868,4.112
"PRKAR2A",4.03147,3.433,4.21823
"PRKAR2B",3.86948,4.42543,3.92553
"PRKCA",3.22128,4.08151,3.13629
"PRKCB",3.27793,3.47269,3.4136
"PRKCD",4.94869,5.22372,5.00006
"PRKCDBP",5.13909,5.6075,4.84575
"PRKCE",3.99968,3.28662,3.90399
"PRKCG",2.48736,2.2343,2.33325
"PRKCH",4.8134,4.78158,4.31287
"PRKCI",4.14468,3.89705,3.77316
"PRKCQ",1.87049,2.06781,2.26499
"PRKCSH",4.96778,4.58933,4.47415
"PRKCZ",4.10275,3.81133,4.06446
"PRKD1",4.40854,4.36256,4.38963
"PRKD2",3.65675,4.13933,3.69033
"PRKD3",2.38449,2.39929,2.22163
"PRKDC",4.21924,4.5553,3.88386
"PRKG1",2.10619,2.15108,2.25843
"PRKG2",1.89521,2.34243,1.92696
"PRKRA",3.3713,2.79015,3.52937
"PRKRIP1",3.99036,4.17121,3.78571
"PRKRIR",2.92911,3.77202,3.37939
"PRKX",2.97592,3.09224,2.83468
"PRKY",3.4113,3.12501,2.63602
"PRL",1.70195,1.94605,2.09058
"PRLH",4.03464,3.95269,4.18076
"PRLHR",2.45896,2.65639,1.96669
"PRLR",2.00895,2.53263,1.91628
"PRM1",3.33007,3.02937,2.97279
"PRM2",3.25728,3.15726,3.30801
"PRM3",3.37489,2.9873,3.14363
"PRMT1",5.11981,4.98085,5.06337
"PRMT10",2.30009,2.59858,2.82797
"PRMT2",3.96405,3.85742,3.41072
"PRMT3",2.37726,2.62798,2.40335
"PRMT5",3.59149,3.97076,3.71487
"PRMT6",3.41374,2.62541,2.81974
"PRMT7",3.1529,3.20459,3.37801
"PRMT8",3.02638,2.89153,3.25158
"PRND",2.80406,3.14638,3.07659
"PRNP",6.07875,5.66308,5.17825
"PRNT",1.39716,1.585,1.8181
"PRO0611",6.00022,4.94562,4.88039
"PRO1768",2.37507,2.60809,2.30167
"PRO2012",2.66555,2.26755,2.94545
"PRO2964",1.38956,1.13003,1.16476
"PROC",2.69304,2.26389,2.6131
"PROCA1",4.14952,3.75368,4.6217
"PROCR",5.09544,5.04134,4.48778
"PRODH",2.97249,2.65096,2.79427
"PRODH2",2.31802,2.63906,2.62195
"PROK1",2.92099,2.8479,2.74345
"PROK2",4.47632,4.01929,4.54821
"PROKR1",3.6361,3.60851,4.04425
"PROKR2",2.67992,3.0832,2.63243
"PROL1",1.78754,1.56542,1.70084
"PROM1",2.7925,1.52097,2.15558
"PROM2",4.82014,4.29324,4.51693
"PROP1",4.51473,4.58301,4.42151
"PRORSD1P",2.35756,3.56164,3.22044
"PROS1",3.11788,3.13811,2.97304
"PROSC",4.66517,4.30824,3.72295
"PROX1",1.85102,2.06287,2.07708
"PROX2",1.8904,1.89185,1.61292
"PROZ",1.97647,1.97776,2.44189
"PRPF18",3.14625,4.73622,3.36752
"PRPF19",5.40788,5.5345,5.55457
"PRPF3",4.57278,5.37167,4.82984
"PRPF31",3.322,3.24772,3.52563
"PRPF38A",3.69323,4.18114,3.57934
"PRPF38B",5.10948,5.30552,5.39946
"PRPF39",2.88685,4.14656,3.80546
"PRPF4",3.87958,3.42535,3.19925
"PRPF40A",4.13891,3.55503,3.54725
"PRPF40B",4.23388,4.53172,4.16466
"PRPF4B",4.10484,3.84649,4.36886
"PRPF6",4.75897,5.16064,4.88072
"PRPF8",4.87941,5.08585,4.72373
"PRPH",3.90722,3.9777,3.57138
"PRPH2",3.26846,2.55816,2.70587
"PRPS1",4.60923,4.50357,4.3173
"PRPS1L1",2.26904,2.28631,2.35594
"PRPS2",3.43312,3.50808,3.43614
"PRPSAP1",2.63073,3.2736,3.07259
"PRPSAP2",2.48203,3.05041,2.97953
"PRR11",2.33225,2.17582,2.62366
"PRR12",4.78167,5.26557,4.9877
"PRR13",5.55761,5.42518,5.39267
"PRR14",5.18264,5.05735,5.14991
"PRR15",3.83127,3.7622,3.95467
"PRR15L",3.24346,4.64319,4.11625
"PRR16",2.72637,2.96963,2.7831
"PRR18",4.0694,3.92033,3.82436
"PRR19",2.736,2.39646,2.78892
"PRR20A",2.49338,2.32626,2.3068
"PRR21",3.67244,3.6932,3.22003
"PRR22",3.71703,3.7517,4.4307
"PRR23A",3.36564,2.52253,1.9605
"PRR23B",2.68357,2.91661,2.92891
"PRR23C",1.82215,1.65068,2.02295
"PRR25",3.6204,3.565,3.95375
"PRR3",3.6458,3.77502,3.8159
"PRR4",4.29569,4.20233,4.03252
"PRR5",3.36277,3.337,3.72666
"PRR5L",1.66193,2.09786,2.36639
"PRR7",4.57692,4.47715,4.70391
"PRRC1",3.99824,4.39931,4.14086
"PRRG1",2.97069,3.33887,2.97468
"PRRG2",2.54117,2.2887,2.93278
"PRRG3",3.4366,3.20553,3.3193
"PRRG4",2.8343,3.10191,3.2603
"PRRT1",3.92306,4.03692,4.185
"PRRT2",4.92748,5.7847,5.56145
"PRRT3",3.36346,3.17872,2.87932
"PRRX1",4.35341,3.6786,4.09659
"PRRX2",4.29209,4.66893,4.1761
"PRSS1",2.1982,2.6698,3.02119
"PRSS12",2.38154,2.40568,2.27082
"PRSS16",3.0447,2.39919,2.98712
"PRSS2",2.48852,3.15873,2.95491
"PRSS21",4.28274,4.0906,4.53784
"PRSS22",4.39513,4.11035,4.00267
"PRSS23",4.47637,5.47809,5.26743
"PRSS27",4.67953,4.59135,4.51915
"PRSS29P",4.72796,4.69809,4.7066
"PRSS3",4.28787,3.40812,4.07584
"PRSS30P",3.90314,3.68261,4.23273
"PRSS33",3.81829,3.37588,4.36158
"PRSS35",1.71929,1.80145,1.83934
"PRSS36",3.96604,3.9179,3.77908
"PRSS37",2.74309,2.15165,2.39271
"PRSS38",2.22889,2.4994,2.29029
"PRSS41",4.57059,4.48623,4.37171
"PRSS42",5.22639,5.24052,5.26211
"PRSS45",3.02583,2.80889,2.82633
"PRSS48",3.69989,3.45749,3.14897
"PRSS50",4.64676,5.70265,4.46607
"PRSS53",3.51119,3.76268,3.5968
"PRSS54",3.588,2.83447,2.91696
"PRSS55",1.82681,1.54849,2.00235
"PRSS8",4.83326,4.2709,4.2077
"PRSSL1",4.07752,4.15023,4.28922
"PRTFDC1",1.73721,2.19641,1.52016
"PRTG",2.36088,2.14589,2.09025
"PRTN3",3.81934,3.38261,3.80679
"PRUNE",3.2133,2.59503,3.10774
"PRUNE2",5.67188,4.76965,4.90086
"PRX",4.267,4.15233,4.40427
"PRY",2.2935,2.42206,2.53471
"PS1TP4",4.68396,3.9603,6.10279
"PSAP",6.37562,6.37568,5.67352
"PSAPL1",2.44422,2.48624,2.86229
"PSAT1",2.62364,2.07586,2.52303
"PSCA",3.83352,4.03967,4.0214
"PSD",2.86775,3.0638,3.18728
"PSD2",2.86227,2.66345,2.83071
"PSD3",3.003,3.36794,2.98082
"PSD4",3.60762,3.13518,3.84378
"PSEN1",4.01211,3.39736,3.72956
"PSEN2",4.33357,4.35668,4.10353
"PSENEN",4.52199,4.81438,4.30073
"PSG1",1.75258,1.50919,1.61814
"PSG11",2.02553,1.64609,1.09349
"PSG2",1.50273,2.25845,1.99755
"PSG3",0.995291,1.17321,1.89038
"PSG4",3.26833,3.19287,3.15661
"PSG5",2.28168,2.16147,2.39466
"PSG6",2.01907,1.95985,1.75012
"PSG7",2.67441,2.74688,2.6474
"PSG8",1.37526,1.38155,1.42288
"PSG9",3.69914,3.71574,3.84332
"PSIP1",3.87276,4.35324,4.28631
"PSKH1",4.28255,3.98996,4.46272
"PSKH2",2.66351,2.03239,1.81796
"PSMA1",3.84668,4.5468,3.89459
"PSMA2",3.3454,3.05281,3.0312
"PSMA3",5.26917,5.28813,5.44712
"PSMA4",3.72004,4.35585,4.32103
"PSMA5",2.60172,3.09813,2.92249
"PSMA6",4.83262,5.26416,4.09652
"PSMA7",5.29316,4.88396,4.48459
"PSMA8",1.62155,1.62412,1.5085
"PSMB1",3.64978,3.37034,3.32223
"PSMB10",3.95006,3.80248,3.75792
"PSMB11",1.83838,1.808,1.38913
"PSMB2",5.08891,5.11407,5.91465
"PSMB3",5.15204,4.8347,3.80929
"PSMB4",5.52534,6.06892,5.64973
"PSMB5",3.79201,3.83252,3.83168
"PSMB6",4.73712,3.91868,4.94239
"PSMB7",5.12288,4.62714,4.61765
"PSMB8",3.55635,2.82427,3.36938
"PSMB9",4.13968,3.53254,3.97555
"PSMC1",5.86532,5.65999,5.36778
"PSMC2",5.03675,4.88195,4.90926
"PSMC3",3.90104,3.75151,3.49763
"PSMC3IP",3.11606,3.7726,2.90123
"PSMC4",4.28355,4.30143,4.13782
"PSMC5",5.10137,5.72004,4.81726
"PSMC6",3.56337,3.62034,3.90623
"PSMD1",3.69968,3.15192,2.76662
"PSMD10",2.36471,3.23148,2.55903
"PSMD11",5.05555,5.35281,4.80914
"PSMD12",4.77379,5.29835,4.66714
"PSMD13",4.56174,4.97274,4.16228
"PSMD14",3.50052,2.73721,3.09417
"PSMD2",4.41467,3.21922,3.07065
"PSMD3",4.44199,4.96015,4.39076
"PSMD4",3.76952,4.24686,4.88464
"PSMD5",3.27379,3.49756,2.61976
"PSMD6",4.09609,3.98829,3.85599
"PSMD7",4.92087,5.37391,5.58104
"PSMD8",5.56122,4.7903,5.22646
"PSMD9",3.12646,3.16176,2.89756
"PSME1",5.95126,5.85823,5.59664
"PSME2",6.3565,5.77271,6.01688
"PSME3",3.94439,3.4933,3.11966
"PSME4",4.37827,3.89232,3.77141
"PSMF1",4.11268,3.70213,3.43583
"PSMG1",4.19406,3.79366,4.33858
"PSMG2",3.95307,4.33273,4.11731
"PSMG3",3.57271,3.54524,3.53885
"PSMG4",4.29828,4.71125,4.47373
"PSORS1C1",2.89267,3.28608,2.71909
"PSORS1C2",4.48284,4.32888,4.89821
"PSORS1C3",1.5819,1.27192,1.7993
"PSPC1",3.86377,4.19941,4.14578
"PSPH",2.70199,4.09453,4.16321
"PSPN",4.13431,3.57029,3.77263
"PSRC1",3.23474,3.86352,3.33279
"PSTK",2.00922,2.07205,1.96823
"PSTPIP1",3.22417,3.11968,2.94433
"PSTPIP2",2.67242,2.81392,2.87198
"PTAFR",4.08268,3.9817,3.92964
"PTAR1",3.70871,4.22096,3.9675
"PTBP1",5.20369,4.91254,4.789
"PTBP2",2.54296,3.19066,3.10569
"PTCD1",3.84254,3.43831,4.06487
"PTCD2",2.9438,2.9876,2.99422
"PTCD3",3.27541,4.41362,3.50105
"PTCH1",3.48862,3.84345,3.62501
"PTCH2",5.11412,5.10892,4.16491
"PTCHD1",2.73991,2.8888,3.34651
"PTCHD2",3.043,2.97239,3.12513
"PTCHD3",1.597,1.83015,1.4588
"PTCRA",4.5498,4.44098,4.59602
"PTDSS1",2.28465,2.82909,2.56107
"PTDSS2",2.94803,3.12377,3.43852
"PTEN",5.38806,5.86167,5.16305
"PTENP1",4.96968,5.65131,4.96236
"PTER",2.89182,3.05992,3.22785
"PTF1A",4.82117,4.8872,4.47887
"PTGDR",2.38665,2.09907,1.64772
"PTGDS",5.41205,5.63523,5.1981
"PTGER1",4.00697,2.98512,3.83417
"PTGER2",3.52044,4.20047,3.08957
"PTGER3",2.33277,2.17213,2.49469
"PTGER4",3.78102,3.90614,3.88504
"PTGES",3.77876,3.3559,3.66011
"PTGES2",4.06621,3.99393,3.66075
"PTGES3",4.43955,5.1759,4.30576
"PTGFR",2.22415,2.36669,1.90518
"PTGFRN",4.26674,4.31887,4.16983
"PTGIR",3.90418,3.08763,4.23888
"PTGIS",3.21242,3.90745,3.74366
"PTGR1",3.35912,4.20629,3.53758
"PTGR2",3.07856,3.88274,3.51507
"PTGS1",3.03682,3.18856,2.94029
"PTGS2",6.38705,2.70405,4.78338
"PTH",1.49319,1.62954,1.47539
"PTH1R",2.87281,3.26205,3.23608
"PTH2",4.84714,4.53622,5.13915
"PTH2R",2.11862,1.84828,2.50075
"PTHLH",2.02305,1.92311,2.11208
"PTK2",5.45924,5.24201,5.09276
"PTK2B",3.5745,3.81966,3.73038
"PTK6",3.8243,3.79531,3.59534
"PTK7",4.76772,4.75338,4.69404
"PTMA",7.68773,7.71909,7.78604
"PTMAP5",6.44399,6.48911,6.20178
"PTMS",8.89572,8.93808,8.54692
"PTN",5.45784,6.04441,5.7528
"PTOV1",4.68159,4.49438,4.79094
"PTP4A1",6.83769,4.85014,6.13333
"PTP4A2",6.02018,5.41686,5.7171
"PTP4A3",5.78012,5.1744,5.77362
"PTPDC1",3.80584,3.6911,3.61352
"PTPLA",3.63517,3.33664,3.53255
"PTPLAD1",3.34974,3.92888,3.073
"PTPLAD2",2.25966,2.28733,2.18746
"PTPLB",4.15854,4.7225,4.22432
"PTPMT1",4.31519,3.39877,3.32749
"PTPN1",5.63461,5.74068,5.51503
"PTPN11",5.13462,5.88615,5.53097
"PTPN12",3.40208,4.14227,3.1856
"PTPN13",4.86049,5.13323,4.81725
"PTPN14",3.81969,4.058,3.233
"PTPN18",4.11165,4.75104,4.49817
"PTPN2",3.71712,3.43165,3.54934
"PTPN20A",1.32923,1.57082,1.41463
"PTPN20B",1.59616,1.53386,1.38805
"PTPN21",3.21436,3.51961,2.83008
"PTPN22",1.56464,1.8737,1.52833
"PTPN23",4.31225,4.57096,4.68745
"PTPN3",3.84033,3.24304,3.6671
"PTPN4",2.99432,3.4921,2.99612
"PTPN5",2.91378,2.38975,2.9451
"PTPN6",4.51087,4.19448,4.83706
"PTPN7",2.76016,3.07413,2.94832
"PTPN9",2.53319,3.19346,3.02117
"PTPRA",3.50394,3.75524,3.58409
"PTPRB",2.71689,2.61136,2.83618
"PTPRC",3.25693,3.34841,3.26349
"PTPRCAP",5.00901,4.97457,4.85542
"PTPRD",2.56436,2.6356,2.7389
"PTPRE",2.77367,2.71442,2.39716
"PTPRF",5.02544,4.53622,5.08834
"PTPRG",3.72834,3.86156,2.94569
"PTPRH",3.09937,3.36496,3.12898
"PTPRJ",3.74393,4.28407,4.26164
"PTPRK",3.9765,3.84556,3.8679
"PTPRM",4.22967,4.77099,4.45407
"PTPRN",3.38703,2.83194,3.47551
"PTPRN2",4.19876,3.63038,4.38447
"PTPRO",1.94081,1.649,1.52211
"PTPRR",1.73891,1.75763,1.8455
"PTPRS",4.76068,4.86164,4.37674
"PTPRT",2.95707,2.94451,2.69213
"PTPRU",3.6764,3.32366,3.64957
"PTPRZ1",1.46834,1.54115,1.74696
"PTRF",5.00169,5.05407,4.27278
"PTRH1",3.4852,3.68417,3.17055
"PTRH2",2.86054,2.99711,3.20636
"PTS",4.36131,4.34192,3.95542
"PTTG1",3.26165,3.41491,3.08771
"PTTG1IP",5.68178,5.91233,5.59541
"PTTG2",1.63271,1.30962,1.38473
"PTTG3P",3.28617,2.68798,3.03403
"PTX3",1.31866,1.97212,1.85307
"PTX4",2.84141,3.25266,2.94893
"PUF60",5.53195,5.07137,5.5803
"PUM1",5.17539,5.14845,4.65169
"PUM2",4.5576,4.40855,4.63185
"PURA",5.12929,5.31654,5.6179
"PURB",4.63388,4.48661,4.04096
"PURG",2.4514,2.6607,2.81331
"PUS1",3.26141,3.19926,3.92973
"PUS10",1.96025,1.95253,2.21345
"PUS3",2.02139,2.38296,1.9445
"PUS7",1.66468,2.47901,2.14337
"PUS7L",2.09927,3.03741,2.89955
"PUSL1",4.32442,4.2242,4.66792
"PVALB",1.87381,1.75885,2.11296
"PVR",4.17482,3.3698,3.71501
"PVRIG",4.71307,4.59467,4.93996
"PVRL1",3.59303,3.38396,3.75914
"PVRL2",4.59267,3.78288,4.36924
"PVRL3",4.78826,4.5572,4.26326
"PVRL4",3.10372,2.82407,3.02908
"PWP1",3.20955,3.95545,3.29764
"PWP2",3.19888,2.91377,3.38831
"PWWP2A",4.15748,4.46007,4.46646
"PWWP2B",3.63378,3.31875,3.29075
"PXDN",3.92341,4.48552,4.11484
"PXDNL",2.36772,2.26421,2.40941
"PXK",3.51747,4.78456,3.51208
"PXMP2",4.2506,4.10651,3.99164
"PXMP4",3.0161,3.33624,2.96035
"PXN",4.49454,4.14071,4.1125
"PXT1",1.48413,1.30712,1.315
"PYCARD",3.1712,2.66743,2.51255
"PYCR1",3.96961,3.67178,3.64207
"PYCR2",4.79521,4.49841,4.77854
"PYCRL",3.64182,3.28707,4.02131
"PYDC1",2.36777,2.28834,2.17258
"PYDC2",2.02029,2.05215,2.15446
"PYGB",4.72253,4.9382,3.75336
"PYGL",2.78164,2.88018,3.37003
"PYGM",2.61196,2.22553,2.28321
"PYGO1",5.1446,5.11528,5.03003
"PYGO2",3.47186,3.66691,3.82388
"PYHIN1",2.48989,2.65966,3.51703
"PYROXD1",2.4225,2.11569,2.33981
"PYROXD2",4.1295,4.16567,3.86629
"PYY",3.52553,3.20635,3.41989
"PYY2",4.39611,4.70702,5.0189
"PZP",2.56371,2.84649,3.08171
"ProSAPiP1",4.06833,3.91352,4.25309
"QARS",5.16487,5.99188,5.263
"QDPR",3.7119,4.10904,3.86384
"QKI",3.75583,4.08959,3.89837
"QPCT",2.77854,2.48831,2.73877
"QPCTL",4.45435,4.01163,4.21763
"QPRT",3.78486,3.52221,3.78485
"QRFP",4.73293,4.15044,4.6212
"QRFPR",1.58245,1.6462,1.93298
"QRICH1",4.34359,4.36115,3.9114
"QRICH2",3.09437,2.98716,3.35297
"QRSL1",2.58781,3.6688,3.29893
"QSER1",3.75315,3.37966,2.92765
"QSOX1",3.80196,4.08576,3.89852
"QSOX2",2.78607,2.93,3.02458
"QTRT1",4.4373,4.51706,4.14566
"QTRTD1",2.46227,2.60595,2.43864
"R3HCC1",4.8018,4.2327,4.04194
"R3HDM1",4.49645,4.34149,4.20081
"R3HDM2",5.30444,6.09177,5.26371
"R3HDML",2.41785,2.05593,2.1982
"RAB10",5.62693,5.34661,5.00717
"RAB11A",4.51095,4.80846,4.66167
"RAB11B",5.4246,5.58322,5.66071
"RAB11FIP1",3.62589,3.63947,4.01797
"RAB11FIP2",3.99134,5.21435,4.06228
"RAB11FIP3",3.93568,3.98348,4.14363
"RAB11FIP4",3.70747,2.93962,3.27491
"RAB11FIP5",4.54963,4.562,4.28335
"RAB12",3.00016,3.11622,2.96354
"RAB13",5.37427,5.34286,4.99921
"RAB14",5.03922,5.48728,4.91527
"RAB15",3.61098,3.37734,3.04002
"RAB17",3.12065,2.80648,2.66838
"RAB18",4.82278,4.96106,4.46613
"RAB19",4.26365,3.40208,4.175
"RAB1A",5.8446,5.75883,5.43544
"RAB1B",5.119,5.29718,4.73447
"RAB1C",2.43034,2.71402,1.83146
"RAB20",4.35765,3.7937,4.54704
"RAB21",3.7648,3.78006,3.2777
"RAB22A",4.53407,4.53145,4.13959
"RAB23",3.49574,3.62461,3.11289
"RAB24",3.76544,4.08442,4.117
"RAB25",3.37059,4.09224,3.4645
"RAB26",4.05323,4.46835,4.49451
"RAB27A",4.4002,3.73418,4.17731
"RAB27B",3.60834,3.6797,3.55818
"RAB28",2.6336,2.64144,2.07566
"RAB2A",5.98834,5.54134,5.17648
"RAB2B",3.55677,4.01027,3.57318
"RAB30",3.20409,3.36703,3.07604
"RAB31",3.68223,4.27877,4.39562
"RAB32",2.5718,2.80798,2.54826
"RAB33A",3.02405,2.76893,2.50472
"RAB33B",4.54596,3.56664,3.87772
"RAB34",3.16676,2.98644,2.74191
"RAB35",4.46667,5.04724,4.26909
"RAB36",3.1443,3.01027,3.28966
"RAB37",2.55404,2.8728,3.11972
"RAB38",2.6327,2.23062,2.47087
"RAB39",2.20647,2.32102,1.72149
"RAB39B",1.77723,1.6819,1.95422
"RAB3A",3.44213,3.10045,3.51362
"RAB3B",4.10525,4.99472,4.84746
"RAB3C",1.91426,1.84159,2.25531
"RAB3D",4.56194,4.14488,4.13711
"RAB3GAP1",3.54292,4.22632,4.02612
"RAB3GAP2",2.5661,3.15318,3.21893
"RAB3IL1",3.51895,3.25693,3.23263
"RAB3IP",3.4028,3.74562,3.95364
"RAB40A",3.66049,3.82753,3.31793
"RAB40AL",2.77316,2.63845,2.85743
"RAB40B",3.67337,3.81358,3.4175
"RAB40C",3.87249,4.23092,3.17912
"RAB41",1.87679,1.81914,1.61228
"RAB42",2.12117,2.45757,2.65447
"RAB43",2.51607,3.264,2.75357
"RAB44",2.53857,2.4175,2.92115
"RAB4A",4.88916,5.08837,4.78072
"RAB4B",3.00672,3.13416,2.83869
"RAB5A",5.89702,5.05538,4.61159
"RAB5B",4.45774,5.00475,4.66106
"RAB5C",5.0869,4.79189,4.40684
"RAB6A",4.63915,5.13482,4.57644
"RAB6B",3.19253,3.35726,3.22735
"RAB6C",5.71486,5.90346,5.45945
"RAB7A",4.81281,4.93289,4.63659
"RAB7L1",4.13397,4.78265,3.52215
"RAB8A",3.83349,3.76686,3.33948
"RAB8B",5.05878,4.64084,4.7667
"RAB9A",2.89476,3.29096,3.24841
"RAB9B",3.39405,3.29708,3.42588
"RAB9BP1",1.35024,1.22702,1.42266
"RABAC1",5.08383,4.70668,4.92761
"RABEP1",4.69776,5.23209,4.54317
"RABEP2",4.09121,3.58408,3.9079
"RABEPK",2.81943,2.736,3.06866
"RABGAP1",5.13673,5.82954,5.13224
"RABGAP1L",3.12691,3.16789,3.02593
"RABGEF1",4.51071,3.62002,3.71564
"RABGGTA",3.59831,2.99961,3.98568
"RABGGTB",2.98655,3.59998,2.84404
"RABIF",2.8398,2.66638,1.93487
"RABL2A",5.02201,5.01827,4.44398
"RABL2B",4.48705,4.29993,4.07974
"RABL3",3.67077,3.39879,4.7011
"RABL5",3.99344,3.34727,3.65415
"RAC1",4.01076,4.50867,3.94805
"RAC2",4.65681,4.86623,4.40609
"RAC3",4.30424,3.99898,4.23705
"RACGAP1",2.50085,2.10763,2.47627
"RACGAP1P",1.73223,1.2072,1.92375
"RAD1",4.32288,4.1876,4.28783
"RAD17",2.72092,2.82869,2.73123
"RAD18",3.32926,3.56728,3.76045
"RAD21",4.07594,4.8213,4.07359
"RAD21L1",2.17124,2.33978,2.2614
"RAD23A",4.73173,4.83732,4.03657
"RAD23B",4.92036,4.88194,4.78174
"RAD50",4.11749,4.77796,4.06513
"RAD51",1.57415,1.59281,1.51605
"RAD51AP1",1.85123,1.79674,2.05262
"RAD51C",3.2181,2.71881,2.70033
"RAD51L1",2.98813,3.34984,3.31719
"RAD51L3",2.35563,2.61287,2.59374
"RAD52",4.11189,4.8259,4.08387
"RAD54B",2.22411,2.1777,2.13042
"RAD54L",3.22664,2.99774,3.48016
"RAD54L2",3.25943,3.71829,3.37092
"RAD9A",3.49637,3.57347,3.46747
"RAD9B",1.42576,1.6975,1.57646
"RADIL",2.97477,2.88167,2.91016
"RAE1",2.41041,2.51866,2.16739
"RAET1E",1.98754,1.99409,1.91612
"RAET1G",4.56439,4.20561,4.78575
"RAET1L",4.95893,4.51383,4.84183
"RAF1",4.42039,5.09289,4.32351
"RAG1",1.94057,1.8249,2.03296
"RAG1AP1",5.05673,4.07878,4.70721
"RAG2",1.76808,1.57038,1.46988
"RAGE",2.91526,2.56412,2.17589
"RAI1",3.81104,4.25742,4.00264
"RAI14",3.37736,3.2599,3.96092
"RAI2",4.8975,4.69631,4.68415
"RALA",2.44526,2.87721,2.36634
"RALB",4.5578,4.51559,4.18357
"RALBP1",4.40278,4.31355,4.09176
"RALGAPA1",3.8374,4.20944,3.7854
"RALGAPA2",4.63084,4.88651,4.8433
"RALGAPB",5.13774,5.42317,5.27489
"RALGDS",5.0817,3.89668,4.23327
"RALGPS1",3.16404,2.8608,2.88495
"RALGPS2",3.09342,2.86922,3.37972
"RALY",5.73199,5.45934,5.23004
"RALYL",1.85062,2.15604,1.76751
"RAMP1",4.48692,4.22334,4.38115
"RAMP2",5.21803,4.20042,4.54716
"RAMP3",4.344,3.28316,3.95876
"RAN",3.65876,3.79093,3.39881
"RANBP1",3.6358,3.69261,3.98505
"RANBP10",4.89479,4.86479,4.897
"RANBP17",2.18784,2.8417,2.43534
"RANBP2",4.65627,3.85102,4.48645
"RANBP3",4.70883,5.05861,4.7929
"RANBP3L",3.00341,3.75859,4.50545
"RANBP6",3.16128,2.67374,2.97266
"RANBP9",6.09918,5.47959,5.93297
"RANGAP1",3.92398,3.81588,3.70699
"RANGRF",4.48923,4.18849,4.19146
"RAP1A",4.57718,4.26272,3.24734
"RAP1B",5.2044,4.69769,4.492
"RAP1GAP",4.42043,3.91932,3.9165
"RAP1GAP2",3.62127,3.93511,3.6718
"RAP1GDS1",2.71136,3.15702,2.47694
"RAP2A",3.18992,3.83392,3.76931
"RAP2B",4.29689,3.96831,4.11489
"RAP2C",3.80688,3.63723,4.16509
"RAPGEF1",2.96702,2.73171,2.71412
"RAPGEF2",3.99952,4.42008,3.82683
"RAPGEF3",3.80335,3.13997,3.6824
"RAPGEF4",2.30408,2.71047,2.37378
"RAPGEF5",2.89641,2.93336,2.77411
"RAPGEF6",3.72259,3.75317,3.03398
"RAPGEFL1",2.45725,3.26975,2.57343
"RAPH1",4.17416,4.78019,4.12513
"RAPSN",3.00604,2.57474,3.07491
"RARA",4.77397,4.37197,4.65843
"RARB",2.86738,2.54037,2.6042
"RARG",2.44206,2.21615,2.32095
"RARRES1",4.13143,3.88621,3.7032
"RARRES2",5.51243,6.09325,5.51125
"RARRES3",3.67272,3.05086,3.76466
"RARS",3.64364,3.69806,3.65742
"RARS2",3.51005,4.48707,3.45237
"RASA1",5.23425,4.58415,4.65076
"RASA2",3.17174,3.88221,3.1884
"RASA3",2.92067,2.83125,2.25971
"RASA4",4.82053,4.48153,4.47523
"RASAL1",3.3189,2.73872,2.92133
"RASAL2",2.89316,3.26128,3.00312
"RASAL3",2.87932,2.98485,3.74369
"RASD1",4.21598,4.65057,4.25924
"RASD2",3.86849,4.62307,4.18889
"RASEF",4.56915,4.10477,4.07457
"RASGEF1A",3.11638,2.56963,2.94363
"RASGEF1B",2.86239,2.57238,2.83918
"RASGEF1C",2.96447,2.6226,2.88294
"RASGRF1",2.58666,3.21623,2.72004
"RASGRF2",3.82904,4.34405,3.74836
"RASGRP1",2.51588,2.72884,2.6806
"RASGRP2",4.00564,4.00594,4.24726
"RASGRP3",1.69773,1.90774,1.64826
"RASGRP4",3.02023,3.10024,3.14558
"RASIP1",2.99432,2.81872,2.8359
"RASL10A",3.13752,3.17874,3.24296
"RASL10B",4.41897,3.85716,4.4403
"RASL11A",2.95692,2.49127,2.65517
"RASL11B",2.39184,2.41298,2.09253
"RASL12",3.6018,3.21992,3.10001
"RASSF1",2.9609,2.76789,3.44438
"RASSF10",2.45763,2.32916,2.79497
"RASSF2",3.05324,2.69199,3.07461
"RASSF3",3.46856,4.46833,3.40927
"RASSF4",2.95785,2.63589,2.47703
"RASSF5",2.84334,2.87166,3.0015
"RASSF6",2.42897,2.46861,2.62236
"RASSF7",3.97948,3.62499,4.42644
"RASSF8",4.59917,4.50772,4.37774
"RASSF9",1.69676,2.27463,2.3789
"RAVER1",4.72039,4.27969,4.67343
"RAVER2",3.7004,3.77662,3.63506
"RAX",2.86808,2.75073,3.32783
"RAX2",4.55075,4.64276,4.4605
"RB1",5.3315,4.86183,4.16473
"RB1CC1",3.98761,4.63548,4.49607
"RBAK",3.06927,4.10055,3.5154
"RBBP4",4.07773,5.27266,4.42942
"RBBP5",2.57324,2.92038,2.60185
"RBBP6",4.41433,4.7174,3.90506
"RBBP7",5.89494,5.95582,5.1004
"RBBP8",3.4671,3.44767,3.15008
"RBBP9",2.2847,2.39246,2.35167
"RBCK1",4.35955,4.27923,4.72983
"RBFA",3.43053,3.58839,3.6916
"RBFOX1",1.98568,2.22988,2.08464
"RBFOX2",5.02834,5.0889,4.66511
"RBFOX3",3.47994,3.41165,3.6286
"RBKS",2.75758,2.20296,2.86142
"RBL1",2.08024,2.61841,2.95348
"RBL2",4.87207,4.59183,5.02692
"RBM10",4.17657,4.43454,4.50649
"RBM11",1.61519,1.40131,1.5451
"RBM12B",3.06765,4.02154,3.56137
"RBM14",3.50469,3.43346,3.19738
"RBM15",2.94021,4.34972,3.62276
"RBM15B",3.02302,2.97515,2.67617
"RBM16",5.28245,5.31073,4.75403
"RBM17",3.35141,3.89339,3.43427
"RBM18",5.08068,4.52535,4.38763
"RBM19",3.4682,3.57331,3.48219
"RBM22",3.46644,4.26457,3.53518
"RBM23",4.56034,3.91188,4.33038
"RBM24",2.46967,3.1036,2.10216
"RBM25",5.33665,5.56969,5.58646
"RBM26",4.57215,5.57462,5.04602
"RBM27",4.68685,4.95506,4.05331
"RBM28",3.19325,3.64701,3.30773
"RBM3",3.66265,3.81511,3.66432
"RBM33",4.03245,3.77153,3.64681
"RBM34",4.41918,4.75368,4.16969
"RBM38",3.3429,3.2245,2.88773
"RBM39",6.4809,6.69095,6.5199
"RBM4",4.58726,4.55266,4.43604
"RBM41",2.49797,2.82778,2.52437
"RBM42",4.60735,4.12189,4.00717
"RBM43",1.73703,2.99673,2.17096
"RBM44",1.47472,1.59075,1.75237
"RBM45",2.20924,3.67805,2.54768
"RBM46",1.93323,1.46155,1.63548
"RBM47",5.48239,5.0659,5.48
"RBM4B",4.39551,5.49799,4.95665
"RBM5",5.07427,5.71119,5.13284
"RBM6",4.61547,5.5599,4.64
"RBM7",2.28838,2.00282,1.65973
"RBM8A",3.26071,2.76887,2.46864
"RBMS1",4.15885,5.22196,3.90253
"RBMS2",5.21102,6.20759,5.33718
"RBMS3",4.35508,5.66251,4.89423
"RBMX",4.49229,5.08789,4.695
"RBMX2",3.13059,5.42591,4.08883
"RBMXL2",4.11463,3.82588,4.3364
"RBMXL3",2.10227,2.02201,1.7074
"RBMY1A1",1.40796,1.3952,1.35182
"RBMY1A3P",2.20089,1.89168,1.86227
"RBMY1B",1.40484,1.41644,1.34836
"RBMY2EP",2.20409,1.03799,1.51769
"RBP1",3.68468,5.21428,3.97601
"RBP2",3.21615,2.99991,3.42279
"RBP3",2.74235,2.65533,3.01542
"RBP4",2.86694,3.23448,3.22278
"RBP5",5.75061,4.99098,4.72456
"RBP7",2.59612,2.92655,2.69687
"RBPJ",4.05118,4.23851,4.45607
"RBPJL",3.51671,3.26856,3.35572
"RBPMS",5.72071,6.15979,5.24414
"RBPMS2",4.68257,4.83127,4.46401
"RBX1",4.29406,4.66844,4.74578
"RC3H1",5.4413,5.1079,4.70933
"RC3H2",2.82932,2.90006,2.83856
"RCAN1",4.51538,3.85359,4.28621
"RCAN2",3.54798,4.28106,3.54191
"RCAN3",5.61331,5.38003,5.60301
"RCBTB1",2.50609,2.35388,2.4766
"RCBTB2",3.7779,3.35991,2.93518
"RCC1",3.9746,3.81836,3.30526
"RCC2",4.86724,4.97996,4.71932
"RCCD1",2.68862,2.75243,2.51574
"RCE1",3.1835,3.13374,3.05513
"RCHY1",1.77599,1.94773,2.15505
"RCL1",2.81172,2.85738,2.98004
"RCN1",5.65914,5.80751,5.38787
"RCN2",3.65214,4.29388,3.613
"RCN3",3.66825,3.58301,3.19037
"RCOR1",4.58099,4.71175,4.47949
"RCOR2",2.86704,2.82708,2.93339
"RCOR3",4.49247,4.86447,4.23683
"RCSD1",4.05354,4.18209,4.26214
"RCVRN",2.20618,2.44325,2.56133
"RD3",2.20952,2.30501,2.78838
"RDBP",3.62857,3.60007,3.80683
"RDH10",4.4577,2.73728,3.93955
"RDH11",6.80017,6.60528,6.62087
"RDH12",2.51045,2.43531,2.42132
"RDH13",4.15843,3.94516,3.76355
"RDH14",3.31237,3.954,3.45828
"RDH16",2.60002,2.23685,2.55659
"RDH5",3.37713,3.79045,3.55291
"RDH8",3.07389,2.77182,3.35052
"RDM1",1.31093,1.75375,1.70573
"RDX",4.17458,3.55035,4.1131
"REC8",3.66295,3.26915,3.71513
"RECK",3.39725,3.29613,3.38533
"RECQL",2.36115,3.00551,2.58191
"RECQL4",4.32811,3.8367,3.81612
"RECQL5",2.80184,2.89346,3.09898
"REEP1",4.00377,4.00769,3.64702
"REEP2",3.90375,4.31122,4.32734
"REEP3",5.71794,5.37377,5.56192
"REEP4",2.80839,3.14401,3.02179
"REEP5",5.29748,5.14811,4.89598
"REEP6",4.5555,4.40144,4.24632
"REG1A",2.29232,2.01669,2.21043
"REG1B",1.7813,1.60954,1.41713
"REG1P",1.4101,1.63334,1.50239
"REG3A",1.60647,1.96738,1.65764
"REG3G",2.71885,1.61894,2.34567
"REG4",2.34806,2.03169,2.35308
"REL",5.05637,4.29765,4.41512
"RELA",5.28057,4.6439,4.70009
"RELB",4.51665,3.86332,3.65521
"RELL1",4.12867,4.40887,4.14571
"RELL2",3.41558,3.15532,2.96572
"RELN",2.40568,2.31372,2.71305
"RELT",3.50643,3.48159,3.56012
"REM1",2.87563,2.79001,2.95671
"REM2",3.08785,2.69066,2.63817
"REN",2.2572,2.26943,2.86075
"RENBP",2.55708,2.43366,2.94534
"REP15",1.75578,2.33342,1.91901
"REPIN1",4.24922,4.43499,4.39543
"REPS1",3.90253,4.01319,3.70659
"REPS2",4.20948,4.28407,4.09214
"RER1",4.61771,4.82109,4.00345
"RERE",5.82503,5.58637,5.4743
"RERG",4.39628,4.0709,3.30973
"RERGL",1.38975,1.39221,1.48983
"RESP18",2.65985,2.25656,2.42201
"REST",4.65509,4.78664,4.60232
"RET",3.19112,2.80378,2.86544
"RETN",3.28392,3.49611,3.12498
"RETNLB",2.70159,2.5411,2.90597
"RETSAT",3.63166,4.01235,3.53175
"REV1",3.76668,3.416,3.01051
"REV3L",4.29716,4.89532,3.95377
"REXO1",4.41906,4.47098,4.40965
"REXO1L1",5.18257,5.02097,6.78614
"REXO1L2P",4.24625,3.81832,4.32034
"REXO2",3.94288,3.55895,3.78205
"REXO4",2.78132,2.93866,2.84506
"RFC1",5.88307,6.59901,5.72665
"RFC2",2.78567,3.00748,2.67449
"RFC3",2.41406,2.34117,3.08366
"RFC4",2.93191,3.5429,3.20057
"RFC5",2.81546,3.74042,3.43423
"RFESD",1.59011,2.19622,2.23694
"RFFL",3.56556,3.81676,3.75529
"RFK",3.71979,3.7655,3.45321
"RFNG",3.84372,4.18775,4.43284
"RFPL1",1.98061,2.14196,2.28769
"RFPL2",2.93601,1.83834,1.9071
"RFPL3",1.39766,1.35884,0.99104
"RFPL4A",1.88547,2.19569,2.09316
"RFPL4B",1.88008,1.84187,1.77006
"RFT1",3.94518,3.77718,3.80193
"RFTN1",3.15431,3.04043,3.17147
"RFTN2",1.95584,2.99429,1.90199
"RFWD2",2.83463,3.83176,2.79606
"RFWD3",2.78929,3.48797,2.75162
"RFX1",4.21429,3.71468,4.03897
"RFX2",4.00778,3.95551,3.76596
"RFX3",3.02931,3.4607,3.32818
"RFX4",1.91845,2.09137,2.49848
"RFX5",3.35012,3.97201,3.74688
"RFX6",1.46533,1.53949,1.86165
"RFX7",3.83382,4.24507,4.08247
"RFX8",1.72175,1.7357,2.01227
"RFXANK",3.36577,3.52675,3.48638
"RFXAP",2.91743,2.89333,2.55368
"RG9MTD1",3.78529,3.25415,3.8242
"RG9MTD2",1.61919,1.78608,1.77224
"RG9MTD3",3.25348,4.06224,3.3334
"RGAG1",2.44953,2.22302,2.02519
"RGAG4",3.12313,3.52836,3.09193
"RGL1",5.0381,4.91001,4.26004
"RGL2",3.6352,3.58295,3.47443
"RGL3",3.25022,3.83164,3.65446
"RGL4",2.96598,2.82445,3.1652
"RGMA",3.03744,3.4401,2.73594
"RGMB",3.88596,3.13248,3.25189
"RGN",2.52498,3.88321,2.37989
"RGNEF",2.93688,3.01229,2.78674
"RGP1",3.2415,4.56451,4.00003
"RGPD1",4.6886,4.23878,4.51503
"RGPD3",5.41649,4.83508,5.09031
"RGPD4",5.38273,4.79041,5.09043
"RGPD5",5.41169,5.06702,5.26117
"RGPD6",5.41819,5.06825,5.34741
"RGR",2.98559,2.29475,3.03831
"RGS1",5.25983,3.46416,6.11962
"RGS10",4.25569,5.01507,4.69606
"RGS11",3.67312,4.32507,3.59143
"RGS12",3.92293,3.72864,3.3945
"RGS13",2.4585,2.58648,2.62017
"RGS14",4.18045,3.8849,3.87915
"RGS16",3.83601,3.61539,4.41961
"RGS17",3.35909,3.13077,3.62176
"RGS18",1.86435,1.62206,2.02841
"RGS19",4.34018,3.75291,4.16206
"RGS2",5.43618,4.71051,4.73454
"RGS20",2.15773,1.89814,2.42865
"RGS21",1.89229,1.75435,1.92538
"RGS22",1.89818,2.6698,1.96826
"RGS3",3.79825,3.44956,3.60956
"RGS4",2.00374,2.31121,2.08742
"RGS5",4.46307,5.31178,4.87132
"RGS6",2.121,1.84955,1.89444
"RGS7",1.69025,1.70335,1.88889
"RGS7BP",3.05527,2.56642,2.43259
"RGS8",2.56483,2.30412,2.09138
"RGS9",2.7498,2.47031,2.64779
"RGS9BP",2.1454,1.92915,2.61903
"RGSL1",1.72245,1.67638,1.60849
"RHAG",2.22857,2.52205,2.89368
"RHBDD1",3.73961,3.70154,3.98253
"RHBDD2",5.19181,5.64967,5.5211
"RHBDD3",3.86958,3.82981,4.08
"RHBDF1",3.75981,4.29769,4.03826
"RHBDF2",2.89876,3.22371,2.94813
"RHBDL1",3.98881,3.95851,3.84009
"RHBDL2",2.1937,1.69068,1.79406
"RHBDL3",2.66977,2.36658,2.72924
"RHBG",3.25831,3.22143,3.74277
"RHCE",2.38843,1.9536,2.05493
"RHCG",2.92423,2.87144,2.89065
"RHD",1.77012,2.34786,1.98786
"RHEB",5.88874,5.69585,4.97776
"RHEBL1",1.95981,2.01931,1.78561
"RHO",2.47975,2.57347,2.45811
"RHOA",5.31375,5.57833,5.32403
"RHOB",6.27278,4.8783,5.87084
"RHOBTB1",2.96059,2.86618,2.5938
"RHOBTB2",4.15711,4.19311,3.87728
"RHOBTB3",5.05921,5.02546,5.11168
"RHOC",5.46099,5.46197,5.03834
"RHOD",4.74599,4.39674,4.22327
"RHOF",3.27341,2.79378,3.04918
"RHOG",5.14466,5.04643,4.60217
"RHOH",2.5247,2.11624,2.85597
"RHOJ",4.53347,5.03686,3.78977
"RHOQ",5.38144,5.07707,5.32342
"RHOT1",4.02453,4.14787,4.09987
"RHOT2",5.13447,5.59794,5.57124
"RHOU",5.44256,4.46484,4.81847
"RHOV",3.9599,3.84046,3.65872
"RHOXF1",2.71768,3.37071,2.48105
"RHOXF2",2.63861,2.77243,1.96942
"RHPN1",3.91505,4.45275,4.09603
"RHPN2",5.1521,4.50415,5.60399
"RIBC1",2.68817,2.77245,2.53102
"RIBC2",2.41791,1.69535,2.29033
"RIC3",3.08779,2.93229,3.31937
"RIC8A",3.06664,4.06732,4.07626
"RIC8B",3.15442,3.72579,2.8053
"RICTOR",3.27045,3.43075,3.06001
"RIF1",3.92081,4.33469,4.53038
"RILP",3.08656,3.47316,2.99922
"RILPL1",3.30542,4.391,3.18685
"RILPL2",3.67255,4.33125,3.72102
"RIMBP2",2.41156,3.00271,2.50295
"RIMBP3",2.5075,2.75977,2.64391
"RIMBP3C",1.85839,2.12921,2.05055
"RIMKLA",3.03961,2.9827,3.26596
"RIMKLB",4.84632,4.08838,4.26687
"RIMS1",2.2768,2.27628,2.09009
"RIMS2",2.57891,2.11847,2.83383
"RIMS3",3.16992,3.21804,4.01656
"RIMS4",3.59132,3.56071,3.79188
"RIN1",3.71891,3.45666,3.98529
"RIN2",4.29916,4.74988,4.30612
"RIN3",4.48794,4.76319,4.49356
"RING1",4.22624,3.78795,4.38184
"RINL",3.64645,3.26884,3.79812
"RINT1",1.94572,2.34684,1.89637
"RIOK1",3.43514,2.55968,2.84381
"RIOK2",2.18266,2.14857,2.01678
"RIOK3",4.42831,4.1399,4.15957
"RIPK1",3.28895,2.83575,2.8169
"RIPK2",3.74257,3.95374,3.65442
"RIPK3",2.50578,2.85887,2.73876
"RIPK4",2.81001,3.08844,3.07792
"RIPPLY1",3.78019,3.19597,4.10929
"RIPPLY2",2.59429,2.57289,2.47679
"RIT1",2.87494,4.19188,3.18368
"RIT2",1.82785,1.52399,1.85416
"RLBP1",2.64614,2.14654,2.65831
"RLF",3.91079,3.3765,3.26993
"RLIM",5.01515,4.90673,4.7377
"RLN1",2.56593,2.5406,3.76011
"RLN2",1.50036,1.80957,1.71556
"RLN3",4.1196,3.79423,3.82594
"RLTPR",3.6718,3.28414,4.01428
"RMI1",2.54269,2.58764,3.00472
"RMND1",1.73836,2.24747,1.85312
"RMND5A",3.40065,2.95135,2.55495
"RMND5B",3.87736,4.38967,3.97878
"RMRP",9.59014,10.1796,9.16822
"RN18S1",11.3703,11.5406,11.0368
"RN28S1",12.5601,12.6092,12.0236
"RN7SK",12.035,12.1013,12.2149
"RN7SL1",10.0802,10.3723,10.4153
"RNASE1",4.45366,4.7267,4.403
"RNASE10",1.3512,1.84686,1.67288
"RNASE11",1.56306,1.36918,1.59791
"RNASE12",1.85314,1.7422,1.63086
"RNASE13",1.96876,1.93799,1.97782
"RNASE2",1.35831,2.01791,1.62049
"RNASE3",3.97906,3.45795,4.08906
"RNASE6",2.36007,2.65019,2.09812
"RNASE7",2.7508,2.82842,2.99826
"RNASE8",1.73056,1.3879,1.96331
"RNASE9",1.82854,1.72809,1.92349
"RNASEH1",3.99458,3.09276,3.55517
"RNASEH2A",4.02946,3.67751,4.40214
"RNASEH2B",3.73127,3.18698,3.39671
"RNASEH2C",4.84831,5.25261,5.14058
"RNASEK",5.16528,5.21902,5.23375
"RNASEL",2.55702,2.77378,2.30843
"RNASET2",3.78763,3.86782,3.8287
"RND1",3.80375,2.92773,3.41184
"RND2",3.02318,2.91082,2.94734
"RND3",5.0466,4.78295,4.99456
"RNF10",5.36033,5.35668,5.1032
"RNF103",3.63653,4.02649,3.7349
"RNF11",5.23852,4.81566,4.61955
"RNF111",4.29923,4.13649,3.90117
"RNF112",1.95519,2.888,2.32232
"RNF113A",3.29856,3.03758,2.5252
"RNF113B",4.22203,2.96658,3.92898
"RNF114",3.68392,4.04612,3.68669
"RNF115",4.85595,5.58244,4.67928
"RNF121",3.00843,3.50816,3.4714
"RNF122",3.88246,2.29043,3.22415
"RNF123",3.2686,3.08205,3.65262
"RNF125",2.57111,2.58258,2.49062
"RNF126",4.67522,4.77913,4.91464
"RNF126P1",4.07798,3.50516,4.48524
"RNF128",1.93345,1.88932,1.67977
"RNF13",4.31768,4.4358,4.56538
"RNF130",4.29133,4.49279,3.88471
"RNF133",1.4525,1.3734,1.58716
"RNF135",3.42269,4.06319,3.82693
"RNF138",4.7122,4.23104,4.67269
"RNF139",4.04025,4.23468,3.7844
"RNF14",4.55996,5.53811,4.53999
"RNF141",4.1538,4.18046,4.22277
"RNF144A",2.95559,2.4943,2.94687
"RNF144B",5.32083,4.33334,4.20825
"RNF145",4.41672,4.25641,3.92512
"RNF146",3.56316,3.98368,3.54338
"RNF148",2.33559,2.1012,2.09626
"RNF149",3.54589,3.35588,3.82218
"RNF150",3.17015,3.85594,3.58828
"RNF151",3.0893,3.28955,3.2783
"RNF152",3.48129,3.27516,4.04339
"RNF157",3.60938,3.58195,3.6258
"RNF165",3.25177,2.84525,3.3661
"RNF166",3.90288,4.66789,4.89813
"RNF167",4.70462,4.77825,4.89267
"RNF168",4.22861,4.58002,4.4445
"RNF169",4.51823,4.48864,3.79423
"RNF17",1.54908,1.55695,1.26662
"RNF170",2.95524,4.09036,3.77957
"RNF175",1.83592,1.5651,1.59574
"RNF180",4.19829,4.89892,3.3887
"RNF181",4.74662,4.86533,5.08526
"RNF182",2.24264,2.00585,2.24863
"RNF183",3.82765,3.9632,4.10725
"RNF185",3.30779,3.29232,3.23228
"RNF186",4.15147,3.11469,4.19066
"RNF187",5.24867,5.54361,5.13162
"RNF19A",5.29293,4.67239,5.21109
"RNF19B",4.46592,3.48091,3.58009
"RNF2",4.07248,4.04711,3.54182
"RNF20",4.15098,4.28143,4.22689
"RNF207",3.73305,3.44902,3.45168
"RNF208",5.5625,4.76723,5.71998
"RNF212",2.74597,2.9851,3.35422
"RNF213",4.431,4.58553,3.95264
"RNF214",3.559,4.43157,3.85541
"RNF215",3.24938,3.35604,3.49435
"RNF216",4.12224,4.37637,4.01649
"RNF216L",3.09593,3.95984,3.21602
"RNF217",2.84568,2.5798,2.86591
"RNF219",2.99063,3.22367,2.81436
"RNF220",2.87025,2.6968,2.88288
"RNF222",4.28358,4.38134,4.63521
"RNF24",4.11471,4.31037,3.95832
"RNF25",2.95241,3.06588,2.80933
"RNF26",3.43877,3.36536,3.67415
"RNF31",3.711,3.62925,3.72434
"RNF32",3.22756,3.49316,3.35028
"RNF34",3.39248,3.3559,3.34998
"RNF38",5.08738,4.76176,4.68244
"RNF39",4.15186,3.72382,3.40129
"RNF4",3.95857,4.05506,4.2103
"RNF40",3.40323,3.97802,3.6094
"RNF41",3.83844,3.30723,3.74818
"RNF43",3.39819,3.58599,3.62642
"RNF44",5.03437,4.87505,4.8245
"RNF5",4.26657,4.56655,4.07616
"RNF5P1",4.24039,4.48771,4.37948
"RNF6",3.16185,3.17172,3.18957
"RNF7",3.37598,3.30043,3.30763
"RNF8",3.05701,3.17604,3.31532
"RNFT1",2.6816,3.59388,2.81817
"RNFT2",2.52541,2.6037,2.81528
"RNGTT",3.3061,3.22788,3.67868
"RNH1",3.69868,4.30652,3.92862
"RNLS",4.11149,3.91641,3.74327
"RNMT",2.68811,2.78642,2.77847
"RNMTL1",3.75819,3.61965,3.49581
"RNPC3",6.18677,5.71579,5.03286
"RNPEP",3.75516,4.28347,3.76782
"RNPEPL1",3.52788,3.93814,3.93588
"RNPS1",6.01165,5.88715,5.94297
"RNU1.1",11.5287,11.6741,11.4499
"RNU105B",3.12351,4.42803,4.35513
"RNU105C",2.39504,2.42877,3.30194
"RNU11",6.61285,7.95776,7.03292
"RNU12",6.82583,6.56753,6.03883
"RNU2.1",11.0229,10.8829,10.6727
"RNU4.1",9.71451,9.30584,9.06523
"RNU4.2",8.96567,9.6427,8.93915
"RNU4ATAC",10.2407,10.4453,10.2506
"RNU5A",5.90094,5.44128,5.025
"RNU5B.1",6.67535,7.07478,6.70924
"RNU5D",0.966997,3.44136,2.0141
"RNU5E",8.06629,7.2007,7.85483
"RNU5F",1.58661,1.55887,0.867499
"RNU6ATAC",7.40283,7.93753,7.47755
"RNY4P8",6.86855,6.55867,6.17954
"ROBLD3",3.98997,3.94123,3.5072
"ROBO1",4.22712,4.61229,4.23457
"ROBO2",2.62202,2.8279,2.73102
"ROBO3",2.42305,2.83986,2.38368
"ROBO4",4.39301,4.27041,4.12395
"ROCK1",4.47713,4.75668,4.41774
"ROCK1P1",1.83241,2.18894,2.58142
"ROCK2",5.2456,5.24574,4.65471
"ROD1",4.70757,3.918,4.29921
"ROGDI",5.09657,5.00466,4.57662
"ROM1",3.14514,3.87407,3.75266
"ROMO1",4.80893,4.57463,5.32262
"ROPN1",1.67903,1.43234,1.41216
"ROPN1B",1.64288,1.26253,1.44923
"ROPN1L",1.99121,2.07355,2.01668
"ROR1",3.69269,4.13852,3.52386
"ROR2",3.39662,2.78732,2.9214
"RORA",3.79327,4.42874,3.76598
"RORB",3.40558,3.94887,3.26606
"RORC",4.11648,4.31941,4.37411
"ROS1",1.65029,1.53444,1.78627
"RP1",1.4975,1.2708,1.29808
"RP1L1",2.41111,2.17411,2.48481
"RP2",2.11563,2.1571,2.04956
"RP9",2.86847,3.17009,2.93824
"RP9P",4.35218,4.66902,3.93505
"RPA1",3.68152,3.50629,3.68717
"RPA2",2.61338,3.52841,3.10895
"RPA3",2.87743,2.81948,2.83563
"RPA4",1.78794,1.70595,1.87817
"RPAIN",2.95266,3.46353,3.37795
"RPAP1",3.10396,2.93505,3.55942
"RPAP2",3.44757,4.14278,3.64253
"RPAP3",2.91522,3.74808,2.75091
"RPE",4.35883,3.68704,4.27909
"RPE65",1.91319,1.78432,1.71751
"RPF1",4.55464,5.08119,4.40261
"RPF2",3.16945,2.99149,3.26321
"RPGR",4.4877,3.40684,3.63142
"RPGRIP1",1.80619,1.64348,1.83401
"RPGRIP1L",2.17373,2.52244,2.65416
"RPH3A",2.43904,2.20981,2.80425
"RPH3AL",4.33181,3.9568,3.9821
"RPIA",3.60473,3.06454,2.5491
"RPL10",5.71831,5.92993,6.09873
"RPL10A",7.45967,7.21566,7.93672
"RPL10L",2.95873,2.99382,3.08188
"RPL11",7.64867,7.72203,7.61145
"RPL12",6.59394,7.23904,7.00887
"RPL13",4.3335,4.8957,3.87139
"RPL13A",8.62652,9.06653,8.78898
"RPL13AP17",1.57878,1.53452,1.80609
"RPL13AP20",4.84603,5.1434,5.19723
"RPL13AP3",3.78531,3.53933,3.61798
"RPL13AP5",7.58832,8.49226,8.13985
"RPL13AP6",2.72834,3.51387,3.72743
"RPL13P5",3.02714,2.14575,2.81336
"RPL14",6.81973,7.12413,7.32424
"RPL15",6.47724,6.70314,6.74384
"RPL17",6.88808,7.17005,6.72088
"RPL18",6.73259,7.53768,7.26962
"RPL18A",6.42066,6.97194,6.7028
"RPL18AP3",7.28643,8.06019,8.03178
"RPL19",5.99376,6.15273,6.44332
"RPL21",6.94669,7.38123,6.88791
"RPL21P28",7.068,7.40443,6.89051
"RPL21P44",3.11071,3.42546,2.37611
"RPL22",5.58625,5.77267,6.19862
"RPL22L1",2.3054,2.20109,3.20715
"RPL22P15",5.37313,5.48604,5.30687
"RPL23",3.47551,3.42436,3.1995
"RPL23A",9.02244,9.16652,8.88596
"RPL23AP32",4.84031,5.12579,3.8648
"RPL23AP53",2.43519,2.93797,2.76791
"RPL23AP64",4.33062,3.89883,3.80979
"RPL23AP7",6.35673,6.61444,6.57735
"RPL23AP71",3.08316,2.56505,3.5633
"RPL23AP82",5.27639,5.35935,5.46184
"RPL23P8",2.57035,3.0415,2.60699
"RPL24",6.04313,6.65086,7.02025
"RPL26",9.00898,9.26068,8.95209
"RPL26L1",3.77994,3.78072,3.51802
"RPL27",8.04842,7.28132,7.87859
"RPL27A",4.50478,4.76192,4.78823
"RPL28",5.19357,5.73393,5.53513
"RPL29",5.79171,4.96683,4.19376
"RPL3",7.38182,7.74,7.74047
"RPL30",8.92546,9.07066,8.47433
"RPL31",5.69756,5.71599,5.59719
"RPL32",5.11878,5.3159,5.53012
"RPL32P3",4.15272,4.28092,4.25921
"RPL34",5.58861,5.82031,5.72364
"RPL35",10.469,10.4073,10.3118
"RPL35A",7.29341,7.47486,7.55222
"RPL36",6.31435,6.76831,6.26846
"RPL36A",5.65934,6.50583,5.66929
"RPL36AL",7.24887,6.9827,6.70576
"RPL36AP40",1.46099,1.78927,1.64356
"RPL37",4.57005,4.98908,4.74056
"RPL37A",5.47052,5.63069,5.35672
"RPL38",9.50753,9.59655,9.19292
"RPL39",7.46933,7.47451,7.79483
"RPL39L",2.04101,1.90118,2.16725
"RPL3L",3.69505,3.98704,4.09664
"RPL4",2.23023,2.53388,1.86184
"RPL41",8.99471,9.13963,8.84104
"RPL5",7.56104,7.82315,7.98523
"RPL6",8.4757,8.86473,8.54754
"RPL7",7.39677,7.93914,7.42434
"RPL7A",6.37372,6.82557,5.95594
"RPL7L1",1.57222,2.16435,1.9129
"RPL8",6.60145,6.91774,6.85632
"RPL9",8.44689,8.46626,8.30604
"RPLP0",6.14859,6.61875,6.54486
"RPLP1",7.40447,8.23425,7.44583
"RPLP2",6.65606,7.11949,6.48292
"RPN1",5.12481,4.41907,4.83572
"RPN2",5.30859,4.73246,4.31138
"RPP14",3.55876,3.5833,3.84087
"RPP21",4.54604,4.36915,4.55439
"RPP25",3.24877,2.96012,2.69775
"RPP30",3.11897,2.74371,2.69269
"RPP38",3.45231,3.50067,3.42389
"RPP40",2.02348,1.99727,1.72829
"RPPH1",10.5495,11.1558,10.3761
"RPRD1A",4.88703,4.91561,4.70727
"RPRD1B",4.24392,4.15352,4.25768
"RPRD2",4.81448,4.73096,4.48759
"RPRM",3.05435,2.90808,2.72792
"RPRML",4.00447,3.93257,4.06813
"RPS10",7.94839,8.13181,8.37889
"RPS10P7",2.29,2.72074,2.53032
"RPS11",9.35472,9.44161,9.30429
"RPS12",7.35883,8.29905,6.81097
"RPS13",7.64983,8.23723,7.44479
"RPS14",6.28917,6.96065,6.69811
"RPS14P3",5.01794,4.65613,4.78507
"RPS15",5.36302,5.37268,4.81627
"RPS15A",7.41857,7.62657,7.37072
"RPS16",5.92755,6.09208,5.36343
"RPS17",7.47803,7.67551,6.53511
"RPS18",8.93985,9.23231,9.2979
"RPS18P9",5.62251,6.38919,6.07716
"RPS19",5.2852,5.5068,5.2137
"RPS19BP1",4.47848,3.58232,4.57531
"RPS2",7.88288,8.22427,7.78087
"RPS20",9.46887,9.85902,10.1514
"RPS20P27",3.98545,4.34551,4.70403
"RPS21",5.51796,5.6291,6.00223
"RPS23",6.14204,5.18599,5.51691
"RPS24",7.4736,7.69181,7.58832
"RPS25",7.57941,7.88312,7.60642
"RPS26",7.38749,7.55564,7.08415
"RPS26P11",8.76954,8.76142,8.58262
"RPS27",8.69266,8.89253,8.75926
"RPS27A",7.60518,7.79917,6.86372
"RPS27L",3.59108,3.74259,3.2925
"RPS28",6.59191,6.60644,6.28343
"RPS29",4.83129,5.30776,5.67552
"RPS2P32",4.6244,4.66477,4.18921
"RPS3",6.5595,7.51051,6.7925
"RPS3A",7.53041,7.75036,7.68853
"RPS4X",8.60954,8.91058,8.24612
"RPS4XP21",2.15189,2.42822,2.05051
"RPS4Y1",4.73367,4.7076,4.89756
"RPS4Y2",1.68379,1.92191,1.73368
"RPS5",5.50059,5.64455,5.98705
"RPS6",8.10259,8.76033,7.94941
"RPS6KA1",4.25501,4.06674,4.52165
"RPS6KA2",4.33042,4.69351,4.38662
"RPS6KA3",4.76447,4.29768,4.07613
"RPS6KA4",3.61273,3.87519,3.6284
"RPS6KA5",2.10438,2.11075,1.86555
"RPS6KA6",2.65534,2.88187,2.77633
"RPS6KB1",4.1058,4.93274,4.87867
"RPS6KB2",3.92567,3.86081,4.27931
"RPS6KC1",2.89769,4.08854,3.00862
"RPS6KL1",2.9625,3.20703,3.46653
"RPS6P6",2.65178,2.19091,3.23286
"RPS7",5.28361,5.35561,5.12304
"RPS8",6.86068,7.42723,7.23092
"RPS9",6.56485,6.87661,6.34018
"RPSA",6.41134,6.81381,5.98624
"RPSAP15",2.95853,3.81651,3.04656
"RPSAP52",1.76814,1.4487,1.75561
"RPSAP58",1.532,1.51715,2.4529
"RPTN",1.77785,1.50523,1.52
"RPTOR",3.04865,2.99804,3.49274
"RPUSD1",3.68389,3.50759,3.55878
"RPUSD2",3.67565,2.7469,3.36291
"RPUSD3",4.10846,4.46684,4.08695
"RPUSD4",2.62914,2.80395,3.22325
"RQCD1",4.32124,4.00058,3.57774
"RRAD",2.51407,2.52037,2.01577
"RRAGA",5.89651,5.71255,5.82504
"RRAGB",2.67577,3.62173,2.40527
"RRAGC",2.70054,2.75354,2.935
"RRAGD",3.34788,3.65948,3.25283
"RRAS",3.95187,5.12501,4.2323
"RRAS2",5.55231,5.52887,5.74442
"RRBP1",5.36532,5.32918,5.18131
"RREB1",4.85302,4.98702,4.6775
"RRH",1.62313,1.50748,1.68486
"RRM1",2.7248,3.10055,3.06348
"RRM2",1.69433,2.21604,1.96257
"RRM2B",3.36009,3.25122,2.74893
"RRN3",3.35365,4.26206,3.12476
"RRN3P1",4.04417,4.76906,3.73262
"RRP1",3.8758,3.58943,4.0162
"RRP12",3.53696,2.40965,2.93354
"RRP15",3.18188,3.23368,3.19243
"RRP1B",3.65275,3.53174,3.49785
"RRP36",2.4252,2.28371,2.2513
"RRP7A",4.36869,4.29824,3.98445
"RRP7B",5.29477,4.45421,5.96259
"RRP8",3.08736,2.87334,2.51643
"RRP9",3.37159,3.38093,3.80398
"RRS1",2.48652,2.27337,2.67812
"RS1",2.43638,1.70665,1.91216
"RSAD1",4.72297,4.39301,4.42941
"RSAD2",2.59881,2.15644,1.95839
"RSBN1",3.32907,4.08893,3.41962
"RSBN1L",4.43128,4.29687,4.10688
"RSF1",4.4239,4.52951,4.20688
"RSL1D1",5.14993,5.74173,5.50804
"RSL24D1",4.06852,4.46594,3.98994
"RSPH1",3.06725,2.91111,3.40418
"RSPH10B",1.86685,2.05495,2.17498
"RSPH3",3.36129,3.50998,3.66599
"RSPH4A",2.47579,1.94393,1.95638
"RSPH6A",3.56106,3.22628,3.37129
"RSPH9",2.12228,1.76967,2.65174
"RSPO1",3.44932,3.06697,3.8025
"RSPO2",2.33995,2.49262,2.05619
"RSPO3",3.22846,2.43746,2.63937
"RSPO4",4.1424,3.94425,3.7842
"RSPRY1",2.99653,3.41906,2.43417
"RSRC1",4.13257,4.62023,3.87229
"RSRC2",5.48243,5.47209,4.7213
"RSU1",4.92103,5.23621,4.286
"RTBDN",2.66471,2.32844,2.40862
"RTCD1",3.60298,3.67825,3.80026
"RTDR1",1.88469,1.83616,1.40405
"RTEL1",3.68711,3.59635,3.65461
"RTF1",4.14724,4.36006,3.43614
"RTKN",4.39295,4.05429,4.02982
"RTKN2",1.94748,2.14249,1.59162
"RTL1",2.95227,2.25825,3.09009
"RTN1",4.34235,4.30509,3.95273
"RTN2",3.46595,3.29062,3.81779
"RTN3",4.0831,4.42444,4.36374
"RTN4",5.11236,4.67691,5.32571
"RTN4IP1",2.18205,1.57748,1.69328
"RTN4R",4.2817,4.32492,4.64409
"RTN4RL1",3.1015,3.00599,2.50056
"RTN4RL2",4.20555,4.45753,4.13257
"RTP1",3.411,2.99653,3.84585
"RTP2",3.96105,3.66437,3.75734
"RTP3",2.19807,1.616,2.23404
"RTP4",2.70831,2.63401,2.4567
"RTTN",2.13743,2.25001,2.10964
"RUFY1",4.25498,4.59721,4.34586
"RUFY2",3.80446,4.4155,3.89039
"RUFY3",4.89905,5.67456,4.55182
"RUFY4",3.87993,3.53197,3.93913
"RUNDC1",3.45359,3.33138,2.54386
"RUNDC2A",4.23307,3.7505,3.65536
"RUNDC2C",3.38564,3.53139,3.00234
"RUNDC3A",2.94116,2.7835,2.70979
"RUNDC3B",2.11741,2.34757,1.9885
"RUNX1",5.11481,4.50257,4.42369
"RUNX1T1",3.01025,3.69494,2.65485
"RUNX2",3.02294,3.22006,3.28126
"RUNX3",4.20486,3.81566,4.01238
"RUSC1",3.92728,4.20566,3.78551
"RUSC2",3.84926,4.43827,3.06106
"RUVBL1",2.84403,3.2843,3.18034
"RUVBL2",3.91207,4.02695,4.22304
"RWDD1",4.63058,4.68592,4.88161
"RWDD2A",2.67241,3.4265,3.36857
"RWDD2B",2.6095,3.08493,2.57407
"RWDD3",2.76395,2.97037,2.70827
"RWDD4",4.39388,4.2865,4.22408
"RXFP1",1.36682,1.55776,1.63158
"RXFP2",1.34266,1.10299,1.24623
"RXFP3",3.90951,3.563,3.98528
"RXFP4",3.82093,3.86054,3.86836
"RXRA",4.35895,4.26477,4.06093
"RXRB",4.80382,4.5249,4.55337
"RXRG",1.82498,1.62353,1.5548
"RYBP",5.19505,5.10939,4.42042
"RYK",4.66719,4.54766,4.17387
"RYR1",2.86819,3.07204,2.93478
"RYR2",2.59265,3.47994,2.66516
"RYR3",2.16063,2.08332,2.40437
"S100A1",3.06553,3.84039,4.03158
"S100A10",5.66988,5.16478,4.14485
"S100A11",5.83502,5.97281,5.43966
"S100A12",2.47331,1.88282,2.56938
"S100A13",3.50822,3.72916,3.50782
"S100A14",3.86237,2.8477,4.0125
"S100A16",2.96357,3.25705,3.57394
"S100A2",1.75331,1.42157,1.75402
"S100A3",1.90432,3.35194,2.57597
"S100A4",3.88165,4.88235,4.41352
"S100A5",2.27568,2.0716,2.34723
"S100A6",4.69569,4.37657,4.94841
"S100A7",3.66161,3.75948,3.2467
"S100A7A",2.70116,2.74104,2.88186
"S100A7L2",1.95829,1.69282,1.88162
"S100A8",2.37757,2.14479,2.29622
"S100A9",3.90515,3.09863,3.84834
"S100B",1.73652,1.51823,1.72257
"S100G",2.00926,2.29778,1.81221
"S100P",4.22903,3.53735,3.95845
"S100PBP",4.16028,4.70251,4.34797
"S100Z",2.21932,2.3541,2.48765
"S1PR1",2.20394,2.24448,2.33187
"S1PR2",4.90854,4.28196,4.43384
"S1PR3",3.21642,3.30714,3.18159
"S1PR4",3.71025,3.56223,3.24281
"S1PR5",4.32746,4.42878,4.81144
"SAA1",2.29376,2.23219,2.55794
"SAA2",3.12841,1.7614,2.33562
"SAA3P",1.85705,1.59143,1.3685
"SAA4",1.76118,1.92357,1.82213
"SAAL1",3.96727,2.87568,3.58789
"SAC3D1",4.2019,4.22141,4.37421
"SACM1L",3.55835,3.7743,4.12622
"SACS",2.46237,1.93402,1.92413
"SAE1",4.6411,4.53092,4.01831
"SAFB",4.94152,4.52745,4.68392
"SAFB2",4.54963,5.19918,4.899
"SAG",2.20591,1.63582,1.94917
"SAGE1",1.65223,1.38957,1.5589
"SALL1",3.32524,3.27704,3.17154
"SALL2",2.66979,3.27049,2.70335
"SALL3",3.46028,3.79034,3.3764
"SALL4",3.90645,3.78395,4.0108
"SAMD1",3.84289,4.35661,4.06135
"SAMD10",3.76966,4.15246,4.02562
"SAMD11",4.13643,4.49867,4.41213
"SAMD12",2.02717,2.30689,2.06348
"SAMD13",2.22041,2.29167,2.14469
"SAMD14",3.53662,3.56006,3.17222
"SAMD15",2.05206,2.70346,2.22955
"SAMD3",1.69575,1.95731,1.75858
"SAMD4A",3.87073,4.95481,4.31195
"SAMD4B",4.87941,4.31886,4.6696
"SAMD5",3.79418,3.18496,3.55482
"SAMD7",1.55012,1.89416,1.52729
"SAMD8",3.3791,3.38121,3.13581
"SAMD9",2.58381,1.95469,1.80115
"SAMD9L",3.32855,3.4236,2.17313
"SAMHD1",3.82299,4.15223,3.37665
"SAMM50",3.84956,3.93497,3.87557
"SAMSN1",1.78247,1.74381,1.77129
"SAP130",4.75013,4.56635,4.32766
"SAP18",5.7461,6.07742,5.25791
"SAP30",4.11337,3.326,3.58627
"SAP30BP",3.43484,3.34572,3.81981
"SAP30L",3.58512,4.20784,3.88466
"SAR1A",5.54219,6.02842,4.86625
"SAR1B",5.03854,4.58586,4.16915
"SARDH",3.42215,2.91068,3.37166
"SARM1",3.62173,3.50496,3.5207
"SARNP",3.30545,3.38725,3.43222
"SARS",4.33275,4.82658,4.55383
"SARS2",2.81885,2.92346,2.94463
"SART1",3.29648,3.37078,3.26387
"SART3",4.00425,3.51777,3.43177
"SASH1",3.81567,3.55918,3.80987
"SASH3",3.26469,2.97585,3.05183
"SASS6",1.82318,2.37741,1.97344
"SAT1",7.25603,6.20735,7.16643
"SAT2",3.6235,3.5538,3.8208
"SATB1",4.32115,4.39887,3.88734
"SATB2",3.33837,3.85663,3.64503
"SATL1",1.86561,1.89444,2.41717
"SAV1",4.8717,4.3849,4.66523
"SBDS",5.46192,5.74848,5.99865
"SBF1",3.60255,3.23886,3.15752
"SBF2",4.6106,4.76292,4.64311
"SBK1",3.90852,3.97806,3.76499
"SBK2",4.16159,4.11323,3.69867
"SBNO1",3.87319,4.89648,4.16428
"SBNO2",4.48784,3.2896,3.4952
"SBSN",3.19346,3.34706,3.31693
"SC4MOL",3.25407,2.50349,2.50528
"SC5DL",5.06657,4.92586,3.91434
"SCAF1",4.13725,4.57664,4.1145
"SCAI",2.709,3.43984,2.62999
"SCAMP1",4.04144,4.48303,4.12305
"SCAMP2",4.49922,4.93393,4.45941
"SCAMP3",4.47285,4.56631,4.79881
"SCAMP4",3.51888,3.34806,3.58287
"SCAMP5",3.68378,3.20248,3.92789
"SCAND1",3.67909,3.27595,3.29861
"SCAND2",2.88697,3.41894,2.82296
"SCAND3",2.865,2.8255,3.08908
"SCAP",4.26827,4.39989,4.05484
"SCAPER",4.17799,4.1638,3.804
"SCARA3",3.98286,4.1593,3.77854
"SCARA5",3.12047,3.44181,3.18865
"SCARB1",3.90725,3.74093,3.81658
"SCARB2",6.16332,5.84739,5.57109
"SCARF1",3.87083,3.49086,3.758
"SCARF2",4.17835,4.02883,4.4091
"SCARNA1",4.87061,5.3427,4.80814
"SCARNA10",8.54055,9.08968,8.22785
"SCARNA11",5.96327,6.18071,6.81167
"SCARNA12",4.99011,5.46993,4.63901
"SCARNA13",5.65241,6.14664,6.42741
"SCARNA14",3.01145,3.26823,2.17105
"SCARNA15",1.36153,1.21286,1.48669
"SCARNA16",5.18731,5.16061,5.60409
"SCARNA17",5.77369,6.53757,6.85067
"SCARNA22",3.71067,3.92956,4.68821
"SCARNA23",2.43419,1.65197,1.60227
"SCARNA4",7.32797,8.0935,7.22937
"SCARNA5",9.17311,9.60083,8.92756
"SCARNA6",6.37344,6.84108,5.82266
"SCARNA7",8.07123,8.13561,6.88037
"SCARNA8",7.50641,8.49198,7.10542
"SCARNA9",8.00463,8.4709,7.31907
"SCARNA9L",4.82554,4.57951,3.49135
"SCCPDH",4.92787,5.12392,4.89401
"SCD",5.84667,5.54118,4.50234
"SCD5",2.57516,2.65313,2.48644
"SCEL",1.62619,1.45099,1.10698
"SCFD1",4.12043,4.49082,3.77346
"SCFD2",3.12722,3.72379,2.86366
"SCG2",1.99794,1.9018,2.97396
"SCG3",1.57205,1.70247,1.55747
"SCG5",1.90657,2.38324,1.87511
"SCGB1A1",5.32645,5.17497,6.00114
"SCGB1C1",4.02249,3.4002,4.13566
"SCGB1D1",1.51062,1.74805,1.61874
"SCGB1D2",2.09313,1.73028,2.11861
"SCGB1D4",2.18395,2.11299,1.91931
"SCGB2A1",3.24109,2.4581,3.01455
"SCGB2A2",1.69097,2.16788,1.88796
"SCGB3A1",4.11129,3.56966,3.96003
"SCGB3A2",2.31697,2.16535,2.29576
"SCGBL",2.47406,2.62213,2.89109
"SCGN",1.99866,1.59675,2.30205
"SCHIP1",2.79913,2.41119,2.44421
"SCIN",3.08223,2.5451,2.87095
"SCLT1",2.68642,2.5692,1.71397
"SCLY",3.19091,3.22552,3.02064
"SCMH1",4.93832,5.20733,3.96196
"SCML1",4.21614,3.42605,3.66234
"SCML2",1.98205,2.03987,1.86396
"SCML4",2.806,2.28598,2.33194
"SCN10A",2.30642,2.12326,2.759
"SCN11A",2.0374,1.92651,2.11982
"SCN1A",1.7209,1.84947,1.85684
"SCN1B",3.20103,3.44567,3.80679
"SCN2A",1.61291,1.60694,1.68542
"SCN2B",3.0949,3.24641,2.79861
"SCN3A",1.74738,1.83293,1.93186
"SCN3B",2.74761,2.85146,2.36501
"SCN4A",2.89415,3.2764,3.68574
"SCN4B",3.00352,3.1116,2.71156
"SCN5A",1.92279,1.67047,2.44372
"SCN7A",2.44404,2.52106,2.15636
"SCN8A",2.22799,2.46273,2.22933
"SCN9A",1.89881,1.81055,1.95806
"SCNM1",5.03966,5.15117,5.05785
"SCNN1A",4.42874,4.03398,3.81378
"SCNN1B",3.01765,2.73828,3.09402
"SCNN1D",4.90366,4.37699,4.94421
"SCNN1G",3.37811,2.53723,2.70105
"SCO1",3.62893,4.17972,3.45524
"SCO2",5.7409,4.74274,5.65247
"SCOC",3.91852,3.85434,3.77624
"SCP2",3.65993,3.76851,3.82062
"SCPEP1",4.21211,4.88027,4.21447
"SCRG1",2.44595,3.62115,3.03254
"SCRIB",4.18736,3.58873,4.05452
"SCRN1",3.93411,3.79435,4.09058
"SCRN2",3.55234,4.20896,3.80762
"SCRN3",2.10921,2.3259,1.70599
"SCRT1",3.41916,3.31124,3.47659
"SCRT2",3.31836,2.88487,2.98875
"SCT",4.49711,4.56825,4.34803
"SCTR",2.46467,3.13505,2.80047
"SCUBE1",4.00589,3.84021,3.6391
"SCUBE2",3.73223,3.76117,3.37515
"SCUBE3",4.12848,4.11828,3.91487
"SCXA",3.88092,4.05025,3.86475
"SCYL1",4.77096,4.37593,4.82505
"SCYL2",4.24484,3.53744,4.06487
"SCYL3",2.38228,2.72032,2.41789
"SDAD1",4.68346,3.98946,4.06366
"SDC1",4.04816,3.90767,4.0688
"SDC2",4.11578,4.00028,3.7275
"SDC3",4.27049,4.38724,4.38387
"SDC4",5.05799,4.25959,4.37899
"SDCBP",5.7141,5.6016,5.09858
"SDCBP2",4.63178,4.3712,4.49062
"SDCCAG1",6.06088,6.0703,6.00348
"SDCCAG3",4.03482,3.96974,3.31772
"SDCCAG8",3.4608,4.44017,3.30256
"SDF2",4.29392,4.21334,4.09264
"SDF2L1",4.40344,3.73734,4.77183
"SDF4",5.28036,5.188,5.15163
"SDHA",4.04773,4.51627,4.35047
"SDHAF2",3.32357,3.89695,3.26293
"SDHAP1",5.23647,5.50636,5.43562
"SDHAP2",5.45102,5.97065,5.29109
"SDHB",3.13187,3.70757,3.33085
"SDHC",4.59022,4.76924,4.62565
"SDHD",4.16109,4.98504,4.32335
"SDK1",3.26987,3.49729,3.53816
"SDK2",3.32947,3.25819,3.0327
"SDPR",3.4992,3.93923,3.54225
"SDR16C5",2.26148,2.27474,1.86994
"SDR39U1",4.64717,4.34713,5.01901
"SDR42E1",2.70736,2.25532,2.13259
"SDR9C7",2.5175,2.59631,2.58381
"SDS",2.21238,1.88523,2.31634
"SDSL",3.80282,3.54057,3.74516
"SEBOX",2.84664,2.13764,2.32423
"SEC1",3.93355,3.93748,3.84661
"SEC11A",4.20056,4.54007,4.31196
"SEC11C",5.41925,4.38551,5.58704
"SEC13",4.29732,4.52203,4.0684
"SEC14L1",4.32887,3.66446,4.22652
"SEC14L2",3.37663,4.17921,4.1407
"SEC14L3",1.91264,2.09606,2.259
"SEC14L4",2.46987,2.6501,2.65308
"SEC14L5",3.79646,3.51812,4.12887
"SEC16A",5.00371,4.28412,4.32518
"SEC16B",2.6459,3.07892,2.61795
"SEC22A",2.88112,2.95048,2.6169
"SEC22B",4.38084,4.45262,4.0598
"SEC22C",3.67675,4.01702,3.83187
"SEC23A",3.72816,3.88433,3.29059
"SEC23B",4.32915,4.17076,3.72277
"SEC23IP",4.79449,4.71745,4.38109
"SEC24A",4.68143,4.7271,4.99332
"SEC24B",5.42523,5.35095,5.17017
"SEC24C",4.00885,3.93182,4.06659
"SEC24D",4.37211,4.46753,4.11847
"SEC31A",5.98447,6.16301,5.73566
"SEC31B",2.89026,3.12065,3.21079
"SEC61A1",4.52146,4.37389,4.19359
"SEC61A2",2.62277,2.61355,2.23814
"SEC61B",6.63046,6.21651,6.62688
"SEC61G",3.81429,3.86903,4.11486
"SEC62",4.72204,5.19128,4.31374
"SEC63",5.93171,6.56451,6.37933
"SECISBP2",5.08195,5.29958,5.40497
"SECISBP2L",4.05211,4.67473,4.83258
"SECTM1",4.23083,3.48591,3.33077
"SEH1L",3.32545,2.92418,2.82393
"SEL1L",3.4409,3.4036,3.56734
"SEL1L2",1.71032,1.67293,2.06691
"SEL1L3",3.5332,3.48267,3.38863
"SELE",5.32992,2.23175,3.84322
"SELENBP1",4.27383,4.26258,4.24172
"SELK",5.47341,4.13361,4.41507
"SELL",2.98003,2.38961,2.79409
"SELM",3.92216,3.98156,4.09905
"SELO",3.41961,3.52408,3.43209
"SELP",2.48401,1.9101,2.9077
"SELPLG",3.35631,3.21861,3.45805
"SELS",2.86302,3.24414,2.66125
"SELT",4.87737,4.66045,5.00945
"SELV",3.65896,3.97408,3.95298
"SEMA3A",2.14568,1.62365,1.81709
"SEMA3B",2.69289,2.35724,2.27738
"SEMA3C",4.83076,4.48612,4.31752
"SEMA3D",2.17423,1.87592,1.8478
"SEMA3E",2.30364,3.23983,2.49065
"SEMA3F",3.98541,3.93894,4.02147
"SEMA3G",3.43198,3.55322,3.25087
"SEMA4A",5.43214,4.10476,4.17623
"SEMA4B",4.32069,4.04884,4.12873
"SEMA4C",3.55895,3.79758,3.22008
"SEMA4D",3.61404,3.63533,4.13546
"SEMA4F",3.10849,3.03255,3.19174
"SEMA4G",4.23001,3.81848,4.0634
"SEMA5A",4.00504,3.67775,3.88924
"SEMA5B",3.31961,3.29316,3.1398
"SEMA6A",3.18379,2.67291,3.00359
"SEMA6B",3.35151,3.33837,3.64955
"SEMA6C",4.25063,4.312,4.12242
"SEMA6D",2.60155,2.87181,2.28203
"SEMA7A",3.13003,2.89947,3.56753
"SEMG1",1.70661,1.53106,1.97595
"SEMG2",1.2469,1.40652,1.75756
"SENP1",2.71359,4.10032,3.46419
"SENP2",4.05008,4.22655,3.40686
"SENP3",4.08088,4.01279,4.29553
"SENP5",3.60223,3.23226,3.30635
"SENP6",5.69763,5.96746,5.04822
"SENP7",3.28019,3.99653,3.0534
"SENP8",2.99301,2.4041,2.71549
"SEP15",4.20319,4.32933,3.81027
"SEPHS1",4.3798,3.92927,3.98683
"SEPHS2",4.42784,4.07168,4.81501
"SEPN1",4.84215,5.21347,5.14043
"SEPP1",6.08564,6.24036,6.05742
"SEPSECS",2.22742,2.63181,2.72911
"SEPT1",3.12463,3.33913,2.95524
"SEPT10",5.06246,5.10815,4.36015
"SEPT11",4.91719,6.04633,5.56113
"SEPT12",2.01277,1.73582,1.75136
"SEPT14",3.91606,5.72096,5.21732
"SEPT2",5.75842,6.01548,5.54448
"SEPT3",2.61413,2.44198,3.23206
"SEPT4",3.19508,3.08987,3.50512
"SEPT5",3.99337,4.35298,4.45565
"SEPT6",3.17472,2.80739,3.04812
"SEPT7",5.4869,6.04815,5.36216
"SEPT7L",4.5605,4.24271,4.40156
"SEPT8",3.632,4.29112,3.18503
"SEPT9",4.69695,4.28591,4.46031
"SEPW1",6.00473,6.05133,5.91308
"SEPX1",3.57647,3.26909,3.61175
"SERAC1",1.8677,2.31207,2.00235
"SERBP1",3.36217,3.88774,3.22575
"SERF1A",2.90692,3.90659,3.41234
"SERF2",5.72748,5.79759,5.86976
"SERGEF",4.28025,3.84563,4.41143
"SERHL",5.37725,4.76539,4.50405
"SERHL2",2.704,2.35539,3.06522
"SERINC1",4.97272,4.98935,4.61698
"SERINC2",5.34879,5.52898,5.22307
"SERINC3",5.47106,5.00289,5.51522
"SERINC4",4.07595,4.2241,4.24497
"SERINC5",5.48161,5.35949,4.98494
"SERP1",6.90953,6.79699,6.78111
"SERP2",2.59164,2.84753,2.88625
"SERPINA1",3.12107,2.88085,2.52952
"SERPINA10",2.65877,2.64956,2.51217
"SERPINA11",2.99003,2.94279,2.99005
"SERPINA12",2.44726,1.90263,2.04609
"SERPINA13",2.27659,1.85597,2.38225
"SERPINA2",1.90326,2.26206,2.39185
"SERPINA3",4.02198,2.91495,3.47866
"SERPINA4",2.28057,2.06051,2.16148
"SERPINA5",2.1179,2.01905,2.36111
"SERPINA6",2.21224,1.98523,1.81035
"SERPINA7",1.62366,1.68989,1.54886
"SERPINA9",2.68158,2.92545,2.27638
"SERPINB1",4.12094,3.02758,2.56692
"SERPINB10",2.15801,1.55426,1.9895
"SERPINB11",2.45974,2.31757,2.5163
"SERPINB12",1.74163,1.52763,2.10664
"SERPINB13",2.75813,1.82784,1.94733
"SERPINB2",2.23381,2.04861,2.05332
"SERPINB3",1.90016,1.32067,2.00078
"SERPINB4",2.10381,1.78329,1.50906
"SERPINB5",2.05864,2.23552,2.04535
"SERPINB6",4.67622,5.45503,5.01134
"SERPINB7",1.4971,1.76922,1.62697
"SERPINB8",2.33048,1.87274,2.61217
"SERPINB9",3.43406,2.94933,4.0157
"SERPINC1",1.63024,1.96741,2.15769
"SERPIND1",3.61524,2.10152,2.18044
"SERPINE1",4.22369,3.2459,5.13439
"SERPINE2",2.11662,2.2368,1.89404
"SERPINF1",4.84051,5.18316,4.13154
"SERPINF2",3.12001,2.83541,2.91443
"SERPING1",5.61438,6.11574,5.02998
"SERPINH1",4.36212,5.00862,3.86091
"SERPINI1",1.77859,2.10127,2.06882
"SERPINI2",1.77664,1.49912,1.89269
"SERTAD1",2.80159,2.50395,3.20843
"SERTAD2",4.25513,4.82949,4.04675
"SERTAD3",4.02178,3.92615,3.48467
"SERTAD4",2.39128,3.00625,2.5413
"SESN1",3.81207,4.49801,4.12811
"SESN2",2.0501,2.36556,2.2561
"SESN3",4.14615,4.42586,4.18448
"SESTD1",3.2085,3.14994,2.74348
"SET",5.75735,6.12044,5.12311
"SETBP1",4.96588,5.17323,4.13299
"SETD1A",3.47648,3.99175,3.95771
"SETD1B",4.5526,5.12957,5.05117
"SETD2",5.29512,5.11126,4.68232
"SETD3",3.4349,4.04403,3.61392
"SETD4",3.15988,3.71572,2.56592
"SETD5",5.80456,6.45595,5.86276
"SETD6",3.93768,4.51118,5.22314
"SETD7",4.8997,5.21244,5.39312
"SETD8",4.83085,5.02807,4.75354
"SETDB1",3.06256,3.34575,2.78096
"SETDB2",2.36724,3.17757,2.59367
"SETMAR",3.91578,4.72129,4.16003
"SETX",4.47593,5.06978,4.80643
"SEZ6",3.03473,2.56208,3.38822
"SEZ6L",2.49213,2.20102,2.66327
"SEZ6L2",4.14023,3.64676,3.64789
"SF1",6.81551,6.1699,6.55158
"SF3A1",4.40434,4.24635,4.00911
"SF3A2",4.65378,5.50119,5.14439
"SF3A3",4.11025,4.40029,4.12153
"SF3B1",5.71179,6.33709,5.7935
"SF3B14",4.65264,4.90175,4.91082
"SF3B2",5.04006,5.20556,5.13551
"SF3B3",3.46154,4.40364,3.53454
"SF3B4",4.67598,4.71629,4.77752
"SF3B5",4.14891,4.13702,3.76977
"SFI1",3.24659,2.89341,3.74878
"SFMBT1",2.59645,2.43253,2.56408
"SFMBT2",4.16229,3.52586,3.64781
"SFN",5.96131,5.43396,5.9971
"SFPQ",7.35013,7.45943,7.44792
"SFRP1",5.56834,4.52478,4.74356
"SFRP2",4.25694,5.03539,3.2662
"SFRP4",4.02345,3.48926,3.50324
"SFRP5",3.41155,3.43768,2.89888
"SFRS15",4.94454,4.83198,4.75368
"SFRS18",6.07887,7.28479,6.64969
"SFSWAP",4.49478,4.71989,3.93096
"SFT2D1",4.13034,3.42204,4.34024
"SFT2D2",2.68686,2.97014,3.12176
"SFT2D3",3.14282,2.78322,3.08033
"SFTA2",2.86159,2.54931,3.18408
"SFTPA1",3.51972,3.59559,3.52202
"SFTPA2",3.78192,3.99758,3.5102
"SFTPB",3.00014,2.84598,2.98454
"SFTPC",2.93649,3.26364,2.70992
"SFTPD",4.03761,3.24067,4.06825
"SFXN1",3.15787,3.67645,3.75989
"SFXN2",3.09475,2.92664,3.51886
"SFXN3",3.01873,3.08385,3.32957
"SFXN4",3.18734,2.91609,3.05262
"SFXN5",3.17591,3.47375,3.85921
"SGCA",4.06075,4.10796,4.40435
"SGCB",4.32555,5.32377,4.36175
"SGCD",3.04632,2.8585,2.65654
"SGCE",4.00223,3.2062,3.27357
"SGCG",2.07477,2.01402,1.87123
"SGCZ",1.68116,1.37505,1.6282
"SGIP1",3.48143,3.41115,3.58002
"SGK1",3.69856,2.49401,3.6436
"SGK196",4.69234,5.07019,4.76879
"SGK2",2.61095,2.13776,2.41995
"SGK223",4.18297,4.4712,4.09384
"SGK269",1.9514,4.4222,1.24621
"SGK3",3.26554,3.34717,3.35229
"SGK494",2.76502,2.98042,3.14085
"SGMS1",3.24774,3.52995,3.35788
"SGMS2",2.61992,2.30722,3.05393
"SGOL1",1.40887,1.38149,1.46955
"SGOL2",2.01232,2.3625,2.13021
"SGPL1",4.64884,5.10918,4.47316
"SGPP1",3.81514,3.54762,3.3888
"SGPP2",2.2357,2.2572,2.32524
"SGSH",4.44571,4.02969,4.42458
"SGSM1",2.79609,2.35308,2.54781
"SGSM2",4.43835,4.13723,4.20178
"SGSM3",3.77351,3.61968,3.91336
"SGTA",4.13345,4.28859,4.61128
"SGTB",2.51429,2.76846,2.89208
"SH2B1",3.46705,3.87862,3.69006
"SH2B2",3.3748,3.16222,3.16807
"SH2B3",3.96999,3.76401,3.8752
"SH2D1A",1.93935,1.62643,1.6524
"SH2D1B",1.78919,1.81714,1.81227
"SH2D2A",3.71359,3.62678,3.55308
"SH2D3A",2.5464,2.62918,2.35199
"SH2D3C",3.49281,3.28231,3.53769
"SH2D4A",3.67458,3.25407,3.53225
"SH2D4B",2.1666,1.89343,2.32231
"SH2D5",3.42394,2.91059,3.09798
"SH2D6",3.94408,3.88487,3.89004
"SH2D7",2.06189,1.86308,1.8745
"SH3BGR",2.54971,2.5247,2.2834
"SH3BGRL",3.65706,4.43313,4.17752
"SH3BGRL2",5.60475,4.37513,4.56211
"SH3BGRL3",5.63191,5.22828,5.07318
"SH3BP1",3.74906,3.80223,3.88411
"SH3BP2",3.19659,3.13015,2.9749
"SH3BP4",4.08144,3.57614,3.98521
"SH3BP5",4.17661,4.13003,4.6045
"SH3BP5L",3.66032,3.58399,2.98868
"SH3D19",4.75314,5.06889,4.4047
"SH3D20",3.32705,2.91244,3.5113
"SH3GL1",4.84527,4.5922,3.67226
"SH3GL2",3.12553,3.11944,3.52427
"SH3GL3",2.01074,2.09843,2.11981
"SH3GLB1",5.58604,6.07885,5.12382
"SH3GLB2",5.07189,5.2577,5.30745
"SH3KBP1",7.68938,7.84308,7.59198
"SH3PXD2A",3.27171,4.08009,3.63325
"SH3PXD2B",4.23382,3.94645,3.70051
"SH3RF1",4.60779,4.03773,4.89494
"SH3RF2",3.5406,3.69502,3.87888
"SH3RF3",4.39516,4.40902,4.33899
"SH3TC1",4.10496,4.04031,4.4083
"SH3TC2",2.78586,2.56214,2.68554
"SH3YL1",3.71178,4.11059,3.83726
"SHANK1",3.07401,2.59159,2.77226
"SHANK2",4.27003,4.1627,4.40492
"SHANK3",3.90897,4.37946,3.65983
"SHARPIN",5.19573,5.26035,5.28577
"SHB",4.38292,4.09061,4.50003
"SHBG",2.97494,2.70529,2.58929
"SHC1",5.50163,5.73578,5.3637
"SHC2",4.15213,3.56373,4.35444
"SHC3",3.81246,3.32125,2.96443
"SHC4",1.63485,1.84821,1.58152
"SHCBP1",2.04145,2.4019,2.43741
"SHD",3.99926,3.14234,3.50185
"SHE",3.20199,3.89662,4.09109
"SHF",3.62444,3.35852,3.34279
"SHFM1",6.63885,6.78489,7.39499
"SHH",3.36731,3.04546,3.39297
"SHISA2",3.67709,3.03214,3.11288
"SHISA3",3.28131,2.63972,2.97421
"SHISA4",4.46496,3.92539,3.88544
"SHISA5",5.71556,5.38236,5.32019
"SHISA6",3.7855,3.55313,3.95991
"SHISA7",4.00735,4.07798,3.72972
"SHISA9",3.47545,3.34156,3.43593
"SHKBP1",4.33174,4.15793,3.95616
"SHMT1",2.1536,2.58457,2.48402
"SHMT2",3.58996,4.09983,3.49903
"SHOC2",5.77919,5.3763,4.68794
"SHOX",2.39703,2.12627,2.03484
"SHOX2",3.2056,2.67752,2.83492
"SHPK",3.76319,3.98191,4.03181
"SHPRH",3.53455,3.89988,2.9297
"SHQ1",3.42515,3.21537,3.3899
"SHROOM1",4.5751,4.83124,4.93141
"SHROOM2",3.41489,3.14902,3.64657
"SHROOM3",3.77916,3.55125,3.64802
"SHROOM4",2.57931,3.0463,2.65999
"SI",1.30616,1.32638,1.72074
"SIAE",5.76952,5.8832,5.38047
"SIAH1",5.22996,4.49202,4.83232
"SIAH2",4.4406,4.49973,4.28083
"SIAH3",2.52298,2.89989,2.83475
"SIDT1",3.59563,2.71683,3.16107
"SIDT2",5.18419,4.86209,5.43227
"SIGIRR",3.44889,3.64945,3.89833
"SIGLEC1",3.17133,2.84708,3.33994
"SIGLEC10",2.92725,3.23704,3.31648
"SIGLEC11",3.24959,2.77098,2.92494
"SIGLEC12",2.96894,2.86116,2.6701
"SIGLEC14",3.40467,3.59859,3.02459
"SIGLEC15",4.31818,3.65742,3.92797
"SIGLEC16",1.91142,1.36342,1.33682
"SIGLEC5",2.91301,2.18189,2.76172
"SIGLEC6",3.52495,3.33913,3.95928
"SIGLEC7",2.87871,2.87833,3.70923
"SIGLEC8",2.64124,2.86585,2.7961
"SIGLEC9",3.14088,2.50119,2.74566
"SIGLECP3",2.26754,2.82861,2.71046
"SIGMAR1",4.77772,4.57992,4.62987
"SIK1",6.4013,4.96421,5.29784
"SIK2",4.22225,3.97916,3.83878
"SIK3",3.77642,4.26667,3.58259
"SIKE1",2.93378,2.74039,2.13915
"SIL1",3.94872,3.28305,3.64549
"SILV",2.22252,2.36646,2.25564
"SIM1",1.61484,1.95874,1.88815
"SIM2",4.69632,4.25901,4.21245
"SIN3A",3.33408,4.00828,3.25807
"SIN3B",3.73631,4.14972,4.0614
"SIP1",2.1482,2.91043,1.99271
"SIPA1",3.58375,3.91433,3.89807
"SIPA1L1",3.4221,2.64659,2.93125
"SIPA1L2",3.88738,3.2384,4.05002
"SIPA1L3",4.88503,4.82339,4.53503
"SIRPA",3.75198,3.36904,3.45003
"SIRPB1",2.42208,2.51695,2.55215
"SIRPB2",2.58288,2.09037,2.66911
"SIRPD",3.4582,3.07829,3.96626
"SIRPG",3.15795,2.48066,2.73369
"SIRT1",3.97971,3.88539,3.43243
"SIRT2",4.49465,4.65193,4.73423
"SIRT3",4.36165,4.18723,4.41589
"SIRT4",2.50762,2.67807,3.15145
"SIRT5",3.33033,3.31931,3.60337
"SIRT6",4.03639,2.82412,3.30326
"SIRT7",3.72588,3.6204,3.65942
"SIT1",2.71424,1.6832,2.81766
"SIVA1",5.04998,4.63679,4.65813
"SIX1",3.39163,3.26787,3.55088
"SIX2",4.79038,4.78516,5.00029
"SIX3",3.04786,3.48502,3.5332
"SIX4",4.58329,4.48071,4.60472
"SIX5",3.73861,3.66388,3.68333
"SIX6",4.20988,3.99417,3.99054
"SKA1",1.38454,1.37373,1.25825
"SKA2",3.49039,3.83084,2.95171
"SKA3",1.6376,1.56069,1.6582
"SKAP1",1.57762,1.5093,1.79502
"SKAP2",2.93637,3.2849,2.80632
"SKCG.1",2.09585,1.92382,2.00516
"SKI",4.36774,4.95423,4.67095
"SKIL",6.39067,5.93506,5.71242
"SKIV2L",3.45328,3.33194,3.71475
"SKIV2L2",4.79084,4.98069,4.89485
"SKOR1",4.08288,3.91219,4.33928
"SKOR2",3.26591,3.16506,3.25912
"SKP1",3.24102,2.98826,2.93304
"SKP2",3.18881,4.18684,3.24731
"SLA",2.46703,2.37084,2.32165
"SLA2",3.62684,2.95122,3.17406
"SLAIN1",2.46927,2.49355,2.82042
"SLAIN2",5.14606,5.6269,5.21095
"SLAMF1",1.97741,1.79802,2.08891
"SLAMF6",1.64565,2.03687,1.75243
"SLAMF7",2.01413,1.79122,1.74624
"SLAMF8",3.44249,2.81908,3.33243
"SLAMF9",1.91048,2.30941,2.21914
"SLBP",4.71607,4.88122,4.4415
"SLC10A1",2.21011,2.49257,2.42054
"SLC10A2",2.87423,2.768,2.52431
"SLC10A3",4.67728,4.58361,4.68852
"SLC10A4",3.59902,3.3801,3.1664
"SLC10A5",1.82194,1.63163,1.88696
"SLC10A6",2.76413,2.81177,3.56197
"SLC10A7",2.38284,3.70085,3.32737
"SLC11A1",2.70482,2.523,2.14251
"SLC11A2",3.22916,3.33423,3.15686
"SLC12A1",1.8075,1.73659,1.95195
"SLC12A2",6.35228,3.8696,4.48907
"SLC12A3",3.06806,2.45074,2.97268
"SLC12A4",3.18231,3.7477,3.35969
"SLC12A5",1.48709,1.88152,1.76578
"SLC12A6",3.4425,3.35447,3.82213
"SLC12A7",2.41051,2.39413,2.72177
"SLC12A8",2.92542,2.68628,2.99175
"SLC12A9",3.26382,3.16518,3.42028
"SLC13A1",1.70765,1.75803,2.2448
"SLC13A2",2.84927,2.6607,3.03571
"SLC13A3",3.1348,3.121,3.26774
"SLC13A4",3.65822,3.90333,3.1711
"SLC13A5",4.15927,3.89856,4.49003
"SLC14A1",5.17152,6.604,4.60242
"SLC14A2",3.3614,3.34656,3.16726
"SLC15A1",1.93912,1.87809,2.43844
"SLC15A2",3.17126,3.99945,3.11493
"SLC15A3",3.50833,3.89305,3.39774
"SLC15A4",3.32734,3.11539,2.82301
"SLC15A5",1.51415,1.45763,1.44767
"SLC16A1",2.74311,2.20455,2.50521
"SLC16A10",2.38926,2.01607,2.24715
"SLC16A11",3.57618,3.56323,3.83491
"SLC16A12",1.51073,1.64472,2.00614
"SLC16A13",3.15293,3.13314,3.40578
"SLC16A14",2.24838,2.2579,2.6098
"SLC16A2",3.57551,3.5371,3.77206
"SLC16A3",4.04999,3.65555,4.25652
"SLC16A4",2.96284,3.66476,2.69401
"SLC16A5",4.33868,3.94467,4.42313
"SLC16A6",1.86792,1.52193,1.963
"SLC16A7",1.88868,2.0678,2.68082
"SLC16A8",3.86356,3.9028,3.74986
"SLC16A9",3.02718,1.89238,2.24133
"SLC17A1",1.73379,1.89465,1.77324
"SLC17A2",1.868,1.73612,2.3741
"SLC17A3",2.16183,1.84427,1.6644
"SLC17A4",1.56892,1.37973,1.94092
"SLC17A5",3.88238,3.64039,4.01909
"SLC17A6",1.21803,1.65698,1.31591
"SLC17A7",2.44121,2.26404,2.39692
"SLC17A8",2.21489,1.75902,2.21963
"SLC17A9",2.85592,2.68788,3.095
"SLC18A1",2.13833,2.17952,2.30693
"SLC18A2",2.71674,2.59688,2.77488
"SLC18A3",2.91926,2.56229,3.41565
"SLC19A1",4.29259,4.24444,4.68926
"SLC19A2",3.20883,2.64424,3.07426
"SLC19A3",2.1344,2.24249,2.37745
"SLC1A1",2.2398,2.56398,2.40539
"SLC1A2",2.38779,2.59526,2.18881
"SLC1A3",2.64974,2.34434,2.15012
"SLC1A4",3.00891,3.84138,3.13629
"SLC1A5",4.51126,4.1711,4.7117
"SLC1A6",3.08378,2.65949,2.65295
"SLC1A7",3.37901,3.58637,2.8127
"SLC20A1",3.71747,3.23486,3.42458
"SLC20A2",3.58122,2.6966,3.90794
"SLC22A1",3.30774,3.31137,3.21553
"SLC22A10",2.05985,1.39279,1.4714
"SLC22A11",3.85491,3.54341,3.92039
"SLC22A12",3.06231,3.22542,3.59635
"SLC22A13",3.34058,2.83864,3.31434
"SLC22A14",2.51247,2.72253,2.54479
"SLC22A15",2.64288,2.53703,2.60694
"SLC22A16",1.63851,1.81279,2.11549
"SLC22A17",5.03883,4.82417,4.89263
"SLC22A18",4.63748,4.30297,4.48494
"SLC22A18AS",3.27663,3.05678,2.87716
"SLC22A2",2.32153,2.0242,1.89091
"SLC22A20",2.09645,2.71047,2.46119
"SLC22A23",4.57564,4.96593,4.79353
"SLC22A24",1.84773,1.88082,1.89346
"SLC22A25",1.92347,1.98117,1.97588
"SLC22A3",4.78955,4.71209,3.8565
"SLC22A4",2.25706,3.22689,2.62974
"SLC22A5",3.51858,2.94485,3.12941
"SLC22A6",3.46912,3.37301,3.33497
"SLC22A7",2.71378,2.47066,2.57592
"SLC22A8",2.6332,2.46183,2.89879
"SLC22A9",2.84865,2.82921,3.47459
"SLC23A1",4.25744,4.236,4.85046
"SLC23A2",3.70743,4.20628,3.74488
"SLC23A3",3.33981,3.11709,3.43312
"SLC24A1",3.05725,2.98049,3.8047
"SLC24A2",2.36194,2.34777,2.76452
"SLC24A3",3.39014,3.44818,3.11374
"SLC24A4",2.11378,1.85351,1.76675
"SLC24A5",2.50954,2.78043,2.75195
"SLC24A6",3.4021,3.56837,3.2934
"SLC25A1",4.31134,4.3095,4.32982
"SLC25A10",3.85708,3.5916,3.58085
"SLC25A11",2.76965,3.62237,2.95255
"SLC25A12",2.81008,3.40435,2.94702
"SLC25A13",3.19341,3.11194,3.29598
"SLC25A14",2.22287,2.10744,2.15076
"SLC25A15",2.54415,2.62525,3.23174
"SLC25A16",4.8329,4.45789,4.3019
"SLC25A17",3.82012,3.58682,4.52904
"SLC25A18",2.70823,2.53141,2.43086
"SLC25A19",2.50031,2.34402,2.26828
"SLC25A2",2.62239,2.20557,3.07738
"SLC25A20",2.22797,2.09029,1.9368
"SLC25A21",1.79589,1.21005,1.52327
"SLC25A22",3.67248,3.1975,3.09697
"SLC25A23",3.39797,3.68282,3.55879
"SLC25A24",2.57053,2.35601,2.41684
"SLC25A25",3.71001,2.58928,3.11071
"SLC25A26",3.76556,4.07435,3.69379
"SLC25A27",4.85608,5.5357,4.13459
"SLC25A28",4.36682,3.6529,4.57934
"SLC25A29",4.24587,4.25499,4.42797
"SLC25A3",4.63476,4.98064,4.73386
"SLC25A30",1.91423,3.1302,2.93269
"SLC25A31",1.9017,1.76518,1.72272
"SLC25A32",4.44071,4.34824,4.32724
"SLC25A33",4.28389,2.12272,3.05532
"SLC25A34",3.38777,3.11215,3.11086
"SLC25A35",3.41682,2.87304,3.32939
"SLC25A36",4.15233,5.3189,5.30602
"SLC25A37",5.50565,5.37443,5.45745
"SLC25A38",4.86701,5.22167,5.24195
"SLC25A39",4.7195,4.45487,4.45704
"SLC25A4",4.15803,4.17064,3.71685
"SLC25A40",2.62457,3.07237,2.89474
"SLC25A41",3.07682,3.3565,2.95253
"SLC25A42",4.30618,4.52426,4.26826
"SLC25A43",2.86184,2.88114,2.93072
"SLC25A44",4.28688,3.093,3.96165
"SLC25A45",3.19654,3.54694,3.35113
"SLC25A46",4.33477,4.2828,4.51473
"SLC25A47",3.63974,3.71057,3.80788
"SLC25A48",3.62586,3.53703,3.92258
"SLC25A5",4.32264,4.1162,4.4279
"SLC25A6",6.38245,7.06319,6.51865
"SLC26A1",3.13645,2.74398,3.26413
"SLC26A10",2.91922,3.091,3.14049
"SLC26A11",3.12035,3.12129,3.54174
"SLC26A2",3.67676,3.83726,4.33159
"SLC26A3",1.32001,1.38089,1.5037
"SLC26A4",3.33782,1.88857,2.19119
"SLC26A5",1.82141,2.11865,2.3939
"SLC26A6",3.3286,4.05286,3.59727
"SLC26A7",1.60208,1.46692,1.43063
"SLC26A8",2.34036,1.54388,1.98549
"SLC26A9",2.84652,2.39549,2.15737
"SLC27A1",3.17245,3.4008,2.97829
"SLC27A2",2.24781,2.27613,2.08174
"SLC27A3",3.19265,2.88274,2.48433
"SLC27A4",3.92764,4.21237,4.11087
"SLC27A5",2.98852,3.24683,3.1471
"SLC27A6",2.03113,1.72783,1.83854
"SLC28A1",2.34581,2.01881,2.31872
"SLC28A2",2.41348,1.88458,2.51255
"SLC28A3",2.15355,2.42225,2.32148
"SLC29A1",4.28254,4.56075,4.00829
"SLC29A2",4.23805,3.95319,4.62703
"SLC29A3",3.9036,3.93817,3.58219
"SLC29A4",2.72062,2.32738,2.85805
"SLC2A1",3.989,3.67236,3.64977
"SLC2A10",4.99574,4.84385,5.11267
"SLC2A11",3.17896,2.91574,3.17537
"SLC2A12",4.94572,4.95298,4.7043
"SLC2A13",2.93302,2.91365,2.76741
"SLC2A14",2.93736,2.10477,2.53467
"SLC2A2",1.68915,1.58916,1.64898
"SLC2A3",5.02605,2.39062,4.42917
"SLC2A4",3.49296,3.33152,3.44394
"SLC2A4RG",4.60494,3.96948,4.31484
"SLC2A5",2.55274,3.16484,2.71733
"SLC2A6",3.45482,2.51586,3.29024
"SLC2A7",2.2838,1.95396,1.86137
"SLC2A8",3.71242,3.28791,3.2251
"SLC2A9",2.43836,2.16823,2.25088
"SLC30A1",3.40212,3.79695,3.40228
"SLC30A10",2.28254,2.20667,1.69982
"SLC30A2",3.72474,3.00827,3.34474
"SLC30A3",3.22636,3.03388,3.57382
"SLC30A4",6.5723,7.00198,7.16532
"SLC30A5",2.89592,2.52245,2.70497
"SLC30A6",2.80991,2.22677,2.28028
"SLC30A7",2.87629,2.98021,3.01063
"SLC30A8",2.28875,2.08098,2.51801
"SLC30A9",4.8918,4.97709,5.06028
"SLC31A1",4.73818,4.56457,4.43946
"SLC31A2",4.1061,4.76607,4.59994
"SLC32A1",3.55301,3.28201,3.52811
"SLC33A1",3.3204,3.54121,3.71352
"SLC34A1",3.43201,2.89845,3.22801
"SLC34A2",2.62329,1.78854,2.41862
"SLC34A3",3.86139,3.07857,3.66628
"SLC35A1",4.35086,4.47258,3.64645
"SLC35A2",3.92876,3.7613,3.99476
"SLC35A3",3.76851,3.77492,3.45156
"SLC35A4",3.96571,3.87043,3.34081
"SLC35A5",2.63909,3.29416,3.1424
"SLC35B1",4.88481,5.20907,4.54035
"SLC35B2",3.7673,3.81678,4.16242
"SLC35B3",3.29631,3.73675,3.26403
"SLC35B4",3.38777,3.16094,3.41122
"SLC35C1",3.32382,3.38606,4.04795
"SLC35C2",4.50675,4.67151,4.92822
"SLC35D1",2.39162,3.03006,2.25364
"SLC35D2",3.27481,3.27232,3.41818
"SLC35D3",3.79293,4.02078,3.81859
"SLC35E1",5.09915,5.11134,4.8219
"SLC35E2B",3.59796,4.14668,3.55928
"SLC35E3",3.50242,3.89163,3.3815
"SLC35E4",2.86815,2.44684,2.92109
"SLC35F1",2.34958,2.68536,2.94643
"SLC35F2",3.26787,3.08754,3.62107
"SLC35F3",3.30136,2.7446,2.86572
"SLC35F4",2.46452,2.62903,2.93094
"SLC35F5",4.02011,4.5324,3.73526
"SLC36A1",2.66626,3.47164,3.67169
"SLC36A2",2.04401,2.16278,2.30218
"SLC36A3",1.79318,1.68206,2.15196
"SLC36A4",2.09922,2.62143,2.07669
"SLC37A1",3.73897,3.50322,3.75672
"SLC37A2",2.92289,3.33099,2.55743
"SLC37A3",3.42071,3.70514,3.19619
"SLC37A4",3.34113,3.99323,3.59216
"SLC38A1",5.41665,5.79694,5.07857
"SLC38A10",3.92997,3.64572,3.90801
"SLC38A11",4.39328,3.17787,3.68549
"SLC38A2",4.72357,4.62006,4.79105
"SLC38A3",2.20848,2.22918,2.12347
"SLC38A4",2.31351,1.94518,1.93917
"SLC38A5",2.50353,2.77917,2.6174
"SLC38A6",3.62976,3.11917,2.85606
"SLC38A7",3.09375,3.58259,3.18729
"SLC38A8",3.79686,3.71662,3.69079
"SLC38A9",2.31169,2.42682,2.04033
"SLC39A1",4.26558,3.50691,4.05752
"SLC39A10",3.60555,4.47714,3.61676
"SLC39A11",2.91699,2.76145,2.99996
"SLC39A12",1.74571,1.78261,1.72048
"SLC39A13",3.17703,2.95642,3.317
"SLC39A14",2.7943,2.46249,2.56608
"SLC39A2",2.11297,2.47387,2.11708
"SLC39A3",4.12879,3.45023,4.19034
"SLC39A4",4.15681,4.08649,4.57757
"SLC39A5",2.65191,2.40494,2.37287
"SLC39A6",4.88706,4.55541,4.64256
"SLC39A7",5.384,5.65715,5.4455
"SLC39A8",3.87572,4.17026,3.69033
"SLC39A9",4.08157,4.26513,3.86608
"SLC3A1",1.79547,1.62446,1.81722
"SLC3A2",4.30655,3.64287,4.26063
"SLC40A1",3.5223,3.43865,3.4187
"SLC41A1",3.35208,3.45885,3.71824
"SLC41A2",2.00103,2.12188,1.84363
"SLC41A3",3.41362,3.5282,3.38902
"SLC43A1",3.8562,4.21344,4.60571
"SLC43A2",3.90198,3.34918,3.82965
"SLC43A3",3.18021,3.33762,3.00316
"SLC44A1",3.32606,3.25827,2.9109
"SLC44A2",5.29013,5.47837,4.9496
"SLC44A3",4.04464,3.33496,3.37096
"SLC44A4",6.51833,5.77612,6.38898
"SLC44A5",1.75705,1.6689,2.68161
"SLC45A1",3.11103,2.73886,2.80118
"SLC45A2",2.18878,1.68159,2.54048
"SLC45A3",6.06494,6.68159,6.07144
"SLC45A4",2.90323,2.93002,3.17867
"SLC46A1",2.94207,3.08406,4.24835
"SLC46A2",3.46504,3.17367,3.31072
"SLC46A3",1.56992,1.71441,1.56203
"SLC47A1",2.97422,3.20058,3.71493
"SLC47A2",2.3265,2.48663,2.32966
"SLC48A1",4.10574,3.82828,3.79412
"SLC4A1",2.71297,2.37948,2.5748
"SLC4A10",1.78672,1.97581,2.54942
"SLC4A11",4.00335,4.1195,3.68916
"SLC4A1AP",3.01871,2.45881,2.32693
"SLC4A2",3.81896,3.74598,3.81245
"SLC4A3",3.98676,4.05828,4.42464
"SLC4A4",5.43424,4.73218,4.652
"SLC4A5",2.6369,2.05535,2.75367
"SLC4A7",3.0713,2.91494,2.58694
"SLC4A8",1.95488,1.9527,1.79066
"SLC4A9",2.76206,2.94943,3.04434
"SLC5A1",2.22458,2.05508,2.16975
"SLC5A10",2.9342,2.85698,2.91228
"SLC5A11",2.94963,2.58305,2.66504
"SLC5A12",2.16804,1.98312,1.94614
"SLC5A2",3.65286,3.44768,3.71719
"SLC5A3",3.01072,2.92002,2.67078
"SLC5A4",3.72025,3.37034,3.19498
"SLC5A5",2.96877,2.40894,2.59372
"SLC5A6",2.46446,2.5875,2.83874
"SLC5A7",1.8012,1.82043,1.583
"SLC5A8",1.36577,1.39952,1.69362
"SLC5A9",2.9862,2.88779,2.7214
"SLC6A1",2.82228,2.68316,3.0104
"SLC6A11",2.62092,2.50741,2.72735
"SLC6A12",2.92738,2.24283,2.97091
"SLC6A13",2.87641,2.12569,3.05711
"SLC6A14",1.92727,1.90631,1.48711
"SLC6A15",1.6323,1.68756,2.24818
"SLC6A16",3.31731,2.7163,3.10357
"SLC6A17",2.35394,2.20141,2.12269
"SLC6A18",3.18472,2.99745,3.10467
"SLC6A19",3.16951,3.07017,2.89865
"SLC6A2",3.41133,3.4099,3.52051
"SLC6A20",3.03213,2.97852,2.80376
"SLC6A3",3.68906,3.80285,4.05393
"SLC6A4",2.65518,2.47207,2.78105
"SLC6A5",2.15341,2.32576,3.02177
"SLC6A6",3.50243,3.35681,3.39484
"SLC6A7",3.23165,2.86383,2.87028
"SLC6A8",4.49231,4.51444,4.73376
"SLC6A9",3.4545,3.42507,3.84548
"SLC7A1",3.84216,3.46861,3.45203
"SLC7A10",3.72051,3.32453,3.90742
"SLC7A11",1.89959,1.73407,2.14966
"SLC7A13",1.57171,1.66845,1.27525
"SLC7A14",2.03734,1.67649,2.05254
"SLC7A2",5.04235,3.81732,3.87706
"SLC7A3",2.39695,2.21668,2.16133
"SLC7A4",3.40015,3.19137,3.28424
"SLC7A5",4.07295,3.40067,3.34311
"SLC7A5P2",5.9266,6.73834,6.20357
"SLC7A6",3.73524,3.85734,4.2244
"SLC7A6OS",4.9101,5.45529,4.76564
"SLC7A7",2.39705,2.26133,2.2567
"SLC7A8",4.55444,4.58953,4.21935
"SLC7A9",2.8431,2.57484,2.93829
"SLC8A1",2.65639,3.44548,2.34206
"SLC8A2",2.98733,3.08586,2.96713
"SLC8A3",2.42534,2.04618,2.25648
"SLC9A1",3.9806,3.60093,3.66219
"SLC9A10",1.32323,1.59389,1.42303
"SLC9A11",1.39069,1.58457,1.79007
"SLC9A2",3.52166,3.14885,3.55197
"SLC9A3",3.43519,3.35004,3.40013
"SLC9A3R1",4.81999,4.93339,5.29449
"SLC9A3R2",4.95445,5.11736,5.01021
"SLC9A4",2.16281,1.74217,1.92949
"SLC9A5",2.28072,3.2196,2.09947
"SLC9A6",1.64711,1.5937,1.73441
"SLC9A7",2.87823,3.21899,2.51744
"SLC9A8",3.70956,3.26223,3.92511
"SLC9A9",3.88875,4.26721,3.56391
"SLCO1A2",1.60988,1.36781,1.83483
"SLCO1B1",1.46365,1.61503,1.58799
"SLCO1B3",1.47292,1.55161,1.09006
"SLCO1C1",1.63628,1.5198,1.64184
"SLCO2A1",4.5428,4.23806,3.93637
"SLCO2B1",2.53455,3.31106,2.87049
"SLCO3A1",3.80244,3.30425,3.86969
"SLCO4A1",3.86077,3.75165,3.45276
"SLCO4C1",1.45012,1.61176,1.53718
"SLCO5A1",3.26241,3.11672,3.04068
"SLCO6A1",1.38316,1.41407,1.47998
"SLED1",4.06678,2.46834,4.51801
"SLFN11",2.00499,2.71024,1.99886
"SLFN12",2.16565,2.62791,2.7354
"SLFN12L",3.42826,2.78802,3.54922
"SLFN13",2.92532,1.9958,2.54022
"SLFN14",1.59236,1.68772,2.22664
"SLFN5",4.30472,5.00756,3.70159
"SLFNL1",4.40695,3.98097,4.60851
"SLIT1",2.98277,2.97708,3.22742
"SLIT2",4.649,4.92767,3.84119
"SLIT3",3.48073,4.22358,3.57326
"SLITRK1",2.50803,1.85036,2.39559
"SLITRK2",2.41528,2.01403,2.14778
"SLITRK3",1.94023,1.92097,1.85849
"SLITRK4",2.05692,1.67018,2.07314
"SLITRK5",3.90377,3.03873,3.67681
"SLITRK6",1.90219,1.60861,1.48893
"SLK",4.84895,5.35036,4.4787
"SLMAP",5.23679,5.38672,5.25995
"SLMO1",3.14049,3.08509,3.16757
"SLMO2",4.92814,4.89738,4.96158
"SLN",2.04475,2.26462,2.14458
"SLPI",2.92432,2.42052,3.21034
"SLTM",5.0602,5.46422,5.46939
"SLU7",3.39213,3.71881,3.50323
"SLURP1",3.60792,3.26483,3.72812
"SLX4",3.44811,3.62995,3.79304
"SMA5",6.15377,6.67938,5.66177
"SMAD1",3.69591,4.7654,4.0718
"SMAD2",3.12101,3.35116,3.04332
"SMAD3",4.8871,4.97658,5.07211
"SMAD4",4.56206,4.87554,4.79259
"SMAD5",2.91424,3.60666,2.7912
"SMAD5OS",1.88785,2.11164,2.2593
"SMAD6",2.94685,3.59952,3.107
"SMAD7",3.26428,3.15739,2.78944
"SMAD9",4.64075,4.49629,4.39
"SMAGP",3.33021,3.40004,3.52235
"SMAP1",5.11976,4.97962,5.01534
"SMAP2",4.21549,4.51448,4.30713
"SMARCA1",5.6609,6.39071,4.78561
"SMARCA2",5.07038,5.32781,4.78878
"SMARCA4",5.25253,4.99024,5.27856
"SMARCA5",4.8997,4.92433,4.69857
"SMARCAD1",3.39894,3.6987,3.41001
"SMARCAL1",2.58544,2.81402,3.0043
"SMARCB1",4.68366,5.07672,5.01452
"SMARCC1",5.14461,5.45689,5.12778
"SMARCC2",5.72935,5.87639,5.67351
"SMARCD1",4.34852,4.61364,4.00166
"SMARCD2",4.06604,4.15685,3.47209
"SMARCD3",3.96222,4.13916,4.08791
"SMARCE1",3.64594,4.18888,3.76294
"SMC1A",3.49846,3.63456,3.50894
"SMC1B",1.80635,1.62157,1.70503
"SMC2",2.4376,2.3197,3.34766
"SMC3",3.494,3.75419,3.1893
"SMC4",3.20673,4.15424,3.37189
"SMC5",5.34517,5.39059,5.13035
"SMC6",3.3563,3.67852,2.46485
"SMCHD1",4.90121,4.46901,4.51479
"SMCP",2.27429,1.93319,2.39776
"SMCR5",1.94509,2.24731,2.17607
"SMCR7",4.72863,4.33186,4.61312
"SMCR7L",2.85111,3.02511,3.15125
"SMCR8",2.72326,2.82039,3.04731
"SMEK1",4.70665,4.10573,4.05457
"SMEK2",4.68763,4.9061,4.48616
"SMEK3P",2.68434,2.01519,2.22532
"SMG1",6.25072,6.83019,6.44678
"SMG5",4.51571,4.447,4.21825
"SMG6",4.57398,4.35604,4.21516
"SMG7",3.51195,4.31256,3.53486
"SMN1",4.2175,5.14855,4.37072
"SMNDC1",4.86626,5.53476,4.11841
"SMO",3.6249,3.06913,3.77512
"SMOC1",4.55824,5.85861,4.75805
"SMOC2",3.60186,3.42613,3.36841
"SMOX",3.81328,3.72282,3.60026
"SMPD1",3.39832,2.55951,3.29171
"SMPD2",3.60876,3.55721,3.32928
"SMPD3",2.4458,2.40166,2.89252
"SMPD4",3.97,4.22759,3.68879
"SMPDL3A",3.95681,5.55446,4.19415
"SMPDL3B",3.19292,2.45226,3.32472
"SMPX",1.43364,1.47771,1.53651
"SMR3A",3.51642,3.05159,3.67687
"SMR3B",2.10175,2.98681,2.54958
"SMS",6.46288,6.95749,6.54035
"SMTN",4.98792,4.31157,4.38671
"SMTNL2",4.57321,4.17579,4.58815
"SMU1",3.22125,3.16519,2.89862
"SMUG1",3.64132,3.78283,4.08436
"SMURF1",4.60997,4.45014,4.26656
"SMURF2",4.07485,4.54605,3.85451
"SMYD1",1.71866,1.56467,1.66266
"SMYD2",2.52694,3.40456,2.79141
"SMYD3",3.29907,4.13857,3.46949
"SMYD4",3.10449,3.67996,3.57616
"SMYD5",3.619,3.309,3.15983
"SNAI1",2.02755,2.02366,2.60317
"SNAI2",4.04045,5.40578,4.13355
"SNAI3",3.81018,4.13671,3.50889
"SNAP23",5.68955,6.12227,5.81013
"SNAP25",2.25006,2.16017,2.27445
"SNAP29",3.23594,3.94652,4.26012
"SNAP47",3.08398,2.9908,2.86706
"SNAP91",2.98901,3.02233,3.17005
"SNAPC1",3.4896,3.53444,4.59402
"SNAPC2",4.91993,4.59567,4.40532
"SNAPC3",4.45916,5.67792,4.69528
"SNAPC4",3.58655,3.3689,3.5876
"SNAPC5",3.54546,3.51901,4.00138
"SNAPIN",3.09732,2.74764,3.15935
"SNCA",4.20578,4.00206,4.27733
"SNCAIP",4.00689,3.88517,3.8676
"SNCB",3.35957,3.16102,3.03278
"SNCG",4.70401,5.04924,4.66601
"SND1",5.02032,5.12292,4.92629
"SNED1",3.6563,4.07375,3.55181
"SNF8",3.94452,3.90787,5.08802
"SNHG11",3.86217,3.45098,3.53198
"SNHG12",2.99762,3.09195,3.82381
"SNIP1",5.25545,5.09674,5.32814
"SNN",5.41752,5.27211,5.28051
"SNORA1",4.78254,4.72717,4.87632
"SNORA10",9.33392,10.1129,8.71266
"SNORA13",6.92681,8.12731,6.09119
"SNORA14A",6.40301,6.57988,6.44927
"SNORA14B",9.31329,9.52994,8.96765
"SNORA15",4.82799,4.60552,4.43856
"SNORA16A",6.42313,6.29032,5.38496
"SNORA16B",1.40761,1.41445,1.36708
"SNORA19",2.93796,4.12982,2.82159
"SNORA20",7.10513,6.92033,6.20729
"SNORA21",6.01718,6.66266,6.25531
"SNORA22",6.91478,7.00175,6.24415
"SNORA23",7.33439,8.06415,7.56733
"SNORA24",8.9536,9.60051,8.03245
"SNORA27",5.23074,5.52892,4.56095
"SNORA28",6.79282,7.42497,6.61679
"SNORA29",1.50796,1.41964,1.47237
"SNORA2A",3.34937,3.85612,3.60524
"SNORA2B",2.50862,2.01891,1.70259
"SNORA3",9.96036,10.3438,9.19585
"SNORA30",1.80359,1.95395,1.84129
"SNORA31",5.94585,6.38797,4.98208
"SNORA33",5.35534,5.61613,4.87611
"SNORA35",4.67372,3.78977,2.85631
"SNORA36A",5.62459,7.03821,5.26175
"SNORA36C",4.03991,4.50892,4.49409
"SNORA37",5.57534,4.9616,5.64822
"SNORA38",4.77601,4.86778,5.50781
"SNORA38B",8.59873,8.52244,7.98251
"SNORA4",7.18539,6.66819,6.32803
"SNORA40",6.80499,8.04286,6.71133
"SNORA41",5.3975,6.12245,5.0529
"SNORA42",9.48178,9.83854,9.28167
"SNORA44",6.00805,6.52191,6.13024
"SNORA45",6.42856,7.0281,5.8456
"SNORA46",5.74179,6.21169,4.81628
"SNORA48",10.4358,11.1721,10.0406
"SNORA49",5.62369,7.24116,6.02034
"SNORA50",7.78817,8.14575,7.0704
"SNORA51",5.13006,5.00812,4.96652
"SNORA52",7.53829,8.47147,7.21861
"SNORA54",5.44952,6.34201,6.13375
"SNORA55",6.20019,6.25127,5.7342
"SNORA56",2.91095,3.27063,3.61303
"SNORA57",8.20696,8.53179,7.96369
"SNORA58",7.17746,7.33655,5.81775
"SNORA59A",5.31536,4.49557,5.12536
"SNORA5A",6.33429,6.73721,5.53257
"SNORA5B",3.91991,3.82228,3.9064
"SNORA5C",4.79785,5.58105,4.83192
"SNORA6",6.28443,7.1152,5.58244
"SNORA60",8.42548,8.45355,7.68039
"SNORA61",8.22153,8.50979,7.77756
"SNORA62",8.1292,8.858,7.61846
"SNORA64",7.05838,8.12626,5.4833
"SNORA65",5.04581,6.15759,4.3228
"SNORA67",4.60307,4.47766,4.0368
"SNORA68",5.99233,7.74579,6.37653
"SNORA69",3.79339,4.92778,4.65622
"SNORA70",6.72375,7.06144,5.79017
"SNORA70B",1.48577,1.67846,1.81291
"SNORA70C",2.10114,1.62813,2.79617
"SNORA70D",3.30966,3.35131,3.53674
"SNORA70E",2.83919,2.29846,3.37913
"SNORA70F",2.238,2.48441,2.73762
"SNORA70G",5.23675,3.98934,5.92778
"SNORA71A",4.48386,6.09272,4.9661
"SNORA71B",7.93701,7.89387,7.2605
"SNORA71C",5.14051,5.1139,5.20967
"SNORA71D",8.29201,9.0487,8.32168
"SNORA73A",9.66848,11.2477,8.4323
"SNORA74A",6.31816,7.37918,6.11266
"SNORA75",9.21914,10.1268,8.86781
"SNORA7B",6.1846,6.83657,5.13331
"SNORA8",7.14925,7.97317,6.50391
"SNORA80",6.48722,6.38914,5.88429
"SNORA80B",4.49905,4.42156,4.52651
"SNORA9",5.90699,6.66409,6.1641
"SNORD101",3.38795,3.49998,3.5274
"SNORD102",9.93012,10.4663,9.47433
"SNORD103A",6.60337,6.90575,5.76113
"SNORD104",7.72901,7.4586,7.842
"SNORD105",5.24874,5.56962,4.65472
"SNORD109A",5.11817,6.92443,7.81825
"SNORD113.3",1.40527,2.98105,2.49904
"SNORD113.4",1.18158,2.02957,1.18734
"SNORD114.2",1.39868,3.38584,1.97883
"SNORD114.26",1.57159,1.87041,1.77825
"SNORD114.3",3.61408,3.49583,4.74526
"SNORD114.6",1.41942,1.27453,1.10812
"SNORD115.1",4.44853,5.11379,4.32953
"SNORD115.10",1.12662,1.40685,1.06287
"SNORD115.11",4.27856,5.50711,3.39301
"SNORD115.12",4.1628,5.36867,3.19977
"SNORD115.14",1.30594,1.23678,1.1535
"SNORD115.15",1.15515,1.08755,1.05513
"SNORD115.17",2.69053,2.89646,2.28927
"SNORD115.2",1.22095,1.5654,1.1691
"SNORD115.20",3.34661,4.18988,2.40065
"SNORD115.21",1.24593,1.17186,1.0319
"SNORD115.24",2.13037,2.88205,2.12058
"SNORD115.25",2.71083,3.65835,2.15228
"SNORD115.26",4.2658,5.45398,3.24319
"SNORD115.3",1.10696,1.26798,1.16408
"SNORD115.30",1.56507,2.32857,1.46178
"SNORD115.31",1.15522,1.54435,1.1275
"SNORD115.32",4.10989,6.69641,3.25977
"SNORD115.33",2.4447,4.80516,2.48464
"SNORD115.34",1.1448,1.11994,0.917954
"SNORD115.35",1.11672,1.34718,0.930795
"SNORD115.37",1.35165,1.17639,1.17976
"SNORD115.38",1.60884,3.23196,2.30199
"SNORD115.4",1.04397,1.04268,1.40075
"SNORD115.40",1.00558,1.3702,1.22442
"SNORD115.41",1.52756,1.42951,1.29274
"SNORD115.42",4.29209,5.01892,4.02359
"SNORD115.44",2.73409,5.01873,3.05274
"SNORD115.48",1.55379,1.00293,1.53595
"SNORD115.6",4.24881,4.96096,4.01461
"SNORD115.7",1.85888,1.80488,1.27053
"SNORD115.8",0.995054,2.26555,1.47995
"SNORD116.1",5.02878,6.78064,5.62011
"SNORD116.10",2.93043,3.23186,3.04093
"SNORD116.11",2.46678,3.38156,2.17731
"SNORD116.12",3.45462,4.07651,3.4947
"SNORD116.13",1.70465,1.90699,1.79659
"SNORD116.14",7.61549,9.49673,7.58683
"SNORD116.15",9.7799,11.0798,9.52157
"SNORD116.16",4.67651,6.77739,4.93808
"SNORD116.17",9.50051,10.6817,9.4067
"SNORD116.18",1.26491,4.49699,1.62797
"SNORD116.2",9.78585,9.1226,9.90049
"SNORD116.20",7.45648,9.43907,7.59228
"SNORD116.21",5.83158,6.73481,5.24416
"SNORD116.22",5.21855,6.46094,3.97903
"SNORD116.23",5.95214,7.51539,5.79928
"SNORD116.24",7.24717,8.98546,7.59657
"SNORD116.25",3.70854,5.31642,3.79175
"SNORD116.26",6.35535,5.96911,6.35696
"SNORD116.27",2.93028,3.6646,2.70149
"SNORD116.28",1.80653,5.05878,4.12314
"SNORD116.29",2.78698,4.84021,3.83851
"SNORD116.3",7.87524,9.42403,8.29584
"SNORD116.4",5.83826,7.47327,6.14485
"SNORD116.5",6.5195,8.2914,7.11358
"SNORD116.6",10.1036,9.34359,10.3279
"SNORD116.8",8.31804,9.67342,8.5565
"SNORD117",5.43412,4.96881,5.66144
"SNORD12C",5.49573,6.12574,5.52663
"SNORD13",10.4197,11.1676,10.1939
"SNORD13P1",1.41101,3.74313,2.36063
"SNORD13P2",2.87039,4.68814,5.96337
"SNORD14C",5.62257,7.74281,6.83351
"SNORD14E",2.64925,3.70217,4.64196
"SNORD15A",5.05273,6.26926,4.95847
"SNORD15B",4.36463,5.33611,4.07619
"SNORD1A",2.7104,1.88118,2.12957
"SNORD1B",1.18987,1.36634,1.1103
"SNORD1C",4.61443,5.63293,4.71863
"SNORD20",3.23673,3.02481,3.1776
"SNORD21",6.46123,7.62417,5.59569
"SNORD22",4.27061,4.13183,3.47846
"SNORD24",7.24175,8.20544,6.35984
"SNORD25",1.90146,1.10331,1.39966
"SNORD26",5.95922,5.30539,5.67865
"SNORD27",1.78997,1.92912,2.56126
"SNORD28",3.99706,5.50257,6.54842
"SNORD29",6.41443,6.66111,6.84368
"SNORD30",5.48923,5.57803,6.54545
"SNORD31",4.81979,2.94605,2.95201
"SNORD32A",9.13082,9.98379,8.02271
"SNORD32B",5.16712,5.41459,4.77768
"SNORD33",9.74979,10.5421,9.70474
"SNORD34",6.97696,7.37709,7.39046
"SNORD35A",3.46482,3.59399,4.56423
"SNORD36B",4.82636,6.32717,4.31321
"SNORD36C",3.73696,4.08905,3.58494
"SNORD37",2.56175,2.6514,2.84849
"SNORD38A",3.48358,1.94531,2.20624
"SNORD38B",2.71924,3.27463,3.19901
"SNORD3A",9.71245,9.77732,9.0513
"SNORD41",5.08551,6.6148,4.09223
"SNORD42A",3.94588,2.82901,3.31399
"SNORD42B",2.31839,3.80899,2.98477
"SNORD43",6.25191,5.26277,6.48554
"SNORD44",4.731,5.7656,6.07448
"SNORD45A",4.53451,6.17431,4.38312
"SNORD45B",2.85861,3.11911,2.66583
"SNORD45C",1.23999,1.37716,1.16368
"SNORD46",10.413,11.1009,9.88969
"SNORD47",7.14378,7.72142,7.12557
"SNORD49A",4.76464,5.01051,3.31072
"SNORD49B",5.0352,4.72771,3.52758
"SNORD4A",3.21582,3.1473,3.8768
"SNORD4B",2.64341,3.56207,4.27019
"SNORD5",7.73084,8.70128,8.56447
"SNORD50A",9.02475,9.00085,8.23961
"SNORD50B",6.07431,5.12625,4.57166
"SNORD51",1.98212,2.19841,2.79682
"SNORD52",6.55227,7.70317,6.09691
"SNORD53",2.56159,3.88375,5.08959
"SNORD54",3.44164,3.14705,3.77073
"SNORD55",5.11934,6.51968,6.85807
"SNORD56B",6.94188,1.64431,6.47003
"SNORD57",9.4351,10.2936,9.43044
"SNORD58A",1.91843,2.03822,4.34277
"SNORD59A",1.1304,1.55418,1.75171
"SNORD59B",1.73929,2.21391,1.99852
"SNORD6",8.09064,7.94089,7.25233
"SNORD60",2.06923,2.44097,2.25648
"SNORD61",6.92848,7.58482,7.39203
"SNORD62A",6.62504,7.13959,7.15569
"SNORD63",6.44967,6.53836,7.21151
"SNORD68",7.04517,7.30612,7.45033
"SNORD7",3.19724,3.24339,2.62573
"SNORD73A",6.60785,6.91722,6.60197
"SNORD74",5.34493,6.46073,5.90107
"SNORD75",3.38675,4.09039,2.57556
"SNORD76",5.94826,7.14025,6.43849
"SNORD77",1.09919,1.25885,0.999436
"SNORD78",3.34437,3.77664,3.85814
"SNORD79",7.25722,8.27517,7.78706
"SNORD8",5.80634,5.22181,5.54081
"SNORD80",5.0137,6.06842,4.75223
"SNORD82",1.74543,1.69214,1.83104
"SNORD83A",5.47053,6.58049,5.53572
"SNORD83B",7.80148,8.04534,7.05643
"SNORD94",7.02799,7.25203,6.67955
"SNORD95",7.90321,8.57433,7.88449
"SNORD96A",3.8306,4.06272,4.48771
"SNORD96B",1.33838,1.53903,1.61588
"SNRK",4.20827,4.22727,4.50747
"SNRNP200",4.98329,5.07129,5.11439
"SNRNP25",4.52197,4.11765,4.00311
"SNRNP27",5.26844,5.22623,4.79835
"SNRNP35",4.13361,4.60686,4.20972
"SNRNP40",2.90113,3.14661,2.86462
"SNRNP48",3.63658,4.69573,4.33857
"SNRNP70",7.02816,7.11125,7.04188
"SNRPA",3.45471,4.02973,3.5904
"SNRPA1",1.622,2.10312,2.14001
"SNRPB",3.51246,3.7051,4.40256
"SNRPB2",4.76347,4.61112,3.65443
"SNRPC",4.37832,4.97343,4.88016
"SNRPD1",2.89611,2.70697,3.35817
"SNRPD2",5.28466,5.17913,5.27187
"SNRPD2P2",1.84978,2.03675,1.63145
"SNRPD3",3.61335,4.04032,3.36035
"SNRPE",2.98004,3.2333,3.33467
"SNRPF",2.68339,2.91117,2.4873
"SNRPG",3.74917,3.72355,3.71233
"SNRPN",4.76588,5.83688,5.35122
"SNTA1",4.4116,4.13794,4.32506
"SNTB1",3.68087,3.58959,3.63931
"SNTB2",4.34521,4.46394,3.82999
"SNTG1",2.06072,1.83701,1.62703
"SNTG2",2.5619,2.28619,2.77792
"SNTN",1.92636,1.47017,1.61987
"SNUPN",2.51231,2.78845,2.91113
"SNW1",4.6824,4.86472,3.82339
"SNX1",4.37444,4.10327,3.4337
"SNX10",2.91522,2.73062,2.92553
"SNX11",3.46508,2.85401,3.40841
"SNX12",3.28284,3.83394,3.55216
"SNX13",3.5298,4.15111,3.56427
"SNX14",3.10579,3.80164,3.51822
"SNX15",3.54576,3.33735,3.18764
"SNX16",1.70015,3.29008,2.3313
"SNX17",4.03958,3.79147,4.12842
"SNX18",2.94754,2.92542,3.26909
"SNX19",4.90002,4.81783,4.82448
"SNX2",4.25967,4.4727,4.09314
"SNX20",2.33051,2.15686,2.39869
"SNX21",4.11004,3.92738,3.4827
"SNX22",3.45703,3.26565,3.79962
"SNX24",1.9888,2.40028,3.11588
"SNX25",4.53733,4.92137,4.27322
"SNX27",3.55209,4.46789,3.81378
"SNX29",3.0519,3.48034,4.47437
"SNX3",3.64761,4.10967,3.82065
"SNX30",3.75186,3.83071,3.61899
"SNX31",2.23069,1.94187,2.33785
"SNX32",2.41196,1.78034,2.23824
"SNX33",3.0633,4.24257,3.57508
"SNX4",2.93868,3.15699,2.76151
"SNX5",5.07434,4.23115,4.48333
"SNX6",3.8066,3.33433,4.27132
"SNX7",2.22292,3.21698,2.83505
"SNX8",3.75663,3.73328,3.71312
"SNX9",4.69003,4.0605,3.95801
"SOAT1",5.24843,4.05098,4.83653
"SOAT2",2.95415,2.57898,2.98197
"SOBP",3.89906,3.73506,3.71449
"SOCS1",3.72926,3.75639,3.9043
"SOCS2",5.18423,3.64376,5.50389
"SOCS3",7.31641,3.47542,5.27234
"SOCS4",3.2655,2.72932,2.73488
"SOCS5",4.3226,4.37319,4.01992
"SOCS6",4.4644,4.39661,4.50193
"SOCS7",3.60906,4.19886,4.16227
"SOD1",5.97226,6.31088,5.67983
"SOD2",7.16483,4.70143,5.77159
"SOD3",4.46537,4.61201,4.22814
"SOHLH1",3.15414,2.91519,3.26309
"SOHLH2",1.94232,1.87139,1.94167
"SOLH",3.83426,3.80538,3.69605
"SON",5.97368,5.85515,5.36583
"SORBS1",6.46308,6.28416,5.72898
"SORBS2",4.94864,3.75961,4.45751
"SORBS3",4.16742,4.64233,4.42983
"SORCS1",2.50681,2.54669,2.65117
"SORCS2",3.39032,3.11294,3.72121
"SORCS3",2.61422,2.52282,2.89975
"SORD",6.51276,6.59999,6.73616
"SORL1",4.03964,4.66797,4.28995
"SORT1",4.85268,4.33089,4.17274
"SOS1",5.38948,5.79667,5.21862
"SOS2",4.48215,5.06372,4.31291
"SOST",2.97067,3.20445,3.23667
"SOSTDC1",1.90671,1.71413,1.6457
"SOX1",3.37796,3.1682,3.18496
"SOX10",3.29847,2.8625,3.40835
"SOX11",3.64432,3.43853,3.31666
"SOX12",4.04586,4.4224,3.86709
"SOX13",3.39198,3.71266,3.91377
"SOX14",3.05922,2.92107,2.92649
"SOX15",4.34109,4.0829,4.16517
"SOX17",3.4389,2.86805,3.64449
"SOX18",4.19866,3.84198,3.55096
"SOX2",2.76519,2.44485,2.61393
"SOX21",2.48673,3.02443,2.81248
"SOX3",5.63476,5.40624,5.27039
"SOX30",2.61652,2.35113,2.81466
"SOX4",4.78253,4.83598,4.98604
"SOX5",2.6362,2.89745,2.74826
"SOX6",2.42974,2.22657,2.26962
"SOX7",3.99159,3.29178,3.16979
"SOX8",3.41199,4.20179,3.72376
"SOX9",5.01238,4.39724,4.71903
"SP1",3.88797,4.30562,4.34038
"SP100",3.75463,3.83534,2.91547
"SP110",4.77859,4.37412,3.50814
"SP140",2.42884,2.4717,2.80938
"SP140L",2.35493,2.6556,1.6686
"SP2",3.4339,3.41255,4.00952
"SP3",3.73562,4.02677,4.23946
"SP3P",2.75993,2.84231,2.59157
"SP4",3.81146,3.30312,3.55785
"SP5",3.9991,4.04218,4.43007
"SP6",2.70856,2.34821,2.89087
"SP7",4.26105,4.0766,4.08528
"SP8",3.47928,3.63376,3.5637
"SP9",3.26754,3.29426,3.30571
"SPA17",1.61796,1.87966,1.56895
"SPACA1",1.58974,1.63548,1.14769
"SPACA3",3.0385,3.44913,3.39662
"SPACA4",2.11245,1.73078,1.81378
"SPACA5",2.06618,2.09008,2.52846
"SPAG1",3.46063,3.0707,3.04753
"SPAG11B",2.05902,2.02354,2.09978
"SPAG16",3.21648,3.14923,3.11688
"SPAG17",1.50787,1.41713,1.23074
"SPAG4",2.54464,2.54782,2.86767
"SPAG5",2.33085,1.93264,2.37877
"SPAG6",2.65987,1.69395,2.31148
"SPAG7",4.69424,4.40955,4.74717
"SPAG8",2.46934,2.18239,2.4865
"SPAG9",4.26671,4.75535,4.04912
"SPAM1",1.46441,1.43362,1.39299
"SPANXA2",2.12877,2.29784,2.36171
"SPANXB1",1.93125,1.48125,2.04564
"SPANXE",2.20267,2.1821,2.16589
"SPANXN1",1.40984,1.45358,1.1541
"SPANXN2",2.00467,2.16402,1.83568
"SPANXN3",1.41492,1.7232,1.31001
"SPANXN4",2.49451,2.16137,2.37974
"SPANXN5",2.09126,2.13208,2.30046
"SPARC",5.56045,7.3358,5.88935
"SPARCL1",6.92678,7.15945,6.72067
"SPAST",3.09059,3.50029,3.29596
"SPATA1",1.67248,1.9787,1.668
"SPATA12",2.02748,2.37855,2.81793
"SPATA13",3.82802,4.10719,4.32634
"SPATA16",1.56468,1.8448,1.96036
"SPATA17",1.6855,1.67074,1.70296
"SPATA18",3.73904,3.87384,3.70723
"SPATA19",2.34626,2.49501,2.64963
"SPATA2",2.95273,2.97148,3.31103
"SPATA20",3.51329,3.79759,3.62669
"SPATA21",2.84015,2.29678,3.01973
"SPATA22",1.6031,1.50722,1.83415
"SPATA24",2.31531,2.76772,3.00127
"SPATA2L",4.4041,3.98022,4.28693
"SPATA3",4.72633,3.92352,4.09329
"SPATA4",1.81567,1.49128,1.80209
"SPATA5",2.35042,2.33935,1.83022
"SPATA5L1",1.99182,2.143,1.9623
"SPATA6",3.15442,4.19377,3.85623
"SPATA7",3.24552,3.89504,3.31239
"SPATA8",1.93775,1.8239,1.5521
"SPATA9",1.88128,2.22261,1.85104
"SPATC1",4.56396,4.17011,4.17553
"SPATS1",2.46407,2.31475,2.26928
"SPATS2",3.67398,3.60963,3.19729
"SPATS2L",5.56368,4.86591,4.71812
"SPC24",1.62193,1.97754,1.52161
"SPC25",1.36795,1.43102,1.21369
"SPCS1",4.30393,4.34587,4.09551
"SPCS2",3.88432,4.08061,3.64588
"SPCS3",4.34297,4.01081,4.05244
"SPDEF",4.67497,5.50944,5.14851
"SPDYA",1.51383,1.40008,1.27328
"SPDYC",4.30073,4.16644,4.27536
"SPDYE1",5.90281,5.98565,5.92778
"SPDYE2",4.9635,5.07873,4.96762
"SPDYE3",1.58776,1.75051,1.50443
"SPDYE4",2.6516,2.54427,2.76353
"SPDYE5",5.76876,5.90759,5.84434
"SPDYE7P",5.58067,5.60405,5.71641
"SPDYE8P",5.7034,5.70829,5.50902
"SPECC1",4.17388,4.5491,4.51991
"SPECC1L",5.81966,5.73198,5.25687
"SPEF1",3.94856,3.82397,3.65397
"SPEF2",2.13354,2.69392,1.97805
"SPEG",3.36705,3.40751,3.68795
"SPEM1",2.77073,2.18188,3.0362
"SPEN",5.01194,5.07714,4.62728
"SPERT",1.80291,1.50687,1.85253
"SPESP1",2.50277,2.10335,2.11319
"SPG11",4.47544,4.82466,4.3311
"SPG20",3.70515,3.62528,3.21645
"SPG21",3.7013,4.09837,4.16018
"SPG7",3.20526,3.70765,3.52788
"SPHK1",2.29414,2.70759,2.96698
"SPHK2",3.6341,3.49614,3.59762
"SPHKAP",2.73564,1.71374,1.94925
"SPI1",3.98848,4.7243,4.42696
"SPIB",2.34297,2.68328,2.54406
"SPIC",1.24358,1.60594,1.47273
"SPICE1",4.0865,5.019,4.42119
"SPIN1",4.51184,5.47387,4.39292
"SPIN2A",3.3784,3.37381,2.5508
"SPIN2B",3.914,4.2607,4.01722
"SPIN3",2.51908,3.066,3.2458
"SPIN4",3.64204,3.41826,4.0815
"SPINK1",2.1606,2.08129,2.59313
"SPINK14",1.68498,1.57994,1.41336
"SPINK2",1.61173,1.74483,1.0898
"SPINK4",2.39754,2.19629,1.98055
"SPINK5",1.68352,2.0791,2.25886
"SPINK6",1.50335,1.79391,1.71546
"SPINK7",1.19748,1.51416,1.37512
"SPINK9",1.88207,2.33047,2.33956
"SPINLW1",1.66615,1.43574,2.16612
"SPINT1",4.44641,4.25371,4.4732
"SPINT2",4.47182,4.45753,4.37359
"SPINT3",1.5354,1.75158,1.92834
"SPINT4",1.41649,1.49462,1.75189
"SPIRE1",3.58468,3.67826,3.44289
"SPIRE2",3.70755,3.41015,3.5456
"SPN",2.5584,2.81868,3.21971
"SPNS1",4.19519,4.00178,3.99772
"SPNS2",4.42913,4.16173,4.37885
"SPNS3",2.49438,2.34811,2.26286
"SPO11",1.43015,1.35742,1.4132
"SPOCD1",3.65376,3.64015,4.30887
"SPOCK1",4.97652,4.22392,5.30293
"SPOCK2",4.16063,3.84107,3.72863
"SPOCK3",4.18784,5.47148,4.1177
"SPON1",3.47898,4.46021,3.13592
"SPON2",4.91425,5.48637,6.10469
"SPOP",4.61045,4.07864,3.79591
"SPOPL",2.25146,2.54213,2.57685
"SPP1",1.85655,2.50062,2.79916
"SPP2",1.98908,1.5683,1.6108
"SPPL2A",3.04842,2.70362,2.92063
"SPPL2B",3.11295,3.32974,2.84638
"SPPL3",4.53184,4.31563,4.76625
"SPR",3.99565,3.26845,4.07886
"SPRED1",3.7777,4.54567,3.61801
"SPRED2",3.47603,3.19909,3.64936
"SPRED3",3.03202,3.45044,3.13217
"SPRN",4.10213,3.73919,4.01027
"SPRNP1",4.19353,4.00902,3.84158
"SPRR1A",4.98854,4.32976,5.31282
"SPRR1B",3.06021,3.08465,3.52866
"SPRR2A",2.4442,2.17771,2.38134
"SPRR2B",1.63551,1.79149,1.72558
"SPRR2D",1.76371,1.54383,1.48166
"SPRR2E",1.57057,1.63081,1.82721
"SPRR2G",4.22491,3.98368,4.28697
"SPRR3",2.70391,2.75251,2.79475
"SPRR4",4.40199,4.37433,4.40548
"SPRY1",5.88117,5.10873,5.68846
"SPRY2",3.33229,4.10287,3.21598
"SPRY3",2.27866,2.06499,2.03006
"SPRY4",4.64128,4.65634,4.1459
"SPRYD3",4.0991,4.75561,4.76311
"SPRYD4",3.53625,2.77522,3.42992
"SPRYD5",1.49465,1.59477,1.99542
"SPSB1",3.86475,4.15574,4.03978
"SPSB2",4.69323,5.05392,4.83065
"SPSB3",3.73102,3.917,3.7861
"SPSB4",3.50758,3.49199,3.55116
"SPTA1",1.8873,1.72838,1.82858
"SPTAN1",4.87512,5.13884,4.29977
"SPTB",2.12162,2.28805,2.33051
"SPTBN1",5.59122,6.104,5.3178
"SPTBN2",3.38544,3.97412,4.20329
"SPTBN4",3.30259,3.08345,2.69482
"SPTBN5",3.17664,2.81975,3.13607
"SPTLC1",2.38416,2.60889,2.66138
"SPTLC2",3.66349,3.46926,3.81928
"SPTLC3",2.34414,2.24434,2.40746
"SPTY2D1",2.74159,2.64843,2.71284
"SPZ1",1.68616,1.08354,1.71604
"SQLE",3.52411,3.03565,3.35316
"SQRDL",4.14487,3.65827,4.07422
"SQSTM1",4.78315,4.68922,4.4509
"SR140",5.306,5.60007,4.94823
"SRA1",3.47525,3.52743,3.28471
"SRBD1",2.07745,1.96771,2.26352
"SRC",4.0222,3.79711,4.68492
"SRCAP",5.01187,5.00626,5.20796
"SRCIN1",2.96625,3.12318,3.0604
"SRCRB4D",2.99343,3.26721,2.77981
"SRD5A1",3.64125,3.5854,3.39926
"SRD5A2",3.14409,3.67229,2.80318
"SRD5A3",3.03251,2.65675,2.54517
"SREBF1",4.08527,3.67281,4.11019
"SREBF2",3.94853,3.89203,4.5932
"SREK1",5.19014,5.85391,5.31083
"SREK1IP1",2.08331,2.58188,2.18049
"SRF",5.31136,5.02326,5.24111
"SRFBP1",3.0278,3.49121,3.46569
"SRGAP1",2.86673,3.64568,2.74991
"SRGAP2",3.7358,4.50904,3.56242
"SRGAP2P2",4.05068,4.78735,4.06437
"SRGAP3",3.03119,3.67866,2.8808
"SRGN",5.53616,3.34683,4.82563
"SRI",3.79797,3.66202,3.18341
"SRL",2.68039,2.55071,2.76865
"SRM",4.93127,4.93932,5.00686
"SRMS",3.31172,3.1582,3.86245
"SRP14",5.81965,6.12869,5.31086
"SRP19",5.23489,5.37357,5.26013
"SRP54",3.73195,3.75429,4.17931
"SRP68",4.4032,4.68112,4.1668
"SRP72",5.2387,4.34277,4.75897
"SRP9",4.78807,4.65849,4.66397
"SRPK1",3.6951,4.12572,3.65379
"SRPK2",4.75343,3.76291,3.78175
"SRPK3",3.94306,4.14588,4.13008
"SRPR",6.06014,5.68051,5.42527
"SRPRB",4.17731,4.31389,3.84182
"SRPX",2.55746,3.12715,2.58519
"SRPX2",3.03513,3.7315,3.40664
"SRR",3.4471,2.96335,2.98082
"SRRD",3.07729,2.63899,2.27005
"SRRM1",5.976,6.43356,6.27034
"SRRM2",6.79447,7.30365,6.9369
"SRRM3",3.41221,3.27695,3.21277
"SRRM4",3.52201,2.99832,3.83559
"SRRT",4.15919,4.5055,4.2499
"SRSF1",6.50271,7.03678,6.8475
"SRSF10",4.78319,5.43982,4.83847
"SRSF11",6.23992,6.6588,5.86455
"SRSF12",2.74546,2.56494,2.42629
"SRSF2",4.99331,5.00102,5.06141
"SRSF2IP",5.01119,5.92278,5.0704
"SRSF3",6.68146,6.51305,6.23069
"SRSF4",4.58989,5.45238,5.0966
"SRSF5",6.62791,6.89756,5.89113
"SRSF6",6.64549,7.21365,6.46604
"SRSF7",5.43087,5.56864,4.92807
"SRSF8",4.08603,4.2135,3.71442
"SRSF9",5.58195,5.27089,5.20797
"SRXN1",5.09502,3.47249,4.14052
"SRY",1.35571,1.46975,1.41007
"SS18",5.39272,5.11933,5.62201
"SS18L1",3.51181,3.35746,2.76081
"SS18L2",5.15787,3.65564,4.39112
"SSB",4.96378,5.76133,5.48014
"SSBP1",4.64105,4.62459,4.9178
"SSBP2",3.14274,4.29693,4.1453
"SSBP3",5.70809,5.84076,5.90942
"SSBP4",3.81386,4.61547,4.18938
"SSC5D",4.68351,4.53217,5.006
"SSFA2",4.67646,4.47998,5.13314
"SSH1",1.56913,1.86939,1.82167
"SSH2",3.55093,4.03294,3.80493
"SSH3",4.1541,3.94331,4.05693
"SSNA1",3.60656,3.97866,3.53816
"SSPN",4.84621,4.5282,4.70574
"SSPO",4.42962,4.11492,4.2939
"SSR1",6.0487,5.16781,5.85998
"SSR2",4.66992,4.95726,4.4657
"SSR3",5.26212,4.29437,5.35409
"SSR4",4.65328,4.56909,4.31656
"SSRP1",4.68004,4.78726,4.43858
"SSSCA1",4.41102,4.26633,3.6518
"SST",3.07924,3.07349,2.64647
"SSTR1",2.91633,2.60425,2.73595
"SSTR2",3.40442,3.24375,3.01097
"SSTR3",3.78844,3.69915,3.9355
"SSTR4",2.23389,2.66042,2.57497
"SSTR5",3.14346,2.93646,3.37276
"SSU72",3.82262,3.66429,3.84173
"SSX1",1.79031,1.73738,1.66005
"SSX2",2.28476,1.85291,1.80735
"SSX2IP",2.09252,2.68072,2.03595
"SSX3",2.13747,2.23574,2.15932
"SSX4",2.09618,2.10523,1.95815
"SSX5",2.09598,1.80173,1.72913
"SSX6",2.48673,1.90635,2.23831
"SSX7",2.55368,1.84299,1.90529
"SSX8",1.6643,1.74957,2.17133
"SSX9",1.56247,2.11204,1.84631
"ST13",5.99308,6.44129,5.85606
"ST13P4",5.0816,4.6039,5.19106
"ST13P5",4.43761,4.43084,4.33904
"ST14",4.45162,4.45166,4.60326
"ST18",1.72055,1.44714,1.24049
"ST20",2.42291,2.87092,3.30546
"ST3GAL1",3.49095,3.49738,3.34153
"ST3GAL2",3.2991,3.08651,4.00669
"ST3GAL3",2.6367,2.87077,3.09151
"ST3GAL4",3.08824,3.52569,3.04166
"ST3GAL5",3.09624,3.37929,3.09732
"ST3GAL6",2.62682,2.50451,2.961
"ST5",5.10395,4.91119,4.6291
"ST6GAL1",5.2564,4.44102,4.56879
"ST6GAL2",2.59811,2.60884,2.99766
"ST6GALNAC1",2.65846,2.95796,3.03094
"ST6GALNAC2",3.57376,3.54838,4.01284
"ST6GALNAC3",1.84777,1.72447,2.21753
"ST6GALNAC4",3.68941,3.5113,3.62957
"ST6GALNAC5",3.0625,2.74612,3.01919
"ST6GALNAC6",3.80589,4.33531,4.57907
"ST7",2.34025,2.83387,2.74795
"ST7L",2.86593,3.06892,2.99061
"ST8SIA1",2.49201,2.5715,2.45007
"ST8SIA2",2.49949,2.59809,2.19782
"ST8SIA3",1.78307,1.7726,2.00647
"ST8SIA4",2.02742,2.29561,2.26542
"ST8SIA5",2.88183,2.7027,2.38336
"ST8SIA6",1.82025,1.56447,1.4764
"STAB1",3.71318,3.91801,3.61116
"STAB2",2.23009,1.91371,2.14456
"STAC",2.39714,2.85212,2.01797
"STAC2",3.53637,3.21545,3.15661
"STAC3",2.86322,2.80708,2.65185
"STAG1",2.73824,3.55526,3.05319
"STAG2",3.95534,3.68547,3.39381
"STAG3",3.73753,3.57103,3.71643
"STAG3L2",4.52123,5.13438,5.20753
"STAG3L3",4.85153,5.3723,5.35496
"STAG3L4",2.2352,2.0197,1.42907
"STAM",3.15064,3.68594,3.74422
"STAM2",4.79115,4.74553,4.28589
"STAMBP",4.30254,4.56973,3.72846
"STAMBPL1",1.80479,1.67935,2.84128
"STAP1",1.72585,1.8852,2.04261
"STAP2",3.709,2.9069,3.64244
"STAR",3.17495,2.50777,2.81787
"STARD10",3.50654,3.28973,3.44203
"STARD13",3.54092,2.86822,3.13904
"STARD3",3.7836,4.28307,4.01634
"STARD3NL",4.20026,3.65175,3.77579
"STARD4",3.60463,4.20106,3.93866
"STARD5",3.33969,3.6603,3.27799
"STARD6",1.35056,1.52503,1.41604
"STARD7",4.28286,4.14941,4.60273
"STARD8",2.39985,2.67372,2.61685
"STARD9",2.63224,3.14492,2.85007
"STAT1",7.20884,5.36098,5.78783
"STAT2",4.79063,5.21348,4.19689
"STAT3",6.70206,5.71609,6.25598
"STAT4",1.90445,1.92331,1.72265
"STAT5A",2.89427,3.66082,3.24429
"STAT5B",5.06884,5.34753,4.93963
"STAT6",5.19621,5.23366,5.32672
"STATH",1.45122,1.32472,1.9037
"STAU1",5.09753,4.9587,4.79956
"STAU2",3.85466,3.9994,3.51297
"STBD1",3.83773,3.61369,3.42902
"STC1",4.35499,2.66502,3.39167
"STC2",2.48321,2.18456,2.5006
"STEAP1",5.58541,5.61935,5.50092
"STEAP2",7.06494,7.07198,7.67896
"STEAP3",3.669,3.17282,3.98349
"STEAP4",6.33067,4.31396,5.19645
"STELLAR",2.64366,2.44452,2.68481
"STGC3",2.64049,2.61991,1.91733
"STH",3.4575,3.03867,3.43181
"STIL",2.01645,2.0988,2.40818
"STIM1",4.34544,4.81131,3.77764
"STIM2",4.07217,4.50249,3.92632
"STIP1",4.03966,3.43474,3.75149
"STK10",2.91394,3.49728,3.58865
"STK11",3.94115,3.91008,3.92467
"STK11IP",2.74906,3.08095,3.01533
"STK16",2.59523,2.47506,2.7954
"STK17A",4.22479,3.67835,3.75859
"STK17B",4.83611,4.13069,4.04352
"STK19",3.1026,3.33911,2.6938
"STK24",5.06037,4.83223,5.34519
"STK25",4.03201,4.27225,4.35408
"STK3",3.91204,3.71534,3.47792
"STK31",1.43126,1.51306,1.74908
"STK32A",2.12782,2.15629,2.17021
"STK32B",2.62966,2.23682,2.58728
"STK32C",3.41453,3.53887,3.46797
"STK33",2.54522,3.11029,2.44594
"STK35",3.67706,3.04685,3.34084
"STK36",3.49181,4.29409,3.03439
"STK38",4.27901,5.36379,4.0421
"STK38L",4.16548,4.85425,3.93424
"STK39",5.23058,5.64707,5.94892
"STK4",4.25777,3.91963,4.25803
"STK40",4.18573,3.27325,3.56805
"STMN1",3.19455,3.40947,3.47924
"STMN2",3.07512,3.8954,2.70718
"STMN3",5.09117,4.23457,3.0872
"STMN4",2.47378,2.29027,2.34252
"STOM",5.67591,4.88152,4.62629
"STOML1",3.22844,2.67674,3.70092
"STOML2",4.30534,4.52506,3.89519
"STOML3",2.1253,1.92645,1.67394
"STON1",4.41866,4.20968,3.7695
"STON1.GTF2A1L",2.65455,2.94169,2.58851
"STON2",2.25469,2.50315,2.35265
"STOX1",1.64641,1.8816,1.38012
"STOX2",3.73391,3.71574,3.53683
"STRA13",4.87543,4.43711,5.0201
"STRA6",3.52814,4.32369,3.57932
"STRA8",2.09232,1.96232,1.92925
"STRADA",3.82471,3.58428,4.12914
"STRADB",2.20552,3.65549,3.11851
"STRAP",5.36962,4.98199,5.54666
"STRBP",2.845,3.18993,3.2459
"STRC",3.11113,2.89413,3.6163
"STRN",4.14663,4.75037,4.0508
"STRN3",4.17382,4.51863,4.21224
"STRN4",4.13973,4.32705,3.94477
"STS",2.68614,2.766,2.75196
"STT3A",4.81588,4.69226,4.60019
"STT3B",4.2642,4.23693,3.69387
"STUB1",4.67521,4.06258,4.2815
"STX10",4.37717,4.30253,4.28272
"STX11",3.97494,3.77434,3.83383
"STX12",4.06503,3.69785,3.63234
"STX16",3.07956,4.40452,3.47001
"STX17",4.98697,5.26956,4.74347
"STX18",3.34304,3.45167,4.16907
"STX19",4.56958,3.42014,3.82801
"STX1A",3.95898,4.31234,3.83379
"STX1B",2.71795,1.84535,2.25833
"STX2",4.03796,4.11569,3.32961
"STX3",2.78856,3.86658,2.95955
"STX4",4.50787,4.81146,4.37925
"STX5",5.10214,4.50372,4.70652
"STX6",3.07039,3.55003,3.0091
"STX7",4.19364,5.39539,4.22021
"STX8",4.19634,4.46572,4.41941
"STXBP1",4.35647,4.5375,4.48229
"STXBP2",4.08965,3.45207,4.19511
"STXBP3",4.52288,4.61529,3.96575
"STXBP4",2.43742,2.79249,2.46483
"STXBP5",3.90681,4.04927,3.38777
"STXBP5L",2.23326,2.43577,2.19555
"STXBP6",2.93865,2.46918,2.68025
"STYK1",2.80638,2.75061,2.42281
"STYX",4.27132,4.62302,4.47356
"STYXL1",3.55778,4.08699,3.93491
"SUB1",3.56704,3.47709,2.86415
"SUCLA2",1.91587,2.80699,2.79142
"SUCLG1",4.08415,3.97167,3.81499
"SUCLG2",4.04637,2.04804,2.03525
"SUCNR1",1.27312,1.64591,1.09135
"SUDS3",4.28938,4.52563,4.16797
"SUFU",3.29528,3.6435,3.32419
"SUGP1",4.1142,3.84395,4.14972
"SUGP2",5.68836,6.02736,5.71528
"SUGT1",3.7445,4.30117,3.14115
"SUGT1P1",1.6255,1.52399,1.64724
"SUGT1P3",2.14844,2.69704,2.37158
"SULF1",4.9431,4.43916,4.20002
"SULF2",3.74834,3.66183,2.83798
"SULT1A1",4.48168,4.33117,4.41563
"SULT1A2",4.22836,3.67586,3.58961
"SULT1A3",3.7003,4.61506,4.20561
"SULT1B1",1.73454,1.52257,1.4261
"SULT1C2",2.45428,2.41564,2.33449
"SULT1C3",2.50705,2.54193,2.3451
"SULT1C4",1.90141,3.26864,1.84977
"SULT1E1",1.48745,1.40899,1.24762
"SULT2A1",1.71838,1.48464,1.83848
"SULT2B1",4.22614,3.79796,4.03261
"SULT4A1",2.03053,2.14989,1.70358
"SULT6B1",1.29438,1.2199,1.48285
"SUMF1",3.42478,3.5405,3.17457
"SUMF2",3.44752,4.11235,4.23374
"SUMO1",1.73942,2.13512,2.02453
"SUMO1P1",1.91687,1.68767,2.14259
"SUMO1P3",0.994574,1.49721,1.01074
"SUMO2",6.2882,6.74869,7.10706
"SUMO3",6.50265,5.86842,5.926
"SUMO4",2.74041,3.20667,3.08458
"SUN1",4.89775,4.56365,4.4655
"SUN2",4.73661,5.11874,4.50391
"SUN3",2.02203,1.80362,1.75775
"SUN5",2.0002,2.00236,1.86675
"SUOX",4.06446,4.23311,3.89248
"SUPT16H",4.3873,5.23189,4.77458
"SUPT3H",1.95756,2.05524,1.82814
"SUPT4H1",4.17475,3.97934,3.6464
"SUPT5H",4.36703,4.8583,4.55291
"SUPT6H",5.15237,5.08316,4.81011
"SUPT7L",4.07126,4.7024,4.87811
"SUPV3L1",2.37904,2.94471,3.2008
"SURF1",2.93463,3.13826,4.14123
"SURF2",4.12802,3.02813,4.20231
"SURF4",4.88285,4.60409,4.76429
"SURF6",3.4043,3.29183,3.29153
"SUSD1",3.94278,4.00338,4.1275
"SUSD2",3.50755,4.02176,4.25082
"SUSD3",2.42159,2.61024,2.71393
"SUSD4",4.00754,3.37459,3.97992
"SUSD5",3.22347,3.15328,3.24176
"SUV39H1",2.32468,2.8673,2.76472
"SUV39H2",4.27122,4.30643,3.58323
"SUV420H1",5.34963,5.46134,5.10447
"SUV420H2",3.80514,3.87178,4.27317
"SUZ12",5.59726,5.80597,4.40051
"SUZ12P",5.9571,5.94524,5.49394
"SV2A",3.04878,3.81313,2.81341
"SV2B",2.16967,1.53534,1.89961
"SV2C",2.25499,2.29079,2.3801
"SVEP1",2.17539,1.73645,2.1483
"SVIL",5.30787,5.72844,4.479
"SVIP",4.63707,4.56118,4.85633
"SVOP",2.53715,2.67008,3.15187
"SVOPL",2.43169,2.57063,2.24831
"SWAP70",4.92054,4.63198,4.43191
"SYAP1",5.34434,4.52037,4.99134
"SYBU",4.19337,3.38074,3.21543
"SYCE1",2.55937,2.34937,2.29823
"SYCE2",3.46783,2.92872,3.50592
"SYCN",2.44315,2.66678,2.34038
"SYCP1",1.4545,1.61095,1.38538
"SYCP2",1.8517,2.04558,1.93651
"SYCP2L",1.82217,1.85289,1.96802
"SYCP3",3.23986,3.72729,3.37853
"SYDE1",3.03802,3.07942,3.13671
"SYDE2",1.8333,1.61614,1.94841
"SYF2",4.56785,5.2899,4.80611
"SYK",2.84248,2.40575,3.14114
"SYMPK",3.74157,4.12305,4.43693
"SYN1",3.56134,3.71034,3.47434
"SYN2",2.69156,2.59158,2.7874
"SYN3",3.39584,2.84476,3.20621
"SYNC",4.24061,3.84098,3.40388
"SYNCRIP",5.34044,5.54659,5.33707
"SYNE1",4.06654,4.5955,3.87667
"SYNE2",4.32083,4.33374,3.56966
"SYNGAP1",3.72671,3.66362,3.41789
"SYNGR1",2.83268,3.28136,3.12377
"SYNGR2",4.31321,3.82461,4.10465
"SYNGR3",3.60587,3.76318,3.79935
"SYNGR4",4.11661,3.65732,4.12484
"SYNJ1",2.66533,2.95413,2.91908
"SYNJ2",3.2732,3.37305,3.62802
"SYNJ2BP",3.37873,3.65771,3.65896
"SYNM",6.0152,5.85231,4.71805
"SYNPO",5.05162,5.03086,4.86555
"SYNPO2",6.33791,6.53185,5.04575
"SYNPO2L",2.88504,2.65194,2.45393
"SYNPR",1.45296,1.47752,1.66569
"SYNRG",5.0446,4.30678,4.15678
"SYP",3.32463,2.43715,2.95485
"SYPL1",4.40626,4.2875,4.40121
"SYPL2",3.46316,3.35094,3.40931
"SYS1",3.94783,4.09092,4.16525
"SYT1",2.20282,1.70076,2.68651
"SYT10",2.57091,2.12562,2.90338
"SYT11",2.60457,2.71845,2.50219
"SYT12",2.52779,2.47878,3.22266
"SYT13",3.22309,2.44769,2.82215
"SYT14",1.97639,2.04585,1.6359
"SYT14L",1.94044,1.55098,2.0337
"SYT15",4.04643,3.77861,3.46334
"SYT16",2.29953,2.34158,2.65542
"SYT17",4.68488,4.54403,4.42607
"SYT2",2.78772,2.87372,2.38775
"SYT3",3.66474,3.42264,3.87606
"SYT4",2.101,1.64129,2.70984
"SYT5",3.46455,3.20601,3.53804
"SYT6",2.15615,2.73157,3.12897
"SYT7",5.7023,5.52414,6.01687
"SYT8",4.38594,3.83018,4.17661
"SYT9",2.1984,2.53989,1.87537
"SYTL1",4.24317,4.06715,4.34575
"SYTL2",3.52064,4.25508,3.31778
"SYTL3",3.06674,2.7309,2.81404
"SYTL4",3.77988,4.31491,4.30053
"SYTL5",2.07687,1.53045,1.74501
"SYVN1",4.76698,4.80269,5.24684
"T",3.19412,3.39053,3.452
"T1560",2.15384,2.01655,1.98824
"TAAR1",1.42357,1.45615,1.56562
"TAAR2",2.54204,1.95537,2.52115
"TAAR3",1.63177,1.82206,1.66359
"TAAR5",2.14748,1.91629,2.65629
"TAAR6",1.83272,1.86858,1.70167
"TAAR8",1.50536,1.73026,1.26113
"TAAR9",2.5143,1.68909,1.80504
"TAB1",2.88656,3.26184,3.39703
"TAB2",4.52377,4.57128,4.5222
"TAB3",3.93999,3.85679,3.8792
"TAC1",1.86166,1.73902,1.83524
"TAC3",2.59886,2.60989,2.33683
"TAC4",4.49273,3.94585,4.11047
"TACC1",5.74151,5.7013,5.44294
"TACC2",5.09413,4.03887,4.84221
"TACC3",2.38409,2.99313,2.74456
"TACO1",3.21303,3.28032,3.45745
"TACR1",2.76304,2.82707,2.89105
"TACR2",3.29419,3.49888,3.81753
"TACR3",2.28354,1.92063,1.74658
"TACSTD2",5.69287,4.81758,4.60264
"TADA1",2.59275,3.81675,2.79137
"TADA2A",3.38501,3.09058,3.22804
"TADA2B",4.23066,3.88583,3.95191
"TADA3",4.67088,4.80514,4.20087
"TAF1",4.131,4.60328,4.89393
"TAF10",6.29957,6.35987,6.20403
"TAF11",3.88099,4.67295,4.5057
"TAF12",2.9869,3.13595,3.03809
"TAF13",4.96654,3.46162,3.94427
"TAF15",7.17626,7.40986,7.13368
"TAF1A",1.40686,2.10471,1.63265
"TAF1B",2.32273,2.91357,2.49406
"TAF1C",3.53654,3.80404,3.57731
"TAF1D",4.80479,5.04263,4.87943
"TAF1L",2.42535,2.47261,2.27399
"TAF2",3.25989,3.624,3.91896
"TAF3",4.0608,4.18415,3.71111
"TAF4",4.98369,5.12085,4.98555
"TAF4B",2.02115,1.73652,2.34372
"TAF5",3.02183,3.27245,3.41296
"TAF5L",2.96841,3.49867,3.30713
"TAF6",3.47226,3.88433,3.5383
"TAF6L",3.3014,2.91857,2.9443
"TAF7",3.61714,3.60992,3.86985
"TAF7L",2.06599,2.05631,1.79901
"TAF8",4.41354,4.65806,4.65038
"TAF9",4.51776,3.58916,4.06739
"TAF9B",4.42118,4.54769,4.30749
"TAGAP",2.61995,2.66662,2.98808
"TAGLN",7.23651,6.90742,5.6875
"TAGLN2",5.2569,5.1725,4.19606
"TAGLN3",2.69508,2.47612,3.23749
"TAL1",3.29826,3.19297,3.56158
"TAL2",2.38162,2.08415,2.25222
"TALDO1",4.62953,4.92613,4.63019
"TANC1",3.92787,4.36729,3.8224
"TANC2",3.78903,3.44881,3.52094
"TANK",2.57487,3.17024,2.95805
"TAOK1",4.04468,4.53851,3.93426
"TAOK2",4.52331,4.66103,4.07712
"TAOK3",5.53933,5.03538,5.46835
"TAP1",4.03152,4.067,4.18623
"TAP2",3.60856,3.76575,3.80311
"TAPBP",5.39934,5.30154,5.63811
"TAPBPL",3.66958,3.91878,3.50321
"TAPT1",3.37337,3.48694,2.67641
"TARBP1",3.87983,3.11682,3.48591
"TARBP2",4.27889,4.07765,4.38381
"TARDBP",5.60471,5.93632,5.56747
"TARP",2.56606,3.24854,3.22533
"TARS",3.9194,3.74217,3.7752
"TARS2",3.00034,2.71021,3.03024
"TARSL2",3.29146,3.75426,3.16225
"TAS1R1",3.647,3.11033,2.80345
"TAS1R2",3.17721,3.10638,3.14893
"TAS1R3",3.71109,3.32879,3.35548
"TAS2R1",1.67301,1.53945,1.91791
"TAS2R10",1.62254,2.4933,1.65131
"TAS2R13",1.95402,2.32355,2.25318
"TAS2R14",2.32532,2.35228,2.91236
"TAS2R16",1.34799,1.29464,1.20933
"TAS2R19",1.6045,2.82151,1.92922
"TAS2R20",1.57133,2.63128,2.65791
"TAS2R3",2.23988,4.04907,2.28324
"TAS2R31",3.11346,2.00229,3.55567
"TAS2R38",1.97433,1.88933,2.52091
"TAS2R39",2.53053,1.62598,1.58148
"TAS2R4",2.08097,2.32474,2.61359
"TAS2R40",2.34802,2.18494,2.42691
"TAS2R41",2.93757,2.13355,2.4657
"TAS2R42",1.97384,2.02842,2.15881
"TAS2R43",1.26587,1.8634,1.0518
"TAS2R46",1.37867,2.80194,1.49884
"TAS2R5",2.89441,3.03856,2.72447
"TAS2R50",1.98938,2.81897,2.17406
"TAS2R60",1.98284,2.02513,2.10266
"TAS2R7",2.16518,2.26211,2.34301
"TAS2R8",1.30606,1.60856,1.17489
"TAS2R9",1.75365,1.76351,1.97912
"TASP1",3.66241,2.96691,3.72811
"TAT",1.75133,1.72488,1.77278
"TATDN1",4.01459,3.62082,3.55095
"TATDN2",3.8103,4.69688,4.49434
"TAX1BP1",5.94718,5.60032,5.60974
"TAX1BP3",4.34541,4.14318,3.95953
"TAZ",4.1127,3.85905,4.04928
"TBC1D1",4.50199,4.3022,3.85599
"TBC1D10A",3.43329,3.42147,3.5243
"TBC1D10B",2.96352,3.02444,2.97179
"TBC1D10C",4.14733,4.61092,4.06452
"TBC1D12",3.37804,3.16225,3.03291
"TBC1D13",4.00731,4.02468,3.3588
"TBC1D14",4.65695,5.13296,4.28024
"TBC1D15",4.41568,4.0939,4.15672
"TBC1D16",3.70087,3.80445,3.74786
"TBC1D17",4.15486,4.34506,4.00442
"TBC1D19",2.6672,2.78842,2.79757
"TBC1D2",3.52151,2.43885,3.21971
"TBC1D20",3.81622,4.29993,3.86575
"TBC1D21",2.94067,2.45391,2.76698
"TBC1D22A",4.7778,4.87575,4.3596
"TBC1D22B",2.32848,2.93411,2.8763
"TBC1D23",3.25661,3.20937,2.74433
"TBC1D24",4.18316,3.62391,3.54304
"TBC1D25",3.9261,3.85248,3.47862
"TBC1D26",3.07107,2.56664,3.65275
"TBC1D27",3.48926,3.15505,3.75332
"TBC1D28",2.42716,2.58837,2.39084
"TBC1D29",3.69689,3.24903,3.61994
"TBC1D2B",2.67297,2.7866,2.74025
"TBC1D3",4.57382,4.94198,4.76083
"TBC1D30",2.36789,1.96298,2.06465
"TBC1D3B",4.52243,4.7599,4.71626
"TBC1D3C",4.24904,4.54329,4.45415
"TBC1D3F",4.57241,4.76447,4.73287
"TBC1D3G",4.55309,4.92647,4.74211
"TBC1D3H",4.55385,4.85753,4.72264
"TBC1D3P2",4.1828,3.99835,3.97205
"TBC1D4",4.71932,4.78381,4.44685
"TBC1D5",4.11614,4.15755,3.71296
"TBC1D7",2.96998,2.89859,2.99388
"TBC1D8",5.33359,3.85046,5.04451
"TBC1D8B",1.99557,2.42376,1.89975
"TBC1D9",3.7565,4.43368,3.8005
"TBC1D9B",3.84451,4.23535,3.96617
"TBCA",5.47145,6.41888,6.17071
"TBCB",3.66914,3.17033,3.12473
"TBCC",3.64085,3.16271,3.53428
"TBCCD1",2.84698,3.48676,2.98402
"TBCD",4.00576,4.3396,4.1964
"TBCE",3.04467,3.22569,2.57617
"TBCEL",4.28907,5.07831,3.28198
"TBCK",3.18234,3.74064,3.16512
"TBK1",2.96783,2.83957,2.95749
"TBKBP1",4.3712,4.36043,4.41259
"TBL1X",3.77826,4.92195,4.03606
"TBL1XR1",5.26666,4.81438,4.64671
"TBL1Y",2.81678,2.72318,2.96661
"TBL2",4.09434,4.17408,3.99641
"TBL3",3.70489,3.64823,3.89877
"TBP",3.31377,3.21423,3.38734
"TBPL1",3.12763,3.46107,3.47301
"TBPL2",1.74791,1.4591,1.57262
"TBR1",2.82964,2.53652,2.83018
"TBRG1",4.12957,3.90992,4.40177
"TBRG4",3.43079,3.55399,3.28926
"TBX1",3.49986,3.47276,3.41845
"TBX10",3.28173,3.47775,3.56426
"TBX15",1.72971,1.6654,1.88661
"TBX18",1.69189,1.68439,1.81415
"TBX19",3.30217,2.95275,3.25749
"TBX2",3.98304,4.133,4.09217
"TBX20",3.37604,2.91091,2.70256
"TBX21",4.16476,3.74185,3.49142
"TBX22",1.99357,1.55205,2.18884
"TBX3",5.78061,5.59331,5.7977
"TBX4",3.61151,3.88153,3.50511
"TBX5",3.22633,3.06134,3.08582
"TBX6",3.18135,3.08607,3.43263
"TBXA2R",2.84878,3.06013,3.36883
"TBXAS1",3.16821,2.93236,3.07025
"TC2N",6.30082,3.9729,4.88827
"TCAP",4.13555,3.11641,3.45818
"TCEA1",5.70566,6.09122,5.77871
"TCEA2",3.46703,3.88578,3.79143
"TCEA3",5.76302,5.72118,5.52798
"TCEAL1",5.02864,5.154,4.8227
"TCEAL2",4.54685,4.95021,4.91775
"TCEAL3",4.06755,4.76342,4.19971
"TCEAL4",4.35325,4.86208,4.32782
"TCEAL5",2.70304,2.75636,2.63134
"TCEAL6",5.28971,5.57433,5.71213
"TCEAL7",4.15294,3.56756,4.32597
"TCEAL8",4.06792,4.41195,4.16343
"TCEANC",2.06416,1.97659,1.77194
"TCEB1",3.72076,3.48755,4.1044
"TCEB2",4.27184,5.03484,4.7751
"TCEB3",3.81982,4.42834,3.82986
"TCEB3B",2.2564,1.48311,1.72721
"TCEB3C",3.14979,3.44553,2.94404
"TCEB3CL",3.08858,3.5687,2.62589
"TCERG1",5.21691,5.45529,4.93936
"TCERG1L",4.90139,4.94114,5.0729
"TCF12",4.84113,5.39911,4.67367
"TCF15",4.69487,4.43351,4.38505
"TCF19",3.30757,3.00153,3.39357
"TCF20",5.49477,5.25527,5.29583
"TCF21",3.90447,4.64759,4.1909
"TCF23",4.38669,3.79282,3.86371
"TCF24",3.98475,4.05328,4.24124
"TCF25",4.54172,4.27157,4.55804
"TCF3",4.47663,4.3376,4.57025
"TCF4",4.76811,4.80361,4.19613
"TCF7",3.51352,3.22556,3.28163
"TCF7L1",4.40241,4.474,3.90597
"TCF7L2",5.23233,4.79008,3.9788
"TCFL5",2.96975,3.45727,3.57972
"TCHH",2.82425,2.71169,2.42964
"TCHHL1",2.57621,2.36206,2.90181
"TCHP",4.15185,4.08876,3.58961
"TCIRG1",3.95733,3.75363,4.22323
"TCL1A",2.14865,2.51919,2.46201
"TCL1B",1.71229,1.81946,1.63747
"TCL6",2.42155,2.25106,2.38073
"TCN1",1.99633,1.64434,1.94807
"TCN2",2.60642,2.18443,2.61398
"TCOF1",4.17027,4.03907,4.16149
"TCP1",5.46139,5.95892,5.54486
"TCP10",2.86185,2.47769,2.64696
"TCP10L",2.84079,2.69423,2.96609
"TCP11",2.41324,2.41016,2.49718
"TCP11L1",3.04841,3.13102,3.09497
"TCP11L2",3.1127,3.20252,2.60706
"TCTA",4.63162,4.63783,4.88454
"TCTE1",2.44424,2.34573,2.51469
"TCTE3",1.70675,1.61053,1.70376
"TCTEX1D1",1.93395,1.8235,1.8712
"TCTEX1D2",2.22981,2.08101,2.35348
"TCTEX1D4",4.19714,2.8322,2.83033
"TCTN1",4.36851,4.83675,4.71003
"TCTN2",3.61792,3.62792,3.97985
"TCTN3",3.29417,3.38308,3.18934
"TDG",3.30782,2.37268,3.31289
"TDGF1",1.24642,1.54359,0.899454
"TDGF3",1.77652,1.54263,2.24907
"TDH",2.67487,2.46919,2.82362
"TDO2",1.65429,2.20118,1.84349
"TDP1",2.20357,2.39002,2.4615
"TDP2",2.95558,3.26699,2.81746
"TDRD1",2.26578,2.3148,2.68253
"TDRD10",2.07681,2.41166,2.16106
"TDRD12",1.39405,1.60737,1.52105
"TDRD3",3.01454,4.12071,3.52084
"TDRD5",2.11364,1.6571,2.0974
"TDRD6",1.72402,1.74472,1.83048
"TDRD7",2.97514,2.76459,2.21385
"TDRD9",1.8605,1.53079,1.8121
"TDRG1",2.89403,2.71748,3.06724
"TDRKH",2.94766,2.93169,3.29409
"TEAD1",4.52836,4.07654,3.91248
"TEAD2",4.8011,5.09184,4.50889
"TEAD3",5.21765,5.27369,4.92966
"TEAD4",2.82672,3.07336,3.13855
"TEC",2.65531,2.71596,2.81288
"TECPR1",3.81601,3.44587,3.62111
"TECPR2",2.78409,3.14387,2.61616
"TECR",4.99057,5.06842,5.1874
"TECRL",1.53406,1.31498,1.77766
"TECTA",2.11796,2.00326,1.88945
"TECTB",1.61331,1.4414,1.41775
"TEDDM1",1.99115,1.59616,1.66963
"TEF",4.15105,4.23214,3.71954
"TEK",1.71372,1.4397,1.87216
"TEKT1",1.68595,1.55983,1.86304
"TEKT2",2.99142,2.67315,3.37569
"TEKT3",1.99155,2.01576,1.82951
"TEKT4",3.25344,3.19983,3.09148
"TEKT5",1.63303,1.45065,1.56988
"TELO2",3.78408,3.09824,3.50305
"TENC1",4.63047,4.72717,4.21865
"TEP1",3.76446,3.75386,3.58331
"TEPP",3.48848,2.88452,3.28094
"TERC",4.27777,5.10404,4.99811
"TERF1",2.90013,3.89682,2.99275
"TERF1P2",3.0138,3.36318,2.90577
"TERF2",4.79826,4.28066,4.72149
"TERF2IP",4.43351,4.31773,4.41141
"TERT",4.30153,3.92673,4.16897
"TES",4.85572,3.69761,4.33049
"TESC",3.27675,3.11905,3.50215
"TESK1",4.90365,4.63554,5.13281
"TESK2",3.08942,3.06807,3.74524
"TET1",2.38877,3.18202,2.39422
"TET2",4.97382,4.71391,4.27471
"TET3",3.26781,3.05782,3.218
"TEX10",3.05326,3.07791,3.17195
"TEX101",1.84446,1.74537,1.96696
"TEX11",1.52949,1.42542,1.42764
"TEX12",1.43972,1.2147,1.44634
"TEX13A",2.64088,2.20918,2.7436
"TEX13B",3.29172,2.59066,2.93209
"TEX14",1.79558,1.97394,1.79306
"TEX15",2.03447,1.79034,2.00522
"TEX19",2.69795,2.75619,3.43521
"TEX2",4.01496,4.33308,4.11024
"TEX261",3.84689,3.5413,2.83766
"TEX264",4.09053,4.40074,4.22961
"TEX28",2.8103,2.96284,3.02278
"TEX9",2.07178,2.20381,2.1446
"TF",2.81359,2.36685,2.65584
"TFAM",3.70504,3.50754,3.64852
"TFAP2A",3.54627,3.37303,3.89014
"TFAP2B",2.215,2.7836,2.34771
"TFAP2C",3.27293,3.05872,2.77227
"TFAP2D",1.82141,1.93851,1.45149
"TFAP2E",4.21166,4.35496,4.54526
"TFAP4",3.9283,4.36972,3.76021
"TFB1M",1.82795,2.23566,1.91597
"TFB2M",2.30915,2.69328,2.84306
"TFCP2",3.65327,4.15175,3.85755
"TFCP2L1",4.06091,3.15912,5.13343
"TFDP1",4.10858,3.95784,3.28576
"TFDP2",4.51961,4.49531,4.58859
"TFDP3",1.69557,1.56852,1.69681
"TFE3",4.51732,4.73739,4.2472
"TFEB",3.0999,3.18562,3.76573
"TFEC",1.40943,2.19898,1.8379
"TFF1",4.96134,4.24938,4.58654
"TFF2",2.7353,2.4081,3.04239
"TFF3",5.09092,4.75706,5.40712
"TFG",3.5925,4.33258,3.69166
"TFIP11",2.97771,2.50895,2.36045
"TFPI",3.24193,4.313,2.90938
"TFPI2",2.06148,1.51025,1.33571
"TFPT",3.36307,3.13767,3.29577
"TFR2",3.71908,2.93281,3.27108
"TFRC",3.57783,2.81637,2.84933
"TG",2.81277,2.67882,2.92594
"TGDS",2.32792,2.74831,2.34064
"TGFA",2.44249,2.57274,2.32203
"TGFB1",3.35787,3.60858,3.34381
"TGFB1I1",4.86959,5.15034,4.75676
"TGFB2",5.44669,5.61428,4.20017
"TGFB3",5.38474,7.0283,4.99052
"TGFBI",3.83113,3.62877,3.51577
"TGFBR1",4.22039,4.49959,4.07582
"TGFBR2",4.28354,3.51259,4.02178
"TGFBR3",3.67522,3.21311,3.17518
"TGFBRAP1",3.52123,4.01367,3.51959
"TGIF1",4.23101,3.35294,3.90613
"TGIF2",3.42581,3.10651,3.59851
"TGIF2LX",1.83239,1.61679,1.82383
"TGIF2LY",1.83598,1.64894,1.80813
"TGM1",2.9392,2.69383,3.02167
"TGM2",5.4264,5.17154,4.70353
"TGM3",1.93519,2.30145,2.29719
"TGM4",3.62694,4.19903,3.06712
"TGM5",3.14289,3.03359,2.99155
"TGM6",2.9816,2.8584,2.62859
"TGM7",2.79276,1.84301,2.40968
"TGOLN2",5.10242,5.11094,4.52035
"TGS1",3.33054,2.91159,3.30976
"TH",3.73777,3.21916,3.60822
"TH1L",2.99913,4.29922,3.26067
"THADA",3.5023,4.30059,3.2534
"THAP1",4.63869,4.94019,4.02208
"THAP10",2.56984,2.93145,2.68334
"THAP11",3.62846,3.85838,4.02056
"THAP2",1.88042,1.712,1.55967
"THAP3",2.93206,3.58171,3.19369
"THAP4",3.83153,3.88586,3.87003
"THAP5",3.83102,2.67749,2.77074
"THAP6",3.29227,3.34466,3.37231
"THAP7",3.73511,3.5026,3.83141
"THAP8",3.2872,3.57483,3.58796
"THAP9",1.95508,1.95946,2.08163
"THBD",4.01291,3.64607,3.57316
"THBS1",7.13249,4.99433,5.96107
"THBS2",3.81313,3.64371,3.6898
"THBS3",4.14668,4.0673,3.57822
"THBS4",3.27969,2.82489,3.27078
"THEG",2.0947,2.36547,1.79279
"THEM4",3.66896,3.45349,3.61458
"THEM5",1.97068,1.77123,2.59242
"THEMIS",1.48808,1.64316,1.69639
"THG1L",2.15127,2.4405,2.3596
"THNSL1",1.03839,2.07234,1.77727
"THNSL2",4.15508,3.93895,3.75598
"THOC1",3.85858,4.47764,4.23139
"THOC2",4.13281,4.87903,4.2158
"THOC3",3.43544,3.61007,3.6399
"THOC4",4.01438,3.99652,3.28233
"THOC5",3.62985,3.44787,3.51973
"THOC6",3.91127,3.63452,3.4225
"THOC7",5.00267,4.57113,4.1
"THOP1",4.14094,4.06057,4.23181
"THPO",3.65641,3.07995,3.32891
"THRA",4.03651,5.17176,4.04848
"THRAP3",4.60273,4.80225,3.83088
"THRB",3.56118,3.56564,3.63248
"THRSP",2.86531,3.03506,2.8526
"THSD1",2.6171,2.36339,2.97813
"THSD1P1",3.65882,4.2388,4.01856
"THSD4",4.02733,4.75012,4.39331
"THSD7A",2.90345,4.06651,3.47119
"THSD7B",1.69686,1.74282,1.47195
"THTPA",3.07792,3.32048,3.03489
"THUMPD1",5.07462,4.52208,5.01191
"THUMPD2",2.46936,3.44067,2.91269
"THUMPD3",4.05987,4.22539,3.85057
"THY1",4.13138,3.96765,3.40762
"THYN1",3.98649,3.77065,4.00729
"TIA1",5.32365,6.33426,5.28087
"TIAL1",4.54929,4.85054,4.39487
"TIAM1",2.78098,3.04461,2.49157
"TIAM2",2.17066,2.97965,3.13353
"TICAM1",3.94356,4.01001,3.91911
"TIE1",2.45415,2.3457,2.2249
"TIFA",2.41509,2.29302,2.07373
"TIGD1",3.0105,3.70747,3.1129
"TIGD2",1.93708,1.83897,1.75069
"TIGD3",3.28544,3.40209,3.57238
"TIGD4",2.99587,2.43602,2.70432
"TIGD5",3.70247,3.70104,4.15963
"TIGD6",2.21903,2.59234,1.97073
"TIGD7",2.74142,3.12393,2.51961
"TIGIT",2.16626,1.63757,1.51985
"TIMD4",2.08307,2.68082,2.109
"TIMELESS",2.36155,2.78035,2.28015
"TIMM10",2.70352,3.40963,3.2129
"TIMM13",4.0271,4.25366,4.94938
"TIMM17A",2.96943,3.06831,2.60402
"TIMM17B",3.15247,2.83398,2.92119
"TIMM22",3.81769,3.89397,3.8667
"TIMM23",4.17967,3.82686,4.08354
"TIMM44",3.69755,3.53994,3.87288
"TIMM50",4.30342,4.43886,3.99597
"TIMM8A",1.6375,1.80887,1.11542
"TIMM8B",3.81824,3.85643,3.43457
"TIMM9",4.57515,4.05104,3.0908
"TIMP1",6.33072,6.22334,5.89492
"TIMP2",4.6023,5.04691,4.51307
"TIMP3",6.55321,7.23864,6.79489
"TIMP4",3.27246,3.36591,3.22022
"TINAG",1.62041,1.42097,1.56074
"TINAGL1",3.92059,4.4693,3.68384
"TINF2",4.93153,4.52067,4.5701
"TIPARP",6.90878,3.62498,5.5949
"TIPIN",2.62549,3.01787,2.76969
"TIPRL",4.42452,4.13755,3.59945
"TIRAP",2.82597,3.6664,3.68026
"TJAP1",3.9562,4.08472,4.13208
"TJP1",5.64361,5.39361,5.35851
"TJP2",4.15518,4.77,4.3288
"TJP3",4.32476,3.58806,3.97457
"TK1",4.03129,4.38567,4.42904
"TK2",3.08541,3.67702,2.84423
"TKT",3.79409,4.31275,4.13609
"TKTL1",2.54193,2.20251,2.42775
"TKTL2",2.14853,2.09661,2.34235
"TLCD1",3.35771,3.39923,3.008
"TLCD2",3.66882,4.08024,3.90473
"TLE1",4.23741,3.1797,3.53228
"TLE2",3.62252,4.17919,3.69177
"TLE3",5.26013,5.22744,4.95609
"TLE4",2.35497,3.26557,2.94268
"TLE6",2.69856,2.33175,2.41297
"TLK1",5.65669,5.86879,5.92981
"TLK2",5.57295,5.615,5.20019
"TLL1",2.3746,2.19114,2.06573
"TLL2",2.21499,2.23065,2.13139
"TLN1",4.69106,4.91312,4.65029
"TLN2",2.44609,2.71418,2.55204
"TLR1",1.38564,1.77761,1.53244
"TLR10",1.46805,1.87048,1.79295
"TLR2",2.32352,2.25496,2.40641
"TLR3",2.598,1.94817,2.08186
"TLR4",3.67793,3.456,2.9639
"TLR5",2.86366,2.84059,2.91806
"TLR6",1.65794,2.93653,2.38274
"TLR7",1.68672,2.79193,2.3286
"TLR8",1.24552,1.5582,1.36447
"TLR9",3.75315,3.69976,4.09093
"TLX1",2.76747,2.44449,3.28518
"TLX2",3.7165,3.6249,3.98635
"TLX3",2.62647,2.34275,2.44012
"TM2D1",3.73641,3.75656,3.91773
"TM2D2",3.54694,3.79312,2.98939
"TM2D3",3.61558,3.23164,3.2192
"TM4SF1",5.64002,3.51491,3.7007
"TM4SF18",2.66003,2.44209,2.95795
"TM4SF19",2.68671,2.52844,2.48812
"TM4SF20",1.56277,1.47195,1.71219
"TM4SF4",2.21302,1.99816,2.07997
"TM4SF5",3.62858,3.93932,3.90225
"TM6SF1",2.34364,2.48259,2.98922
"TM6SF2",3.25829,3.48697,3.38611
"TM7SF2",4.31935,4.72734,4.63144
"TM7SF3",3.4814,4.57355,3.72227
"TM7SF4",1.8242,1.56886,1.8825
"TM9SF1",3.64027,3.69977,3.79367
"TM9SF2",5.12825,5.16613,5.39019
"TM9SF3",6.38995,5.98933,5.81832
"TM9SF4",4.60673,4.53414,4.27445
"TMBIM1",5.38773,5.45287,5.04244
"TMBIM4",4.55784,4.06239,4.23842
"TMBIM6",7.49584,7.39933,7.23997
"TMC1",2.01826,1.73051,2.02881
"TMC2",1.54794,1.29468,1.73598
"TMC3",1.92298,2.08821,2.04512
"TMC4",4.70252,4.21401,4.59922
"TMC5",4.99897,4.18133,4.36937
"TMC6",3.91124,3.57504,4.16871
"TMC7",2.76284,2.34248,2.74223
"TMC8",3.86009,3.93973,4.46291
"TMCC1",3.05143,3.29638,3.66781
"TMCC2",2.90583,3.18235,2.58856
"TMCC3",3.27981,3.19334,3.88814
"TMCO1",5.42085,5.39041,4.60576
"TMCO2",2.07738,1.80365,2.08863
"TMCO3",4.24627,4.37575,4.3055
"TMCO4",2.76229,2.69792,3.08503
"TMCO5A",1.28663,1.28905,1.35417
"TMCO6",3.86942,3.93161,4.14812
"TMCO7",3.20612,3.05767,2.63591
"TMED1",3.25298,3.51906,3.38123
"TMED10",6.2934,6.20393,5.68305
"TMED10P1",3.35936,3.41188,3.89567
"TMED2",6.4585,5.64921,5.39262
"TMED3",4.05572,4.45492,4.47159
"TMED4",3.46342,4.89947,3.84582
"TMED5",3.62077,3.40089,3.56628
"TMED6",1.54065,1.49272,1.60935
"TMED7",3.72906,4.00656,3.58953
"TMED8",2.87228,3.15176,2.92943
"TMED9",6.0306,6.19772,6.24795
"TMEFF1",2.09386,2.5683,1.99609
"TMEFF2",4.6258,4.5666,4.53536
"TMEM100",1.71058,1.84944,1.59272
"TMEM101",3.27528,3.34755,3.41314
"TMEM102",3.5411,3.2826,3.83479
"TMEM104",3.13913,3.0082,3.30013
"TMEM105",3.41064,3.58795,3.94404
"TMEM106A",2.84287,3.18497,2.30632
"TMEM106B",4.5323,4.38428,4.42267
"TMEM106C",3.33603,3.42821,3.61747
"TMEM107",3.6988,3.2291,3.58149
"TMEM108",2.12763,2.31692,2.51899
"TMEM109",5.26995,5.14756,4.93312
"TMEM11",2.35418,2.91764,2.20254
"TMEM110",4.32827,4.48192,4.38984
"TMEM111",3.67184,3.75847,4.53102
"TMEM115",3.77827,3.83794,4.70619
"TMEM116",2.63657,2.91959,2.5464
"TMEM117",2.06572,2.49489,2.22487
"TMEM119",3.89652,4.00734,3.97249
"TMEM120A",4.32163,4.58109,4.22832
"TMEM120B",3.56235,3.46249,3.71283
"TMEM121",4.50575,4.65351,4.43884
"TMEM123",5.59174,5.5036,5.42316
"TMEM125",4.61791,4.36622,5.20073
"TMEM126A",3.19892,3.46995,2.14171
"TMEM126B",2.74997,3.41295,3.04214
"TMEM127",3.7657,3.66856,3.49189
"TMEM128",2.13338,2.03985,1.85996
"TMEM129",3.62043,3.18305,4.05025
"TMEM130",3.77996,4.04739,3.54326
"TMEM131",5.08597,4.91585,4.77558
"TMEM132A",3.7374,4.04099,3.9264
"TMEM132B",2.22413,1.98694,2.17796
"TMEM132C",2.40931,3.27013,3.0341
"TMEM132D",2.93582,2.8212,3.32658
"TMEM132E",3.20364,3.19165,3.27713
"TMEM133",3.03148,3.02661,2.70314
"TMEM134",4.88667,4.62027,4.90709
"TMEM135",3.47628,3.30247,3.56808
"TMEM136",2.65116,3.59346,2.81799
"TMEM138",3.94756,3.69333,3.66522
"TMEM139",2.04541,2.31864,2.2734
"TMEM140",4.43972,3.84382,4.18712
"TMEM141",5.58208,5.44076,5.85221
"TMEM143",3.08221,3.46656,3.47567
"TMEM144",2.30558,1.98163,1.89578
"TMEM145",3.46487,2.84986,2.87058
"TMEM146",2.18835,2.08887,2.14798
"TMEM147",3.23977,4.24687,4.30326
"TMEM148",2.93191,3.51547,3.04633
"TMEM149",4.19122,3.90197,3.8674
"TMEM14A",3.86231,3.59586,3.4664
"TMEM14B",4.06361,3.01464,3.62306
"TMEM14C",4.54639,4.2961,4.51671
"TMEM14E",5.55961,4.97592,4.56649
"TMEM150A",3.43492,3.80042,3.46464
"TMEM150B",3.13954,3.31532,3.37844
"TMEM151A",3.63122,3.89828,3.42291
"TMEM151B",3.20707,3.11674,3.51782
"TMEM154",2.32987,2.23325,2.24528
"TMEM155",2.24517,1.97111,2.16397
"TMEM156",1.39113,1.76262,1.58841
"TMEM158",4.76323,4.95154,5.14728
"TMEM159",2.96184,3.16611,2.88877
"TMEM160",5.94074,5.52559,6.17045
"TMEM161A",3.69835,3.66553,3.82077
"TMEM161B",3.78963,3.86266,3.05991
"TMEM163",2.43747,1.76234,2.32459
"TMEM164",2.96205,2.32054,3.63986
"TMEM165",5.45738,4.95808,5.23419
"TMEM167A",2.69413,3.15896,2.35579
"TMEM167B",3.73407,4.09059,4.21477
"TMEM168",3.46152,3.46719,3.22427
"TMEM169",2.55478,2.55993,2.84267
"TMEM17",1.72383,1.54351,2.04018
"TMEM170A",5.16636,4.90382,4.87581
"TMEM171",1.88004,2.15801,1.96875
"TMEM173",4.30717,3.64722,4.44129
"TMEM174",1.4662,1.60219,1.7772
"TMEM175",4.50392,4.36493,4.16105
"TMEM176A",2.77478,2.61032,3.18546
"TMEM176B",4.00197,4.17872,4.39454
"TMEM177",1.79647,2.68662,2.20545
"TMEM178",4.94975,4.75623,4.55373
"TMEM179",3.68606,3.73527,3.92828
"TMEM179B",6.08726,5.78962,5.69638
"TMEM18",3.85817,4.01712,3.58196
"TMEM180",3.59389,3.25187,3.57413
"TMEM181",5.00657,5.08329,4.95582
"TMEM182",1.64122,1.70738,1.48845
"TMEM183A",4.51027,4.71211,4.05227
"TMEM183B",4.59202,4.74329,4.11519
"TMEM184A",4.11406,3.56863,4.18434
"TMEM184B",4.60417,4.62969,4.13786
"TMEM184C",4.47976,4.43508,4.04297
"TMEM185A",2.95017,3.45914,3.16759
"TMEM185B",3.60282,3.64427,3.79157
"TMEM186",2.31193,1.96938,2.13708
"TMEM187",3.78987,3.21751,2.94231
"TMEM188",2.58143,2.70361,2.24939
"TMEM189",3.91981,3.99575,3.79657
"TMEM19",3.23538,2.55944,2.82549
"TMEM190",4.4211,4.32813,4.40489
"TMEM191A",3.39117,3.81465,4.34609
"TMEM192",3.64542,3.89582,3.76976
"TMEM194A",2.9963,3.2237,3.44701
"TMEM194B",2.58811,2.45403,1.7947
"TMEM195",1.37538,1.50946,1.57522
"TMEM196",2.38597,2.99822,2.75296
"TMEM198",3.65052,3.18498,3.33887
"TMEM199",3.74911,3.4116,3.57028
"TMEM2",4.43973,2.85873,4.02505
"TMEM20",2.14612,1.9328,2.74184
"TMEM200A",2.98268,2.2791,2.9312
"TMEM200B",4.17093,4.26802,4.10473
"TMEM201",3.61618,3.55094,3.78807
"TMEM202",1.5221,1.40284,1.46953
"TMEM203",2.51523,3.08221,3.16906
"TMEM204",4.90456,4.85751,5.15295
"TMEM205",3.69166,3.57695,4.14745
"TMEM206",2.60689,2.78168,2.979
"TMEM207",1.81048,1.88384,1.6454
"TMEM208",3.43345,3.33398,3.60639
"TMEM209",3.16998,3.36442,3.30639
"TMEM211",2.01104,2.34827,2.04019
"TMEM212",1.90082,1.55343,1.7229
"TMEM214",5.50252,5.18453,5.24003
"TMEM215",3.75996,3.44369,3.82101
"TMEM216",3.17314,3.16709,3.29257
"TMEM217",2.77532,2.13085,2.80132
"TMEM218",3.56334,3.33297,3.27755
"TMEM219",4.9228,4.91489,4.55423
"TMEM22",3.55964,3.44044,3.6059
"TMEM220",3.75522,4.09835,4.12232
"TMEM221",5.25083,5.11173,5.44679
"TMEM222",3.85281,4.01021,3.46935
"TMEM223",3.44759,4.45407,4.74791
"TMEM225",1.18469,1.06788,1.47772
"TMEM229A",1.7743,2.1806,1.593
"TMEM229B",2.07758,1.67699,1.56876
"TMEM231",2.8332,2.92235,2.53543
"TMEM232",2.20067,1.76684,1.83506
"TMEM25",4.32992,4.81656,4.32791
"TMEM26",2.3722,2.35367,2.7718
"TMEM27",1.85996,1.40114,1.48774
"TMEM30A",3.75868,4.07693,3.41378
"TMEM30B",3.7836,4.32193,4.52401
"TMEM31",2.19838,2.51347,3.10881
"TMEM33",3.68852,3.53309,3.09041
"TMEM35",4.29481,3.79148,4.25814
"TMEM37",2.95328,3.67357,3.64414
"TMEM38A",3.9381,3.94846,4.07676
"TMEM38B",2.31282,2.27346,2.55475
"TMEM39A",2.94584,3.94973,3.29806
"TMEM39B",3.39082,3.12042,3.59498
"TMEM40",3.39904,3.00349,3.06099
"TMEM41A",4.33346,3.67275,3.83836
"TMEM41B",2.60676,2.5665,2.94826
"TMEM42",3.33616,3.47129,3.01956
"TMEM43",3.59269,4.45972,3.34015
"TMEM44",3.05401,3.11869,3.45219
"TMEM45A",2.20894,2.20356,1.58667
"TMEM45B",2.87782,2.70333,2.8149
"TMEM47",4.85223,5.17088,4.98165
"TMEM48",2.09923,2.40923,2.5412
"TMEM49",4.91301,3.65224,4.73224
"TMEM5",3.10437,3.00016,3.15951
"TMEM50A",5.60673,4.83193,5.19955
"TMEM50B",4.19872,4.81514,4.2514
"TMEM51",3.80084,3.24695,3.02735
"TMEM52",4.3043,4.05386,4.05009
"TMEM53",3.55299,3.14959,3.30955
"TMEM54",4.6251,4.11641,4.31209
"TMEM55A",3.04819,3.61733,2.76342
"TMEM55B",4.12145,3.59965,4.20418
"TMEM56",1.78042,2.50709,2.48473
"TMEM57",2.72233,2.23718,2.73262
"TMEM59",6.32404,5.65935,5.72638
"TMEM59L",4.1892,3.79319,4.18854
"TMEM60",3.56103,3.69649,3.18536
"TMEM61",4.44228,3.93515,3.83761
"TMEM62",2.7899,2.85849,2.8523
"TMEM63A",5.05038,4.94773,5.14173
"TMEM63B",3.32832,3.85676,3.39444
"TMEM63C",1.88686,2.02576,2.01236
"TMEM64",4.14676,4.04133,4.06142
"TMEM65",2.94952,3.69374,3.0575
"TMEM66",6.21384,5.76389,5.77173
"TMEM67",2.42606,2.04889,1.99986
"TMEM68",3.11568,2.54791,2.71575
"TMEM69",2.18108,2.76118,2.87789
"TMEM70",3.9783,3.9376,3.49188
"TMEM71",1.82522,1.50511,1.86085
"TMEM72",4.09242,3.78202,3.80213
"TMEM74",1.89856,1.88041,2.73416
"TMEM75",3.60334,3.6873,3.34189
"TMEM78",2.05875,1.80657,1.95683
"TMEM79",3.06925,3.4742,4.07144
"TMEM80",4.7931,4.95481,4.43399
"TMEM81",2.03171,2.46295,2.0471
"TMEM82",4.22198,3.48971,3.77032
"TMEM85",4.86556,4.65212,4.66128
"TMEM86A",2.72616,3.18427,2.89179
"TMEM86B",3.37886,3.93941,3.40742
"TMEM87A",5.21637,4.65262,5.00396
"TMEM87B",3.93441,3.77458,3.97414
"TMEM88",4.48825,4.03249,4.06619
"TMEM89",5.01431,4.66833,5.13026
"TMEM8A",4.22014,4.32108,4.13109
"TMEM8B",3.94556,3.72554,4.00921
"TMEM8C",2.85532,2.95498,3.31955
"TMEM9",3.89229,3.77749,4.00782
"TMEM90A",3.56964,2.91621,3.59048
"TMEM90B",2.79702,2.50591,2.39032
"TMEM91",5.08424,4.92236,4.88031
"TMEM92",4.00377,4.18699,4.37309
"TMEM93",3.14343,2.78085,3.0267
"TMEM95",2.56113,2.4904,2.54921
"TMEM97",3.86829,4.04966,4.37396
"TMEM98",4.62925,4.86955,4.30197
"TMEM99",2.85625,2.85189,2.89947
"TMEM9B",5.06552,5.01565,4.94908
"TMF1",5.67557,5.28049,5.04408
"TMIE",2.28255,2.46627,2.51679
"TMIGD1",1.71007,1.69777,1.83515
"TMIGD2",4.25717,3.77567,3.76544
"TMLHE",3.01043,2.89959,3.10382
"TMOD1",3.89243,4.22119,4.18231
"TMOD2",1.79112,2.19705,2.12308
"TMOD3",3.33862,3.91114,3.3909
"TMOD4",2.19866,2.41675,2.03176
"TMPO",4.52023,4.51249,4.13028
"TMPPE",3.14154,3.48385,3.21518
"TMPRSS11A",1.3858,1.42549,1.64417
"TMPRSS11B",1.49441,1.53144,1.36088
"TMPRSS11D",1.57674,1.67554,1.7012
"TMPRSS11E",1.91392,1.42583,1.9603
"TMPRSS11F",1.82454,1.55107,1.82007
"TMPRSS12",1.79107,1.54217,1.79637
"TMPRSS13",2.1588,2.0465,2.24696
"TMPRSS15",1.64035,1.50474,1.3062
"TMPRSS2",6.88574,6.37508,6.45131
"TMPRSS3",2.01765,2.09408,2.13354
"TMPRSS4",2.0225,2.12656,2.61567
"TMPRSS5",2.20355,2.0965,2.35955
"TMPRSS6",2.88326,2.92573,3.32483
"TMPRSS7",2.22098,2.29187,2.18134
"TMPRSS9",3.28993,3.38644,2.9484
"TMSB10",6.80806,7.51587,6.67409
"TMSB15A",2.14686,2.12441,2.41445
"TMSB15B",2.54156,2.32209,1.74238
"TMSB4X",7.5987,8.30021,7.32228
"TMSB4XP2",5.2365,5.73808,5.7716
"TMSB4Y",2.57035,2.78756,2.39366
"TMSL3",7.74901,8.32776,7.59802
"TMTC1",2.99072,3.34621,2.64114
"TMTC2",3.04584,2.39759,3.18765
"TMTC3",3.338,3.75607,3.49117
"TMTC4",3.21945,3.26163,3.12628
"TMUB1",4.53029,4.442,4.70242
"TMUB2",4.37239,4.58688,4.04979
"TMX1",2.78555,3.10428,2.44499
"TMX2",5.28154,4.59395,5.44192
"TMX3",2.73707,2.26923,2.43445
"TMX4",4.57033,4.60303,4.4932
"TNC",4.67006,5.28819,3.95996
"TNF",2.76454,2.62154,2.86549
"TNFAIP1",4.11736,3.71009,3.51735
"TNFAIP2",3.97539,4.01385,3.93015
"TNFAIP3",5.78836,3.40521,4.18399
"TNFAIP6",1.74068,1.64165,1.40101
"TNFAIP8",2.45028,3.50328,2.65539
"TNFAIP8L1",2.00972,2.31391,2.31669
"TNFAIP8L2",4.04792,3.48958,3.77616
"TNFAIP8L3",2.5181,2.63926,2.84946
"TNFRSF10A",3.68403,3.60765,3.39203
"TNFRSF10B",4.57378,4.04472,4.11021
"TNFRSF10C",3.69863,3.32319,3.25311
"TNFRSF10D",3.70829,3.35981,3.51142
"TNFRSF11A",2.99378,2.64507,2.59057
"TNFRSF11B",3.14951,2.14847,2.47203
"TNFRSF12A",5.2776,4.8292,4.75076
"TNFRSF13B",4.70976,4.8874,5.0095
"TNFRSF13C",3.83481,3.92882,3.71196
"TNFRSF14",4.93125,5.67103,5.18994
"TNFRSF17",1.98715,1.97742,1.99942
"TNFRSF18",4.10402,4.26025,4.20251
"TNFRSF19",4.3648,3.69385,3.48812
"TNFRSF1A",5.11725,4.79466,5.20781
"TNFRSF1B",2.78653,2.80492,3.07608
"TNFRSF21",3.9453,3.08842,3.06875
"TNFRSF25",5.04459,5.01441,5.04547
"TNFRSF4",3.81766,4.04414,3.88103
"TNFRSF8",3.91328,3.63069,4.23051
"TNFRSF9",2.30562,1.80939,2.087
"TNFSF10",4.21065,4.13243,3.45869
"TNFSF11",2.62397,2.33357,2.18449
"TNFSF12",4.74378,4.47717,4.37805
"TNFSF13B",1.89035,2.4674,2.41498
"TNFSF14",2.92027,2.64911,2.77836
"TNFSF15",3.1649,3.61614,3.30259
"TNFSF18",1.5059,1.72359,1.53418
"TNFSF4",2.08535,1.94228,2.06852
"TNFSF8",2.90375,2.81363,2.84713
"TNFSF9",3.39443,3.31819,2.97325
"TNIK",2.79027,3.03606,2.51572
"TNIP1",4.71213,5.28295,4.62978
"TNIP2",3.92682,4.04889,4.07441
"TNIP3",2.70371,1.9847,2.57748
"TNK1",3.21351,3.11141,2.78729
"TNK2",4.67486,4.74908,4.68535
"TNKS",3.18965,3.51927,3.75706
"TNKS1BP1",5.26525,5.06532,5.38689
"TNKS2",4.93929,4.93086,4.62363
"TNMD",1.75391,1.59072,1.36752
"TNN",2.50534,2.52621,2.58728
"TNNC1",3.16559,3.44193,3.52039
"TNNC2",3.39866,3.08535,3.25196
"TNNI1",3.67006,3.3487,3.4911
"TNNI2",3.793,3.68623,3.9049
"TNNI3",2.84841,2.87089,2.68186
"TNNI3K",1.74971,1.53815,1.69724
"TNNT1",2.86669,2.95616,3.10939
"TNNT2",3.01465,3.48741,3.51222
"TNNT3",3.94849,3.92922,4.04496
"TNP1",2.88092,1.90403,2.67157
"TNP2",2.38218,2.26035,2.39171
"TNPO1",4.92932,4.55755,4.10033
"TNPO2",4.6705,4.47126,4.94327
"TNPO3",3.80277,4.29287,3.29614
"TNR",2.23935,2.31649,2.77204
"TNRC18",4.619,4.67576,4.47877
"TNRC6A",4.48982,5.0592,4.66997
"TNRC6B",4.94052,4.65761,4.84207
"TNRC6C",3.73383,4.3267,4.28439
"TNS1",5.82092,6.17073,5.213
"TNS3",2.94027,2.7752,2.80177
"TNS4",5.52293,3.83644,3.38986
"TNXA",3.78488,3.36568,3.42937
"TNXB",3.56446,3.34375,3.34006
"TOB1",6.47369,6.03426,5.73386
"TOB2",9.06025,9.02914,9.0302
"TOE1",3.20989,3.51515,3.42477
"TOLLIP",3.64488,4.27252,4.04764
"TOM1",4.06743,3.33684,3.99645
"TOM1L1",3.92606,4.17692,3.40692
"TOM1L2",4.84628,5.1253,4.53418
"TOMM20",4.08508,3.54578,3.07993
"TOMM20L",3.12248,2.9653,2.39651
"TOMM22",2.08918,2.26738,1.95214
"TOMM34",3.55838,3.16215,3.47121
"TOMM40",3.87687,3.67576,3.10475
"TOMM40L",3.8983,3.52073,3.28452
"TOMM7",5.50882,5.301,5.27134
"TOMM70A",3.99898,4.39851,3.95131
"TOP1",5.69853,5.46995,4.77737
"TOP1MT",3.89107,3.76996,3.91109
"TOP2A",2.33683,2.91304,2.12223
"TOP2B",4.58254,5.08733,4.80641
"TOP3A",4.06286,3.95378,4.14294
"TOP3B",3.46217,3.13453,3.34534
"TOPBP1",2.79525,3.65037,2.84841
"TOPORS",3.42518,3.87338,3.25777
"TOR1A",3.05409,3.07952,2.89786
"TOR1AIP1",5.05243,4.99701,4.66365
"TOR1AIP2",3.08556,4.07007,3.3321
"TOR1B",3.15736,3.07638,2.79346
"TOR2A",3.46421,3.57718,3.24568
"TOR3A",3.07194,2.69573,3.11871
"TOX",2.31694,2.18065,2.17076
"TOX2",3.25067,3.37703,3.14271
"TOX3",3.15375,2.48189,3.09423
"TOX4",5.99007,5.23044,5.91744
"TP53",4.10595,4.35569,3.60828
"TP53AIP1",2.74479,2.30898,2.31673
"TP53BP1",4.35063,4.28904,3.54563
"TP53BP2",3.51697,3.48384,3.78511
"TP53I11",4.33645,4.45874,4.22091
"TP53I13",4.64106,4.51549,4.41493
"TP53I3",3.8938,4.01771,4.61429
"TP53INP1",3.96424,4.4255,4.28977
"TP53INP2",5.7514,5.29268,5.03025
"TP53RK",2.8138,2.94558,2.37271
"TP53TG1",3.18685,3.28877,2.67928
"TP53TG3",1.98225,2.13075,1.89768
"TP53TG5",2.36749,2.42509,2.71468
"TP63",4.23791,3.78438,2.86555
"TP73",4.22573,3.97963,4.06362
"TPBG",4.75812,4.55556,4.81545
"TPCN1",3.34657,3.64472,3.50947
"TPCN2",4.03901,4.11752,4.21592
"TPD52",5.85032,5.24599,6.08062
"TPD52L1",4.22508,4.33472,4.1795
"TPD52L2",4.66851,4.22946,4.53117
"TPD52L3",1.47318,1.43631,2.13889
"TPH1",1.57482,1.51305,1.57524
"TPH2",1.46328,1.71875,1.20971
"TPI1",3.85927,4.34941,4.59134
"TPI1P2",3.65457,2.9261,3.13306
"TPK1",1.77867,2.2015,2.05216
"TPM1",5.53857,5.81575,5.51955
"TPM2",7.40674,7.40247,6.38064
"TPM3",5.36366,5.15893,5.05792
"TPM4",6.22482,6.28191,6.06278
"TPMT",3.15423,3.35068,3.07401
"TPO",2.18019,2.09881,2.60767
"TPP1",4.23958,4.11325,3.93241
"TPP2",4.05285,4.14526,3.39698
"TPPP",3.99315,4.00251,4.09502
"TPPP2",2.10889,1.73308,1.79011
"TPPP3",3.99166,4.05219,3.96493
"TPR",5.17865,5.14454,4.79681
"TPRA1",3.85634,3.66707,3.93656
"TPRG1",2.0324,1.81163,2.25216
"TPRG1L",3.1947,2.90511,2.83631
"TPRKB",2.78758,3.24827,2.81366
"TPRN",3.3799,3.91878,3.89048
"TPRX1",2.35291,2.24406,2.32332
"TPRXL",4.16169,3.78148,4.07334
"TPSAB1",4.53167,4.59513,4.99422
"TPSD1",3.97058,4.56221,4.4531
"TPSG1",4.49716,3.92353,4.47637
"TPST1",3.50385,4.20226,3.94121
"TPST2",4.10142,3.80611,4.23617
"TPT1",7.17638,7.13267,7.48954
"TPTE",1.32629,1.13954,1.34529
"TPTE2",1.5473,2.39455,1.63409
"TPTE2P3",1.4574,3.45438,2.20782
"TPX2",1.92128,2.18464,2.02583
"TRA2A",5.53851,5.81773,5.28374
"TRA2B",6.06667,5.45047,5.05516
"TRABD",5.0966,5.17251,5.26651
"TRADD",3.23524,3.57824,3.06858
"TRAF1",2.70771,2.52028,2.71469
"TRAF2",3.6747,3.71527,3.37883
"TRAF3",2.19181,2.28007,2.64568
"TRAF3IP1",3.2334,3.49007,3.13168
"TRAF3IP2",4.33041,4.45714,3.59535
"TRAF3IP3",2.43831,2.2508,1.98289
"TRAF4",4.97346,4.26946,4.89002
"TRAF5",2.14376,2.86766,2.17642
"TRAF6",3.39474,3.22897,3.16292
"TRAF7",4.63905,4.33788,4.59725
"TRAFD1",3.13218,3.49949,3.46869
"TRAIP",2.85354,2.56196,3.18336
"TRAJ17",2.32276,2.38418,2.29072
"TRAK1",4.07299,3.9672,3.75256
"TRAK2",2.03561,3.63649,2.93063
"TRAM1",5.99837,6.11096,5.95669
"TRAM1L1",2.17052,2.32683,1.99176
"TRAM2",3.28126,3.16759,3.1082
"TRANK1",3.22171,3.8349,3.08766
"TRAP1",4.70859,4.27053,4.19243
"TRAPPC1",4.61981,5.32133,5.12504
"TRAPPC10",3.65718,3.56039,3.71696
"TRAPPC2",1.99524,2.31158,1.66441
"TRAPPC2L",4.02542,4.00569,4.33795
"TRAPPC3",4.177,4.28524,3.91747
"TRAPPC4",3.50537,3.18999,2.89709
"TRAPPC5",4.92323,4.75978,5.17561
"TRAPPC6A",4.20012,4.19556,4.08246
"TRAPPC6B",3.60466,4.2737,3.75309
"TRAPPC8",2.92379,3.74302,3.21364
"TRAPPC9",4.05603,3.28158,3.47134
"TRAT1",1.52817,2.04561,1.74874
"TRAV8.3",1.75179,1.84566,1.76927
"TRBC1",3.09225,2.77248,3.15705
"TRBV21OR9.2",2.87019,2.66571,2.97511
"TRBV23OR9.2",3.30374,2.87382,3.6766
"TRDMT1",2.33818,2.23579,2.08023
"TRDN",1.97283,1.69071,1.72728
"TREH",2.52084,2.89629,3.13572
"TREM1",2.12636,2.11652,2.06936
"TREM2",3.07061,3.46876,3.25189
"TREML1",3.10962,3.06124,3.50943
"TREML2",3.0718,3.25822,3.47365
"TREML3",2.30835,3.00534,3.18837
"TREML4",2.49659,2.36791,2.87198
"TRERF1",3.35013,4.1719,3.10117
"TREX2",4.60805,4.36424,4.31698
"TRGV3",2.30889,2.31103,3.07823
"TRH",2.95127,2.41214,2.85584
"TRHDE",2.01084,2.70272,1.90392
"TRHR",2.26478,1.49141,2.37688
"TRIAP1",4.69096,4.70389,4.79259
"TRIB1",6.10172,3.41879,4.19375
"TRIB2",3.37539,3.62774,3.50285
"TRIB3",3.87721,3.79239,4.16103
"TRIL",3.03381,3.06497,2.82598
"TRIM10",2.68687,2.98746,2.94368
"TRIM11",3.75629,3.66394,3.5232
"TRIM13",3.34469,5.32735,3.48431
"TRIM14",4.38229,3.91502,3.7363
"TRIM15",3.19247,3.1132,3.51888
"TRIM16",3.77144,4.44959,4.49486
"TRIM16L",3.5048,3.9623,3.39829
"TRIM17",3.50849,3.31478,3.78121
"TRIM2",3.43216,3.69588,3.89272
"TRIM21",2.88247,3.03539,2.57493
"TRIM22",4.10008,3.38168,3.15862
"TRIM23",2.28952,3.3325,2.67337
"TRIM24",4.62452,5.05116,4.54692
"TRIM25",4.45684,5.35914,4.77264
"TRIM26",4.4073,4.1366,4.36212
"TRIM27",3.9406,4.04314,4.30082
"TRIM28",4.9715,5.00911,4.94854
"TRIM29",4.22557,3.63266,3.71968
"TRIM3",3.66721,3.70132,3.7795
"TRIM31",2.60525,2.09208,2.43328
"TRIM32",3.3641,3.32034,3.55405
"TRIM33",4.80477,4.3965,5.07332
"TRIM35",3.71816,3.64495,3.60703
"TRIM36",3.44001,3.03365,3.59268
"TRIM37",3.80609,3.59353,3.83048
"TRIM38",3.26444,2.84677,2.49759
"TRIM39",3.07545,2.95148,2.7322
"TRIM4",3.06811,2.49278,2.75996
"TRIM40",3.80827,3.2754,3.60436
"TRIM41",2.80383,3.26452,2.3373
"TRIM42",2.02654,1.89237,2.12359
"TRIM43",1.87115,1.83633,2.03671
"TRIM44",3.75381,4.0522,3.88726
"TRIM45",3.10003,3.21848,3.78199
"TRIM46",3.36457,3.57899,3.48422
"TRIM47",4.47421,4.30824,4.69564
"TRIM48",1.73765,1.81621,2.18603
"TRIM49",2.0038,1.96949,1.7817
"TRIM49L1",1.60876,2.13359,1.52347
"TRIM5",3.65687,3.73918,3.41085
"TRIM50",2.81761,3.57266,2.83636
"TRIM52",3.82892,4.70255,4.23346
"TRIM54",2.77464,2.9789,2.68362
"TRIM55",2.31254,2.24814,2.46325
"TRIM56",4.34389,3.81923,4.12735
"TRIM58",3.6527,3.52625,3.97413
"TRIM59",2.17218,2.55013,2.31802
"TRIM6.TRIM34",1.84137,1.90824,2.34234
"TRIM60",1.95963,2.11487,2.31198
"TRIM61",2.3956,3.62578,2.87837
"TRIM62",3.8037,4.19618,3.72758
"TRIM63",2.17662,1.97338,2.1562
"TRIM64",1.85359,2.00278,1.84342
"TRIM65",3.97847,3.92994,4.32423
"TRIM66",3.96221,3.35667,3.89808
"TRIM67",2.68747,2.30123,2.72379
"TRIM68",2.43937,3.00525,3.07119
"TRIM69",2.24751,2.99794,2.6803
"TRIM7",2.0668,2.23218,2.23074
"TRIM71",4.61318,4.46645,4.37145
"TRIM72",3.32897,3.18336,2.82268
"TRIM73",3.60703,4.00052,3.53182
"TRIM8",4.81053,5.64515,4.54956
"TRIM9",2.30805,2.36382,2.4619
"TRIML1",1.48168,1.65312,1.84836
"TRIML2",2.2425,1.99192,2.2097
"TRIO",4.64724,5.00658,4.51538
"TRIOBP",4.00589,3.73774,4.00618
"TRIP10",4.50071,4.55868,4.38229
"TRIP11",3.29972,3.8382,2.92774
"TRIP12",5.02798,5.00618,4.64284
"TRIP13",1.88725,1.73512,1.3966
"TRIP4",3.17793,3.58711,3.10215
"TRIP6",3.52846,3.31793,3.49516
"TRIT1",3.6912,3.99618,3.54672
"TRMT1",3.11435,3.08638,2.88273
"TRMT11",2.58861,2.36648,2.23151
"TRMT112",5.94196,6.1274,5.47641
"TRMT12",4.06366,2.14791,2.40567
"TRMT2A",4.31732,4.51881,4.9523
"TRMT2B",2.9977,3.79818,3.62272
"TRMT5",2.81777,2.89198,2.449
"TRMT6",3.25423,3.09611,3.10221
"TRMT61A",3.80196,3.17894,3.77878
"TRMT61B",2.10738,1.9387,1.9124
"TRMU",4.03576,3.6434,3.89629
"TRNAU1AP",2.35359,2.70651,2.55304
"TRNP1",4.7046,4.87941,4.88952
"TRNT1",3.32661,4.11068,4.33556
"TRO",3.11026,3.81269,2.64284
"TROAP",4.48641,3.9405,4.35596
"TROVE2",2.93345,4.10722,3.87425
"TRPA1",1.69294,1.8792,1.61366
"TRPC1",2.7508,3.38578,3.23705
"TRPC2",2.34665,1.97083,2.29237
"TRPC3",1.95145,1.93711,1.8253
"TRPC4",3.2763,3.31077,2.56776
"TRPC4AP",4.66781,5.28717,4.98311
"TRPC5",2.20961,2.21981,1.90857
"TRPC6",2.54812,2.28396,2.59299
"TRPC7",1.8083,1.82703,1.35964
"TRPM1",1.8475,1.75709,1.86321
"TRPM2",3.73267,3.30773,3.48927
"TRPM3",2.22094,2.28352,2.67018
"TRPM4",4.56217,4.13358,4.29229
"TRPM5",2.44572,2.6951,3.12549
"TRPM6",2.13281,1.84015,2.49536
"TRPM7",4.68536,4.96616,4.41189
"TRPM8",4.84003,4.82773,4.51377
"TRPS1",4.75015,4.67635,3.52535
"TRPT1",4.86332,5.0922,4.76476
"TRPV1",2.72053,3.05965,3.05147
"TRPV2",2.08871,3.03715,2.36065
"TRPV3",2.12008,2.02919,2.17464
"TRPV4",3.53498,3.28631,3.74496
"TRPV5",3.16232,2.84563,2.90749
"TRPV6",3.91047,4.53169,3.45004
"TRRAP",4.4235,4.46718,4.33158
"TRUB1",2.70196,3.00855,2.75989
"TRUB2",2.55118,3.30481,3.16271
"TRY6",2.73925,3.00807,2.9977
"TRYX3",1.85754,1.48107,1.55484
"TSC1",4.0749,4.82517,4.47855
"TSC2",4.39611,4.53601,4.17483
"TSC22D1",6.15782,5.33898,6.20009
"TSC22D2",4.85415,3.90122,4.21901
"TSC22D3",5.63736,5.13072,5.08816
"TSC22D4",4.03309,3.78406,3.92587
"TSEN15",3.27092,3.31168,2.89513
"TSEN2",3.43206,3.52392,3.08079
"TSEN34",3.83902,3.59547,3.80507
"TSEN54",4.16558,4.26184,4.56463
"TSFM",3.46196,3.24702,3.32905
"TSG101",4.83244,5.043,4.40526
"TSGA10",1.87958,1.67802,1.90378
"TSGA10IP",3.54676,3.40705,3.83379
"TSGA14",2.20234,2.15182,2.07925
"TSHB",1.56439,1.70702,1.51946
"TSHR",2.42752,2.63102,2.96091
"TSHZ1",3.51312,3.25114,3.00741
"TSHZ2",4.80448,5.75371,5.01127
"TSHZ3",2.82108,3.34881,3.07588
"TSKS",3.44224,3.1778,3.43948
"TSKU",3.95891,4.03253,4.08356
"TSLP",1.91359,1.59886,1.50495
"TSN",3.20089,3.20582,2.86558
"TSNARE1",2.81706,2.98538,3.03226
"TSNAX",3.31312,3.63779,3.13097
"TSNAXIP1",2.56139,2.6433,2.45045
"TSPAN1",6.5617,5.86214,5.85822
"TSPAN10",3.40597,3.81989,3.51624
"TSPAN11",3.461,4.2295,3.94763
"TSPAN12",2.38036,2.39127,2.69274
"TSPAN13",4.14832,3.84491,4.18572
"TSPAN14",4.34899,3.77975,4.12142
"TSPAN15",4.26041,4.67797,4.24317
"TSPAN16",2.87107,2.20774,2.94243
"TSPAN17",3.5823,3.45121,3.83629
"TSPAN18",4.11935,4.07513,4.1261
"TSPAN2",3.02258,2.94353,2.10026
"TSPAN3",5.0561,4.20378,4.405
"TSPAN31",3.92364,4.0046,3.85618
"TSPAN32",3.41919,3.22886,3.31059
"TSPAN33",2.26067,2.79915,2.24937
"TSPAN4",3.6673,3.53811,3.57898
"TSPAN5",2.78192,2.3189,2.41141
"TSPAN6",3.8179,4.28752,3.83202
"TSPAN7",2.62142,2.51899,2.46909
"TSPAN8",4.71183,3.92808,3.5046
"TSPAN9",3.37016,3.67336,3.8046
"TSPO",4.26869,3.63595,4.52057
"TSPO2",3.37936,3.22638,3.0176
"TSPY1",2.10148,1.87669,1.96996
"TSPY2",2.39046,2.19027,2.22914
"TSPY26P",4.15604,3.64052,3.80421
"TSPY3",2.04913,1.86208,1.9368
"TSPYL1",3.90671,4.30228,3.91531
"TSPYL2",5.33914,5.19896,5.23269
"TSPYL4",4.46527,4.9132,5.0309
"TSPYL5",3.74592,3.55303,3.05428
"TSPYL6",4.1573,4.33672,4.67169
"TSR1",3.26249,4.24249,3.88224
"TSR2",3.41367,3.89079,3.53428
"TSSC1",2.90229,2.43003,3.22585
"TSSC4",4.39866,3.51372,3.7138
"TSSK1B",3.1929,3.12939,3.24098
"TSSK2",2.23767,2.25007,2.38999
"TSSK3",2.7349,3.59768,2.78217
"TSSK4",3.89465,4.57695,4.1097
"TSSK6",2.06035,1.93007,1.80733
"TST",3.98834,4.14144,4.42356
"TSTA3",3.45694,3.37573,3.88893
"TSTD2",3.62114,3.28783,3.59688
"TTBK1",3.54596,3.83757,3.63324
"TTBK2",3.50841,4.22095,3.51069
"TTC1",3.68713,4.03892,3.84748
"TTC12",3.39613,3.44837,3.75931
"TTC13",2.58352,2.75118,2.62695
"TTC14",3.74636,4.55254,4.07348
"TTC15",3.95366,3.5795,3.29214
"TTC16",3.61836,3.6385,3.33623
"TTC17",4.88739,5.54792,4.76751
"TTC18",2.47706,2.68851,2.77515
"TTC19",5.34745,5.21645,5.04581
"TTC21A",2.66775,2.92122,2.42784
"TTC21B",2.86151,3.79346,3.75039
"TTC22",2.49789,2.55976,2.67311
"TTC23",3.27175,3.1871,3.02096
"TTC23L",1.71994,1.43267,1.24234
"TTC24",3.74875,4.07904,4.09073
"TTC25",2.22753,1.8249,2.19233
"TTC26",2.71247,2.36052,2.39192
"TTC27",2.75799,2.63433,2.95277
"TTC28",3.39817,3.30689,2.76785
"TTC28.AS",2.68859,3.0065,2.46453
"TTC29",1.29073,1.45244,1.60745
"TTC3",5.39602,5.93515,4.80295
"TTC30A",2.47907,2.19379,2.47875
"TTC30B",1.66585,1.87571,1.45326
"TTC31",2.73347,2.93848,2.95418
"TTC32",1.74958,1.42592,2.02302
"TTC33",2.89638,3.40429,3.11842
"TTC35",3.82639,3.04551,2.59656
"TTC36",2.76692,2.75911,2.69201
"TTC37",3.87308,5.14801,4.21771
"TTC38",3.84912,4.00216,3.80444
"TTC39A",3.70475,3.30515,3.51693
"TTC39B",2.1141,2.41299,1.96095
"TTC39C",3.10141,3.00031,2.86611
"TTC4",3.03556,4.01615,4.33196
"TTC5",3.0231,3.0003,2.64708
"TTC6",3.49684,4.5086,4.2398
"TTC7A",3.52656,2.6061,3.44578
"TTC7B",2.7584,3.49293,3.33709
"TTC8",2.87865,2.50135,2.88829
"TTC9",3.57221,3.83542,3.31932
"TTC9B",2.819,2.79238,3.09971
"TTC9C",2.51675,3.52398,3.12631
"TTF1",1.69306,2.41529,1.95679
"TTF2",2.49718,2.39221,2.37825
"TTI1",3.5048,3.8826,4.05126
"TTK",1.60976,1.63307,1.6057
"TTL",3.28668,4.02971,3.59903
"TTLL1",2.31881,2.24603,2.68888
"TTLL10",4.48535,4.02953,3.88561
"TTLL11",3.26866,3.78942,3.09113
"TTLL12",3.79418,3.5014,3.80455
"TTLL13",2.21274,1.79118,2.10408
"TTLL2",2.3331,2.0992,2.87058
"TTLL3",3.86211,4.56401,4.15301
"TTLL4",3.16297,3.3395,3.86233
"TTLL5",4.17074,4.49627,3.7758
"TTLL6",2.38248,1.84482,2.07408
"TTLL7",3.46994,3.21119,3.28376
"TTLL8",2.73706,2.59523,2.66558
"TTLL9",1.89715,2.6901,2.2761
"TTN",2.61776,2.68939,2.8548
"TTPA",1.93756,2.38177,2.185
"TTPAL",2.27072,2.39271,1.96903
"TTR",2.82447,2.92259,3.08379
"TTTY1",2.67149,2.73725,2.67505
"TTTY10",3.01046,3.15476,3.15234
"TTTY11",1.45373,1.43127,1.20352
"TTTY12",1.87453,1.56056,1.58722
"TTTY13",2.76107,1.95398,2.57805
"TTTY14",3.36228,4.06554,3.80891
"TTTY2",1.50247,1.68661,1.69503
"TTTY5",3.31409,3.03579,3.20876
"TTTY6",2.55479,2.17886,2.6092
"TTTY7",2.54811,1.68234,2.22439
"TTTY8",1.89705,1.77635,2.08356
"TTTY9A",1.46508,1.80824,1.8048
"TTYH1",3.9212,3.672,3.77005
"TTYH2",3.78224,3.90205,3.83231
"TTYH3",4.42854,4.64277,3.89711
"TUB",3.14415,3.7789,3.08663
"TUBA1A",6.61435,5.52109,4.99435
"TUBA1B",7.01406,6.99875,6.07125
"TUBA1C",5.16981,5.50747,5.88059
"TUBA3C",3.84731,3.71432,3.81353
"TUBA3D",3.94666,4.05159,4.10237
"TUBA3E",2.48103,2.60468,1.93743
"TUBA4A",2.56174,2.58942,2.58871
"TUBA4B",3.40599,2.94745,3.41182
"TUBA8",3.04357,2.85677,2.48036
"TUBAL3",1.76064,1.68062,1.50968
"TUBB",4.4177,5.75926,4.99617
"TUBB1",1.81003,1.71151,1.68437
"TUBB2A",5.64722,5.11125,4.79639
"TUBB2B",3.63501,3.59991,3.42558
"TUBB2C",5.45693,5.24392,5.25266
"TUBB3",4.4925,4.30348,4.23057
"TUBB4",3.89469,3.48549,3.39322
"TUBB4Q",3.17741,2.66697,3.42514
"TUBB6",4.99199,5.18814,4.70696
"TUBB8",3.2686,3.2484,3.28813
"TUBBP5",4.51591,4.38209,4.28624
"TUBD1",3.62418,4.0947,3.46144
"TUBE1",2.42181,3.48443,2.98084
"TUBG1",5.25075,5.20446,4.38873
"TUBG2",3.58956,3.75722,3.92796
"TUBGCP2",3.24246,3.77485,3.42108
"TUBGCP3",2.77067,2.65454,2.40358
"TUBGCP4",3.20303,4.09747,3.49743
"TUBGCP5",2.54771,2.85525,2.89649
"TUBGCP6",3.75182,3.72261,3.72167
"TUFM",5.12732,4.89209,4.34733
"TUFT1",3.34311,2.58174,2.81861
"TUG1",5.88142,6.59004,6.50304
"TULP1",3.23245,3.41239,3.59053
"TULP2",1.99248,1.94475,1.92934
"TULP3",2.88655,3.03785,3.17394
"TULP4",3.85503,4.30295,4.0563
"TUSC1",3.45792,3.62684,3.36551
"TUSC2",3.66036,3.48443,3.85641
"TUSC3",4.76021,4.62343,4.56379
"TUSC5",3.40592,3.21082,3.40734
"TUT1",3.25201,3.74395,3.20799
"TWF1",4.10052,3.85088,3.8435
"TWF2",3.98822,3.96994,3.73144
"TWIST1",4.44018,4.46863,4.43634
"TWISTNB",3.02203,2.93883,3.37604
"TWSG1",3.28289,2.68687,2.14784
"TXK",1.99165,2.32334,1.78274
"TXLNA",4.98668,5.11412,4.89227
"TXLNB",2.73294,2.45409,2.41711
"TXLNG",3.43854,3.36133,3.07828
"TXN",3.96015,3.98523,3.21014
"TXN2",3.27181,3.15043,3.69691
"TXNDC11",3.98624,3.79677,4.21957
"TXNDC12",3.85475,3.27613,2.89831
"TXNDC15",5.71935,6.19463,5.83572
"TXNDC16",2.74742,3.24219,2.37221
"TXNDC17",4.84827,4.22841,4.50964
"TXNDC2",2.85465,2.50176,2.38776
"TXNDC3",1.60924,1.85358,1.99566
"TXNDC6",2.64832,2.39181,2.44699
"TXNDC8",1.8929,1.52176,1.41669
"TXNDC9",2.2275,2.51928,2.44509
"TXNIP",5.23103,7.20673,6.51159
"TXNL1",4.28853,3.8626,3.74858
"TXNL4A",2.76257,2.68448,2.68673
"TXNL4B",3.1242,3.22518,2.69049
"TXNRD1",3.44096,3.69638,3.69609
"TXNRD2",3.31969,3.90153,3.94521
"TXNRD3",2.4162,2.27573,2.26853
"TYK2",3.8481,3.99191,3.72234
"TYMP",3.89643,3.90626,3.78774
"TYMS",3.5841,3.426,3.83243
"TYR",1.56821,1.74963,1.53911
"TYRO3",3.03201,3.10882,3.26617
"TYROBP",5.3131,5.12791,4.77574
"TYRP1",1.74054,1.80271,1.8576
"TYSND1",3.58987,3.73588,3.5075
"TYW1",3.33015,2.89559,2.69322
"TYW1B",2.93736,4.04751,3.21578
"TYW3",3.80813,3.80418,3.92214
"U2AF1",5.99096,6.16191,6.49674
"U2AF1L4",4.03888,3.74933,3.97856
"U2AF2",4.43245,4.37317,3.71806
"UACA",4.53122,4.84909,4.02273
"UAP1",4.56456,4.21333,4.30897
"UAP1L1",4.52599,4.53264,4.42138
"UBA1",4.80169,4.88402,4.68444
"UBA2",4.78383,5.00514,4.44965
"UBA3",4.52715,4.11218,3.77296
"UBA5",4.33043,4.84464,4.32991
"UBA52",6.53165,6.71654,6.53397
"UBA6",4.57555,4.11445,4.18378
"UBA7",3.56651,3.59819,3.47937
"UBAC1",4.03214,3.58017,3.81415
"UBAC2",4.40982,4.14879,3.97119
"UBAP1",5.20783,5.04185,4.69122
"UBAP2",4.9083,4.75344,4.93738
"UBAP2L",5.11331,5.25004,5.08753
"UBASH3A",1.64946,2.0866,1.72811
"UBASH3B",2.76213,2.64093,2.64858
"UBB",7.91133,8.41684,7.2559
"UBC",9.31064,9.11407,8.16022
"UBD",2.92301,3.43249,3.29785
"UBE2A",3.59432,3.44951,3.58364
"UBE2B",4.61815,4.25415,4.83176
"UBE2C",3.95002,4.12272,3.81465
"UBE2CBP",2.20221,2.81828,2.66777
"UBE2D1",3.61429,3.34345,3.41337
"UBE2D2",5.2307,5.22892,5.55996
"UBE2D3",3.35592,3.63017,3.22762
"UBE2D4",5.33161,4.44619,4.63825
"UBE2DNL",4.00555,3.95563,3.77772
"UBE2E1",5.41793,5.15988,5.0477
"UBE2E2",4.3646,4.07505,4.12068
"UBE2E3",3.95337,4.08198,4.05758
"UBE2F",5.29172,3.53816,5.34115
"UBE2G1",4.73353,5.12091,4.53628
"UBE2G2",3.74391,4.19894,3.48739
"UBE2H",5.10095,5.22528,3.78369
"UBE2I",4.42627,4.52952,4.02117
"UBE2J1",6.24201,5.38713,5.74111
"UBE2J2",3.10248,3.55525,2.92142
"UBE2K",4.20924,4.28197,4.23367
"UBE2L3",5.01376,4.71377,4.56221
"UBE2L6",6.22561,5.36611,5.16048
"UBE2M",3.74466,3.32759,2.80706
"UBE2MP1",2.08829,2.23027,1.80889
"UBE2N",4.4024,4.01064,3.50822
"UBE2NL",2.96286,2.53229,2.39903
"UBE2O",3.7505,3.73442,3.73196
"UBE2Q1",4.19329,4.79733,4.63458
"UBE2Q2",5.23861,5.24863,5.25441
"UBE2Q2P1",5.09803,5.81264,5.28947
"UBE2Q2P3",4.92976,5.47185,5.19196
"UBE2R2",5.00731,4.69581,4.8784
"UBE2S",3.38836,3.1401,3.90037
"UBE2T",1.39714,2.19287,1.7248
"UBE2U",1.39219,1.13381,1.16656
"UBE2V2",4.09022,3.9918,3.49142
"UBE2W",3.77365,3.07769,3.03797
"UBE2Z",4.5121,4.77067,4.47221
"UBE3A",4.96084,5.05967,4.91467
"UBE3B",4.13396,4.28736,4.40512
"UBE3C",3.88819,3.84072,3.6907
"UBE4A",4.627,4.8632,4.2455
"UBE4B",4.58674,5.30613,4.46166
"UBFD1",3.83091,4.02709,3.90647
"UBIAD1",3.75187,2.87936,3.48719
"UBL3",3.90616,4.21894,3.81295
"UBL4A",3.09899,2.92832,2.84012
"UBL4B",2.90864,2.65013,2.98771
"UBL5",5.36357,5.42804,4.24458
"UBL7",3.81788,3.96128,3.7745
"UBLCP1",2.94934,3.88149,2.7256
"UBN1",3.52982,4.14975,4.47299
"UBN2",4.69843,4.95363,4.45876
"UBP1",4.88956,5.05196,4.21206
"UBQLN1",5.34013,5.3433,5.46907
"UBQLN2",4.42554,3.88157,4.18192
"UBQLN3",2.67669,2.04452,2.83204
"UBQLN4",4.07948,4.9716,4.37031
"UBQLNL",2.98382,2.48764,2.74144
"UBR1",3.41997,3.02805,2.89207
"UBR2",4.14841,4.42967,4.45592
"UBR3",3.40808,3.45757,3.47062
"UBR4",4.76524,5.14535,4.83207
"UBR5",4.22508,4.49909,4.27827
"UBR7",2.09925,1.96291,2.20181
"UBTD1",4.16131,4.90348,4.95452
"UBTD2",2.76337,2.97028,2.8415
"UBTF",5.68782,5.31442,5.47585
"UBTFL1",1.85862,1.39606,1.4806
"UBXN1",5.0117,4.99141,5.07413
"UBXN10",1.74491,1.60611,2.55863
"UBXN11",3.2155,3.22225,3.32991
"UBXN2A",3.79523,3.75413,3.10023
"UBXN2B",3.13963,2.85136,2.93578
"UBXN4",4.77874,4.45835,4.53885
"UBXN6",5.20402,4.59438,4.48171
"UBXN7",3.55138,3.85817,3.79684
"UBXN8",3.83383,4.18093,3.96722
"UCA1",2.67452,1.83837,2.18931
"UCHL1",3.58051,3.6237,2.92773
"UCHL3",4.42389,4.27909,3.65623
"UCHL5",2.80748,3.13208,2.96438
"UCK1",4.13329,4.30546,3.74651
"UCK2",3.24683,3.4394,3.82434
"UCKL1",3.87117,4.48215,4.17857
"UCMA",2.90034,2.27841,2.52081
"UCN",4.65976,4.44824,4.72688
"UCN2",3.78595,4.03483,4.33358
"UCN3",3.61022,3.46567,3.13365
"UCP1",2.55435,2.39407,2.36872
"UCP2",3.23697,3.76898,3.37222
"UCP3",3.11176,2.68252,2.95281
"UEVLD",2.45629,2.54581,3.21381
"UFC1",4.35153,4.49497,4.64854
"UFD1L",4.84617,5.0206,4.47028
"UFM1",4.41382,3.99528,4.07411
"UFSP1",3.59319,3.67977,3.82048
"UFSP2",3.42563,3.16055,2.66581
"UGCG",3.5383,3.12416,2.84285
"UGDH",4.94318,4.39227,5.10319
"UGGT1",3.86271,3.64346,3.74264
"UGGT2",3.04523,2.68496,2.67528
"UGP2",3.44608,3.98704,3.31786
"UGT1A1",2.0703,1.76835,2.2774
"UGT2A1",2.16094,1.79879,1.62058
"UGT2A3",1.52362,1.46714,1.60343
"UGT2B10",1.36375,1.4042,1.40268
"UGT2B15",1.48055,1.44183,1.69932
"UGT2B17",1.41755,1.21309,1.54751
"UGT2B28",1.49163,1.68012,1.44515
"UGT2B4",1.46745,1.61904,1.67032
"UGT2B7",1.92953,1.56896,1.89946
"UGT3A1",1.74811,1.67701,1.85011
"UGT3A2",2.39986,2.45746,2.55956
"UGT8",1.95252,1.4696,1.67077
"UHMK1",4.84077,5.04056,5.15031
"UHRF1",2.93591,2.97558,2.50243
"UHRF1BP1",3.00517,2.91631,3.29772
"UHRF1BP1L",4.15454,4.4617,3.97316
"UHRF2",3.39293,3.61129,3.18535
"UIMC1",8.60018,8.32311,8.2677
"ULBP1",2.18018,2.50503,2.41922
"ULBP2",2.12656,1.95063,1.7511
"ULBP3",2.65173,2.57847,2.85092
"ULK1",4.09075,3.71692,4.02895
"ULK2",3.05587,3.44296,3.25584
"ULK3",4.20424,4.04345,3.95412
"ULK4",2.07217,2.11354,2.04762
"UMOD",3.21939,2.46265,3.1796
"UMODL1",2.80844,2.63884,2.54635
"UMPS",1.94352,2.31913,2.00625
"UNC119",4.64972,4.03674,4.08946
"UNC119B",4.26376,4.49756,3.91879
"UNC13A",2.34335,2.1759,2.81772
"UNC13B",3.99008,3.8022,4.28752
"UNC13C",1.8367,1.44724,1.98519
"UNC13D",3.57086,3.54003,3.80755
"UNC45A",3.75907,3.5331,3.53262
"UNC45B",2.27396,1.84558,1.87763
"UNC50",2.39705,2.88574,2.49786
"UNC5A",3.45277,3.1183,3.4637
"UNC5B",3.85598,3.96149,4.17435
"UNC5C",2.70637,3.04832,2.83564
"UNC5CL",2.66209,2.01184,2.23126
"UNC5D",3.49397,3.11352,3.19984
"UNC80",3.54064,3.52404,3.84366
"UNC93A",2.34852,2.2069,2.23443
"UNC93B1",4.42868,4.66229,4.37173
"UNCX",4.74923,4.68493,4.62045
"UNG",2.775,2.8765,3.08981
"UNK",3.68082,3.20499,3.69266
"UNKL",3.97409,3.98165,4.20821
"UNQ5830",2.75863,2.85436,3.5252
"UNQ6975",1.5853,1.66201,1.60814
"UNQ9370",1.7179,1.86327,2.12425
"UPB1",2.66049,2.49636,2.66161
"UPF0639",2.16812,2.11226,1.84604
"UPF1",4.54231,4.05112,4.06233
"UPF2",3.35567,3.44111,3.04971
"UPF3A",5.65997,6.46621,6.19816
"UPF3B",2.48066,2.63483,2.99878
"UPK1A",2.64727,1.93593,2.65755
"UPK1B",2.0027,2.17786,1.97669
"UPK2",4.44036,3.91528,4.20823
"UPK3A",4.98195,3.80199,4.14233
"UPK3B",3.94465,3.99662,4.51623
"UPP1",3.04667,2.79762,3.25683
"UPP2",2.78543,2.72283,2.62751
"UPRT",2.90804,3.05913,2.82672
"UQCC",2.96532,3.79385,2.8968
"UQCR10",4.63852,5.2931,4.63503
"UQCR11",4.18479,4.41181,4.39845
"UQCRB",1.65517,1.64751,1.99308
"UQCRC1",2.64966,2.63871,2.92097
"UQCRC2",4.12931,5.34605,4.81882
"UQCRFS1",5.66697,5.43636,5.35496
"UQCRH",4.33483,4.58388,4.4232
"UQCRQ",5.30229,5.03582,4.73163
"URB1",4.36646,3.494,3.25293
"URB2",2.34529,2.1847,2.61528
"URGCP",3.41507,3.5696,3.132
"URM1",3.45104,3.22514,3.33248
"UROC1",2.309,2.08929,2.28563
"UROD",4.03626,4.34747,4.24916
"UROS",3.16221,3.99289,3.6775
"USE1",3.67017,3.48571,3.72092
"USF1",2.99304,3.95758,3.33188
"USF2",6.07567,5.48469,5.20904
"USH1C",2.93243,2.67801,2.83523
"USH1G",3.203,3.39278,3.63205
"USH2A",1.99437,1.75547,1.90717
"USHBP1",2.68102,2.68593,2.55619
"USMG5",4.96209,4.97438,4.60291
"USO1",5.59819,5.3931,5.13025
"USP1",2.94543,3.16614,2.73588
"USP10",2.66241,3.38421,3.7392
"USP11",3.83664,4.59594,4.11894
"USP12",4.07798,3.61874,3.65973
"USP13",3.05413,3.29508,2.87467
"USP14",3.32471,3.56285,3.84536
"USP15",3.21489,3.94888,3.57619
"USP16",3.81129,3.67203,3.50327
"USP17",5.08153,5.4238,4.44664
"USP17L2",4.11153,4.52015,3.6389
"USP17L6P",5.06693,5.41088,4.25234
"USP18",3.1636,2.84704,2.91925
"USP19",4.45721,4.32632,4.53452
"USP2",2.36928,1.79752,2.25283
"USP20",3.16981,3.36999,3.30922
"USP21",3.50994,4.11757,3.63571
"USP22",5.14432,5.35604,5.35801
"USP24",3.91609,4.11725,3.6516
"USP25",4.26776,4.19534,4.21595
"USP26",1.42473,1.5264,1.38223
"USP27X",2.54486,2.9233,2.69148
"USP28",3.90768,4.03483,4.22994
"USP29",1.72347,1.65379,2.0776
"USP3",4.46624,4.40935,4.58198
"USP30",3.71035,3.96168,4.20058
"USP31",4.46075,4.21302,4.83196
"USP32",3.21519,3.70888,2.9806
"USP33",3.74696,4.7291,4.35152
"USP34",5.05758,5.32539,4.77532
"USP35",2.42421,2.39101,2.842
"USP36",4.5159,3.67999,4.01788
"USP37",3.05071,3.1507,3.19666
"USP38",3.62832,3.17944,2.72167
"USP39",3.10316,3.3388,3.52271
"USP4",4.49978,4.62874,4.25858
"USP40",2.8839,2.45192,3.25843
"USP42",3.04395,3.07205,2.40869
"USP43",4.11229,4.09214,3.83957
"USP44",1.819,2.00347,1.87312
"USP45",2.94702,3.46139,3.00317
"USP46",3.01363,3.01148,2.93248
"USP47",4.65755,4.76559,3.91614
"USP48",3.70433,4.05616,3.72055
"USP49",2.64866,2.35636,2.09858
"USP5",3.03645,3.41474,2.82379
"USP50",1.92459,2.16071,2.04909
"USP51",3.40201,2.98729,3.25547
"USP53",3.22215,4.59577,3.85146
"USP54",4.9899,4.62406,5.28896
"USP6",1.75608,1.96744,2.07467
"USP6NL",4.26507,4.00511,3.99228
"USP7",5.56428,4.93622,4.59295
"USP8",4.75542,4.42606,4.58807
"USP9X",4.11643,4.26935,4.3138
"USP9Y",4.47403,4.71724,4.35705
"USPL1",2.46896,3.02446,2.86549
"UST",3.29043,3.11613,3.64205
"UTF1",4.61308,4.30474,4.67176
"UTP11L",2.352,2.85706,2.50235
"UTP14A",3.72216,3.8971,4.21558
"UTP15",2.06025,1.88218,2.16587
"UTP18",2.63725,2.22904,2.69545
"UTP20",3.08062,3.09448,2.73394
"UTP23",2.10784,2.36925,2.05468
"UTP3",4.42899,4.1744,4.0243
"UTP6",3.0564,2.61576,2.80236
"UTRN",6.70879,6.82383,6.68425
"UTS2",2.26836,2.08262,1.69657
"UTS2D",1.55136,1.55256,1.41213
"UTS2R",3.20207,3.18146,2.89051
"UTY",3.37297,3.41035,2.87206
"UVRAG",3.82616,3.91625,3.55002
"UXS1",4.07473,4.52984,4.17403
"UXT",4.59881,4.63765,4.20164
"VAC14",2.76115,2.83296,2.88491
"VAMP1",3.20832,4.51643,3.35195
"VAMP2",5.99546,6.13146,5.60255
"VAMP3",5.1208,5.75643,5.12381
"VAMP4",2.84565,2.7496,2.42268
"VAMP5",5.21026,4.85219,4.55174
"VAMP7",4.38275,4.33554,4.2959
"VAMP8",5.55406,5.35272,5.46788
"VANGL1",2.81043,3.00276,2.81372
"VANGL2",3.17929,2.9732,2.96458
"VAPA",5.02577,4.5856,4.94754
"VAPB",4.02747,4.53992,4.30008
"VARS",3.68748,3.64755,3.86178
"VARS2",3.03044,2.97934,3.61953
"VASH1",4.0359,4.51483,4.58514
"VASH2",3.12872,2.90204,2.39003
"VASN",3.93201,3.91025,3.51283
"VASP",4.927,4.40398,4.73738
"VAT1",4.26596,4.64738,3.99189
"VAT1L",1.81076,1.87416,1.96657
"VAV1",2.98536,2.75825,2.717
"VAV2",3.00198,3.58414,3.47539
"VAV3",1.62564,2.17268,1.6565
"VAX1",3.10983,3.19995,3.22977
"VAX2",4.82758,4.76259,4.95851
"VBP1",3.01625,2.48179,1.93136
"VCAM1",2.62487,3.7087,2.57632
"VCAN",2.60764,4.24802,2.68463
"VCL",5.13972,5.3673,4.38202
"VCP",4.60286,4.69714,4.33176
"VCPIP1",3.92348,3.57915,3.58578
"VCX",3.10946,3.23409,3.32707
"VCX2",3.24138,3.19951,3.82013
"VCX3A",2.86205,3.05198,3.47707
"VCX3B",2.73728,2.78965,3.32887
"VCY",3.8359,3.74889,4.0499
"VDAC1",5.26073,5.25174,5.61142
"VDAC2",4.45633,4.48515,3.81017
"VDAC3",3.05317,4.01724,3.65941
"VDR",2.46757,2.55465,2.79095
"VEGFA",8.39962,5.34449,8.108
"VEGFB",4.13611,4.63765,4.5852
"VEGFC",4.01638,4.1412,4.29442
"VENTX",3.46753,3.00233,3.53804
"VEPH1",1.96165,1.63291,1.82017
"VEZF1",4.38804,4.44283,4.8672
"VEZT",4.49241,4.64001,4.99019
"VGF",3.19238,3.14239,3.02287
"VGLL1",3.0174,3.67524,3.05987
"VGLL2",2.3761,2.5106,2.80387
"VGLL3",5.15318,3.91757,5.3339
"VGLL4",3.98224,4.33454,4.83693
"VHL",3.85479,3.93652,4.11188
"VHLL",2.28262,2.16005,1.877
"VIL1",2.5615,2.02007,2.34319
"VILL",3.32725,3.33449,3.46689
"VIM",5.90917,6.49373,5.78077
"VIP",1.78171,2.09856,1.74307
"VIPAR",3.00377,3.21223,3.00417
"VIPR1",3.75831,4.36615,4.37972
"VIPR2",3.02635,3.06045,3.00646
"VIT",2.2477,1.89685,1.94761
"VKORC1",4.82751,4.71126,4.47148
"VKORC1L1",2.66342,3.35533,2.58356
"VLDLR",3.0198,2.64168,2.95933
"VMA21",2.80407,3.40448,3.45578
"VMAC",3.56345,4.18621,4.19333
"VMO1",2.46087,2.2508,2.31708
"VN1R1",1.92978,2.04916,2.42672
"VN1R2",3.04854,1.9861,1.83209
"VN1R3",1.82542,1.3563,1.82212
"VN1R4",1.51084,2.35717,2.40022
"VN1R5",1.60997,1.25799,1.43516
"VNN1",2.39098,1.7101,2.78367
"VNN2",1.65335,1.73101,1.72188
"VNN3",1.78802,1.99972,1.94926
"VOPP1",4.41424,4.1676,3.88877
"VPRBP",3.66374,3.61476,3.77899
"VPREB1",1.5869,1.52083,2.14019
"VPREB3",3.18762,3.36382,3.10847
"VPS11",4.21817,4.15977,3.75087
"VPS13A",3.78258,4.10532,3.88646
"VPS13B",4.66174,4.81948,4.54298
"VPS13C",4.53347,5.20517,4.30561
"VPS13D",4.35098,4.53788,3.63177
"VPS18",3.45871,2.96943,3.52394
"VPS24",5.73231,6.03694,5.65316
"VPS25",4.34046,3.73712,4.27723
"VPS26A",4.54714,4.63598,5.23149
"VPS26B",4.06641,4.53612,3.58645
"VPS28",4.75095,4.59722,4.66294
"VPS29",4.35841,4.59662,3.75214
"VPS33A",2.162,2.3955,2.21432
"VPS33B",3.71636,3.42064,3.18674
"VPS35",4.83778,5.3205,4.72417
"VPS36",4.77501,5.49252,4.55473
"VPS37A",5.30939,5.11306,4.62368
"VPS37B",4.21808,2.75739,2.78494
"VPS37C",3.65982,3.76946,4.23495
"VPS37D",3.75015,3.70082,4.08478
"VPS39",4.48845,4.24733,4.40522
"VPS41",3.67678,4.32199,3.755
"VPS45",3.45633,4.2967,3.79279
"VPS4A",4.45098,4.23313,3.79149
"VPS4B",3.79727,4.60613,3.79118
"VPS52",3.61252,4.21083,3.22677
"VPS53",4.58049,5.51723,4.59782
"VPS54",3.37462,4.32687,3.11507
"VPS72",3.77601,4.63282,3.70979
"VPS8",3.06837,3.45992,3.04323
"VRK1",1.6886,2.93686,1.78045
"VRK2",3.36086,3.48028,2.80947
"VRK3",5.00948,4.26804,4.77168
"VRTN",2.24672,1.96976,2.58875
"VSIG1",1.39417,1.55224,1.24144
"VSIG10",3.19764,3.50505,3.40074
"VSIG10L",4.41231,4.09461,4.93797
"VSIG2",4.52292,4.56698,4.18318
"VSIG4",3.21273,3.06575,3.01849
"VSIG7",3.13739,3.71175,3.42037
"VSIG8",2.78615,3.33586,3.61251
"VSNL1",1.89616,2.79738,1.9312
"VSTM1",2.84098,2.3795,2.49888
"VSTM2A",2.81597,2.34713,2.68992
"VSTM2B",4.56045,4.08809,4.40631
"VSTM2L",5.08054,5.1663,4.93284
"VSX1",2.98998,3.28648,3.11621
"VSX2",3.40403,2.8495,3.63127
"VTA1",2.55113,2.5883,2.79929
"VTCN1",2.00368,1.67377,2.25362
"VTI1A",2.80194,2.36845,2.21726
"VTI1B",2.68629,3.75745,3.07969
"VTN",3.30985,3.37645,3.5074
"VTRNA1.1",7.74554,7.20752,8.06509
"VTRNA1.2",3.45455,4.3255,4.00039
"VTRNA1.3",5.774,5.21804,4.64473
"VWA1",4.43007,4.66869,4.34954
"VWA2",3.58092,3.30235,3.62366
"VWA3A",3.09325,2.5703,2.98358
"VWA3B",1.90216,1.9345,1.77544
"VWA5A",2.19143,3.01494,2.17488
"VWA5B1",2.67344,2.82655,2.93377
"VWA5B2",2.81344,2.99101,2.81637
"VWC2",3.9082,3.70978,4.13439
"VWC2L",2.07354,1.99722,1.80229
"VWCE",3.96217,3.95866,4.15408
"VWDE",2.09077,1.94019,1.89668
"VWF",3.25932,3.8852,3.49738
"WAC",5.65758,5.78783,5.39992
"WAPAL",4.90207,5.17826,4.54058
"WARS",4.29184,4.09198,4.03997
"WARS2",3.14912,2.6716,3.27142
"WAS",3.55036,3.16737,3.29704
"WASF1",2.60666,3.12287,2.64747
"WASF2",4.85091,4.90345,5.23175
"WASF3",4.58632,4.8461,4.6534
"WASH1",5.48414,5.99877,5.57556
"WASH2P",5.23497,5.70821,5.47188
"WASH3P",4.97062,5.40206,5.21372
"WASH7P",5.12366,5.40209,5.31128
"WASL",5.00957,5.09615,5.22093
"WBP1",6.16976,6.12042,5.80574
"WBP11",6.08449,4.92183,5.32998
"WBP11P1",3.89103,4.13761,4.02624
"WBP2",5.41725,5.69451,4.90073
"WBP2NL",1.81911,2.10337,2.01143
"WBP4",2.96889,2.47459,2.39671
"WBP5",4.81854,4.96321,5.07448
"WBSCR16",4.95972,4.69561,4.4463
"WBSCR17",3.87806,3.3144,3.6078
"WBSCR22",4.18072,4.22112,4.29219
"WBSCR27",3.87559,3.71727,4.12314
"WBSCR28",2.43262,2.02385,2.19
"WDFY1",3.64003,4.30217,3.60885
"WDFY2",4.0804,4.41392,4.53041
"WDFY3",4.36291,4.93997,4.22171
"WDFY4",3.12124,2.92229,3.16117
"WDHD1",1.56564,1.67725,2.10677
"WDR1",5.187,5.0014,4.95775
"WDR11",3.64836,3.91666,3.35812
"WDR12",2.27689,3.82169,2.74194
"WDR13",3.71076,4.01874,4.10251
"WDR16",2.46487,2.40266,2.42907
"WDR17",1.40149,1.64977,1.27982
"WDR18",3.95785,3.65344,4.52347
"WDR19",2.51211,2.88492,3.14172
"WDR20",3.04375,3.00209,3.3221
"WDR24",3.92881,3.89063,3.64731
"WDR25",3.79856,3.05553,3.69951
"WDR26",5.72206,5.67331,4.92186
"WDR27",2.91293,2.99752,3.2366
"WDR3",2.18252,2.45976,2.24234
"WDR31",3.37908,3.69231,3.94529
"WDR33",5.10459,5.65214,5.00452
"WDR34",4.08556,3.64096,4.35074
"WDR35",1.98994,2.89024,2.38187
"WDR36",2.84885,3.00548,2.5295
"WDR37",3.55572,3.30556,3.84857
"WDR38",3.33192,2.82993,3.63272
"WDR4",3.33927,3.03255,3.62754
"WDR41",3.24713,3.92935,3.95865
"WDR43",4.11167,3.94462,3.41435
"WDR44",3.03082,2.83475,2.73072
"WDR45",3.34955,3.47396,3.94072
"WDR45L",5.26396,5.17214,5.53523
"WDR46",3.23676,3.15132,3.9205
"WDR47",2.15147,1.90962,2.44705
"WDR48",3.27966,3.84126,3.49985
"WDR49",2.00627,1.91949,2.20245
"WDR5",2.52335,3.97752,3.07892
"WDR52",3.67511,4.08374,3.8176
"WDR53",2.9449,2.37923,2.7061
"WDR54",3.15884,3.37753,3.15525
"WDR55",2.78538,3.00035,3.18327
"WDR59",3.20927,3.32917,3.39937
"WDR5B",3.38071,4.02038,3.94541
"WDR6",5.03449,5.18138,4.97687
"WDR60",3.851,4.13319,3.95276
"WDR61",2.80588,2.41262,2.39401
"WDR62",2.96287,3.09563,3.07641
"WDR63",2.24774,2.3009,2.29954
"WDR64",1.65924,1.57653,1.60676
"WDR65",2.57236,2.23356,2.70366
"WDR66",2.28109,2.77498,2.96517
"WDR67",2.10314,2.65266,1.90981
"WDR69",1.784,1.69251,1.51876
"WDR7",4.16512,4.42009,3.50828
"WDR70",4.20194,4.05847,4.36663
"WDR72",1.55382,1.31538,1.3466
"WDR73",3.76075,4.43935,4.52627
"WDR74",3.78833,4.28983,4.20749
"WDR75",2.51389,3.30866,2.49105
"WDR76",2.03474,2.24943,2.47381
"WDR77",3.92923,3.46161,3.32402
"WDR78",2.41583,2.08643,2.35776
"WDR8",2.72675,2.44766,2.29318
"WDR81",3.24523,3.54083,3.36641
"WDR82",3.65517,3.56487,3.36086
"WDR83",3.55586,3.58352,3.68956
"WDR85",3.65237,3.64384,3.81335
"WDR86",3.83202,3.25859,3.10338
"WDR87",1.93678,2.15637,2.33842
"WDR88",1.8869,1.52703,2.18811
"WDR89",4.30325,3.92773,4.08887
"WDR90",4.18703,4.33861,4.32266
"WDR91",3.32559,3.36668,3.25992
"WDR92",2.1529,2.72407,2.35017
"WDR93",2.79398,2.36354,2.13067
"WDSUB1",2.17816,2.41511,2.53736
"WDTC1",3.75659,3.47902,2.84713
"WDYHV1",2.20519,2.63758,2.52981
"WEE1",7.60136,4.77502,6.10144
"WFDC1",5.00118,5.29219,5.22652
"WFDC10A",2.68676,2.89497,2.64962
"WFDC10B",2.22581,2.03773,2.62244
"WFDC11",2.11616,1.48255,1.49895
"WFDC12",2.74085,3.51963,3.24728
"WFDC13",3.75148,3.85284,3.93702
"WFDC2",3.86903,3.40828,3.15592
"WFDC3",2.66566,2.36748,3.05656
"WFDC5",3.3449,3.27947,3.77596
"WFDC6",2.56445,2.07269,2.23787
"WFDC8",2.15237,1.93874,1.66277
"WFDC9",1.54212,1.60738,1.6235
"WFIKKN1",4.33955,4.10575,4.22691
"WFIKKN2",3.43397,3.42645,4.30484
"WFS1",3.50043,3.4713,3.22324
"WHAMM",4.29425,4.74598,4.00009
"WHAMML1",3.95652,4.73604,4.1216
"WHSC1",3.25464,3.3414,3.39297
"WHSC1L1",5.05875,5.49426,4.64841
"WHSC2",3.62907,4.04538,3.95914
"WIBG",3.91748,4.04566,3.49466
"WIF1",1.77527,2.94669,2.52179
"WIPF1",4.97873,5.47184,4.8015
"WIPF2",4.25286,4.32256,3.69603
"WIPF3",3.46874,3.30029,2.75543
"WIPI1",4.80733,4.99659,4.61245
"WIPI2",3.78699,4.12075,4.11449
"WISP1",2.98312,3.0987,3.32123
"WISP2",4.7459,4.6272,4.84339
"WISP3",2.22795,1.94843,2.58443
"WIZ",3.56149,3.67192,3.53397
"WLS",4.86084,4.68573,3.87774
"WNK1",3.98338,4.68348,4.18425
"WNK2",4.10916,3.62141,3.89497
"WNK3",1.95548,2.19427,1.9124
"WNK4",5.1274,4.57515,4.6404
"WNT1",4.38323,3.85474,4.4252
"WNT10A",4.15032,4.02922,3.63947
"WNT10B",3.57172,3.14791,3.03617
"WNT11",2.85842,2.34965,2.65631
"WNT16",3.19067,2.2744,2.34123
"WNT2",1.6304,1.61717,1.77513
"WNT2B",2.38548,3.10539,2.74212
"WNT3",3.07371,3.34462,3.95414
"WNT3A",3.02711,3.13167,3.10961
"WNT4",3.42364,3.66023,3.44745
"WNT5A",1.96842,2.34115,2.42808
"WNT5B",3.37281,2.92109,3.46194
"WNT6",4.13795,4.05264,3.96914
"WNT7A",2.74626,3.04638,3.06784
"WNT7B",2.83248,2.42535,2.85449
"WNT8A",2.77805,2.39835,2.63207
"WNT8B",2.29729,2.42165,2.78869
"WNT9A",3.71914,3.29294,3.73677
"WNT9B",3.48116,2.63429,3.56316
"WRAP53",2.87661,2.72148,2.72928
"WRB",3.24288,3.28936,3.20227
"WRN",2.075,2.6174,2.56198
"WRNIP1",3.42334,3.55355,3.35873
"WSB1",4.90654,4.41254,4.96227
"WSB2",4.34228,4.55184,4.03992
"WSCD1",3.191,3.23854,3.68831
"WSCD2",3.05738,2.36307,2.64528
"WT1",3.66764,3.19497,3.32326
"WT1.AS",1.83659,2.16856,1.89887
"WTAP",6.79329,5.88262,6.18871
"WTIP",5.08808,4.73538,5.09728
"WWC1",3.75599,3.99666,3.79518
"WWC2",3.86213,4.32487,3.672
"WWC3",3.90588,3.78697,3.3787
"WWOX",4.31245,4.34092,4.52916
"WWP1",4.72676,5.84086,5.79281
"WWP2",4.00881,4.03104,3.95363
"WWTR1",5.15235,5.06444,3.95938
"XAB2",3.15682,2.72165,3.07812
"XAF1",6.151,4.97322,4.13882
"XAGE.4",2.10063,2.46843,1.79703
"XAGE1A",2.93698,2.81063,3.13534
"XAGE2",2.52149,2.35421,2.61095
"XAGE3",2.39511,2.1248,2.62761
"XAGE5",1.57066,1.38191,1.92494
"XBP1",6.9289,5.50224,6.43637
"XCL1",1.73797,1.47393,1.66721
"XCL2",1.34434,1.12738,1.3976
"XCR1",3.91461,3.1863,3.71654
"XDH",2.4465,1.87135,2.73426
"XG",2.56342,2.57464,2.63497
"XIAP",2.76342,3.1759,3.37651
"XIRP1",3.29707,3.23573,3.43926
"XIRP2",1.61249,1.80667,2.03151
"XK",2.6334,2.6101,2.97894
"XKR3",1.49141,1.3406,2.01829
"XKR4",3.0058,2.82648,3.03129
"XKR5",2.3675,2.57528,2.78834
"XKR6",2.86637,2.70554,2.85575
"XKR7",3.07574,3.2047,3.03823
"XKR8",3.65273,3.2874,3.4458
"XKR9",1.22433,1.7749,1.43616
"XKRX",2.15002,1.95477,2.05216
"XKRY",1.59071,1.62779,1.59913
"XPA",4.50152,4.8383,4.25014
"XPC",3.02236,3.23815,3.22125
"XPNPEP1",3.44973,3.65437,3.63148
"XPNPEP2",2.92252,2.58396,2.84816
"XPNPEP3",2.65636,3.07888,3.15047
"XPO1",4.27306,5.85201,4.45432
"XPO4",2.52636,2.34344,2.81268
"XPO5",2.78778,3.21204,3.1635
"XPO6",3.85221,3.82963,4.63366
"XPO7",4.94829,4.18532,3.66213
"XPOT",1.80337,3.50724,3.48654
"XPR1",3.38297,3.47624,3.34085
"XRCC1",3.20848,3.24901,3.51094
"XRCC2",1.95803,2.19311,1.99447
"XRCC3",3.67589,3.47427,3.89425
"XRCC4",1.94946,2.63415,2.16428
"XRCC5",5.75694,5.59656,5.75297
"XRCC6",4.46597,4.11726,4.5025
"XRCC6BP1",1.81579,2.12155,1.88223
"XRN1",4.74502,4.91233,4.7228
"XRN2",4.24492,4.18267,3.9194
"XRRA1",2.81848,3.31709,3.07525
"XYLB",2.30068,2.10727,1.96402
"XYLT1",3.54224,3.65116,3.60321
"XYLT2",3.21043,3.52307,3.05187
"YAF2",3.99613,3.97793,4.17539
"YAP1",6.54371,6.89938,6.23053
"YARS",3.02538,3.27547,3.08466
"YARS2",2.59534,2.53347,2.41519
"YBX1",6.75417,7.03609,6.45053
"YBX1P2",4.42325,4.41631,4.81258
"YBX2",4.38982,4.19805,4.44013
"YDJC",3.22199,2.85111,3.10759
"YEATS2",3.64312,3.81319,3.50135
"YEATS4",2.64389,2.736,2.78661
"YES1",2.72946,3.3298,2.87469
"YIF1A",3.09679,3.27188,3.57246
"YIF1B",3.99319,3.80058,4.20481
"YIPF1",4.3808,4.47839,4.57805
"YIPF2",4.621,4.31428,4.75738
"YIPF3",5.68171,5.50995,5.04708
"YIPF4",4.54669,4.88075,4.80448
"YIPF5",4.105,4.49334,3.8898
"YIPF6",4.50648,4.42723,4.19472
"YIPF7",1.70203,1.76497,1.78599
"YJEFN3",4.96172,4.64431,5.38347
"YKT6",4.49957,4.0136,3.91411
"YLPM1",5.36043,5.70763,5.06792
"YME1L1",5.54572,5.15065,4.62714
"YOD1",3.4089,3.67416,3.53589
"YPEL1",2.63517,2.75804,2.88808
"YPEL2",4.18037,4.18832,4.1877
"YPEL3",4.14591,4.7155,4.32037
"YPEL4",2.67001,2.62348,2.7973
"YPEL5",4.92382,4.02561,4.8636
"YPLR6490",2.60352,2.65278,2.61403
"YRDC",3.22434,2.83775,2.88963
"YSK4",1.19158,1.53749,1.588
"YTHDC1",5.53103,5.61452,5.33834
"YTHDC2",4.04364,4.06658,4.01442
"YTHDF1",4.76478,5.32781,5.05028
"YTHDF2",2.95177,3.06194,3.05294
"YTHDF3",5.48024,5.34139,5.01577
"YWHAB",4.74934,5.35334,5.39113
"YWHAE",7.07711,7.17472,7.24351
"YWHAG",4.76414,4.78305,4.33272
"YWHAH",4.98224,5.04266,5.0185
"YWHAQ",7.75023,7.83265,7.20125
"YWHAQP8",2.2497,2.02591,2.02339
"YWHAZ",7.49693,6.92049,7.28275
"YY1",5.70511,5.84876,5.36579
"YY1AP1",5.63388,5.46365,5.1557
"YY2",3.25376,3.39538,3.55427
"ZACN",3.62829,3.96439,3.91476
"ZADH2",4.4229,4.75665,4.68942
"ZAK",4.04008,3.6067,3.27127
"ZAN",2.66423,2.46558,2.46938
"ZAP70",2.93117,2.78659,3.05214
"ZAR1",4.42404,4.28725,4.02952
"ZAR1L",1.63861,1.88796,2.0908
"ZBBX",1.79584,1.70682,2.13481
"ZBED1",4.61658,4.33211,4.1287
"ZBED2",3.5039,3.37192,3.16722
"ZBED3",4.60163,3.99147,4.26644
"ZBED4",2.34795,2.8858,2.65451
"ZBED5",4.87881,5.61903,4.87181
"ZBP1",3.35799,3.1714,3.31956
"ZBTB1",2.86187,3.98041,2.65507
"ZBTB10",3.51405,3.7213,4.51325
"ZBTB11",2.85626,3.31503,3.28041
"ZBTB12",4.38288,4.69411,4.57078
"ZBTB16",5.98398,5.63802,6.22919
"ZBTB17",3.7833,3.66484,3.8179
"ZBTB2",3.17062,2.63166,3.08017
"ZBTB20",6.39194,6.33627,5.74442
"ZBTB22",4.51448,3.96658,4.27835
"ZBTB24",3.09076,3.03295,3.37357
"ZBTB25",3.74889,3.91575,3.96187
"ZBTB26",2.06122,2.41817,2.29872
"ZBTB3",2.899,2.77654,2.95711
"ZBTB32",3.87389,3.68223,3.79903
"ZBTB33",3.07691,3.54503,3.20469
"ZBTB34",4.8776,4.63046,4.31961
"ZBTB37",3.16476,3.23899,3.81507
"ZBTB38",5.4676,6.04966,5.95901
"ZBTB39",3.75144,4.0499,3.3604
"ZBTB4",4.69788,5.17502,5.12075
"ZBTB40",2.90216,3.37778,3.36852
"ZBTB41",2.88102,3.97583,3.03066
"ZBTB42",5.02231,4.18428,5.52157
"ZBTB43",3.56193,3.37519,3.01464
"ZBTB44",4.92845,5.35148,4.70321
"ZBTB45",3.36169,3.45015,3.33521
"ZBTB46",4.52335,4.53422,4.70398
"ZBTB47",3.92184,4.40762,3.80891
"ZBTB48",4.20348,3.76364,3.8005
"ZBTB49",2.58762,2.55929,2.88315
"ZBTB5",2.00693,2.06386,2.02658
"ZBTB6",3.25,2.56174,2.78682
"ZBTB7A",4.8556,4.58962,4.43511
"ZBTB7B",4.61745,4.99077,5.01529
"ZBTB7C",4.01928,3.38282,3.87057
"ZBTB8B",3.10104,2.99934,3.09262
"ZBTB8OS",4.46749,4.11635,4.39382
"ZBTB9",3.47185,3.50199,3.30164
"ZC3H10",3.19203,2.50469,2.82329
"ZC3H11A",5.20544,5.36415,5.05717
"ZC3H12A",4.71522,4.46738,5.1516
"ZC3H12B",2.35748,1.99207,1.94466
"ZC3H12C",2.96829,3.13384,2.59661
"ZC3H12D",3.77411,3.72681,3.82885
"ZC3H13",4.48739,4.93253,4.21313
"ZC3H14",5.0461,5.23041,4.65233
"ZC3H15",4.49874,4.6726,4.68504
"ZC3H18",4.44072,4.36726,4.5855
"ZC3H3",3.80472,3.94399,4.18905
"ZC3H4",4.92912,4.30633,4.52675
"ZC3H6",4.50759,4.57354,4.67193
"ZC3H7A",3.75239,3.63602,3.51596
"ZC3H7B",4.97464,4.93647,4.41623
"ZC3H8",3.85734,3.72733,3.69677
"ZC3HAV1",4.50409,4.38148,4.35094
"ZC3HAV1L",2.76869,3.50073,3.39929
"ZC3HC1",3.43284,3.84267,3.3825
"ZC4H2",2.03249,2.84862,2.35881
"ZCCHC10",2.39859,1.8263,1.64029
"ZCCHC11",4.12508,3.854,3.88583
"ZCCHC12",1.66355,1.56169,1.58461
"ZCCHC13",2.28551,2.12961,2.34984
"ZCCHC14",2.94384,3.71289,2.88507
"ZCCHC16",2.24365,2.37538,2.56222
"ZCCHC17",2.15368,2.34415,2.41093
"ZCCHC18",1.85639,1.91021,1.61306
"ZCCHC2",4.26637,3.87431,3.78609
"ZCCHC24",5.3856,5.36285,4.7493
"ZCCHC3",3.16045,3.40713,3.29316
"ZCCHC4",1.99544,2.66589,2.08481
"ZCCHC5",1.67754,1.75343,1.70911
"ZCCHC6",5.55077,6.02658,5.37301
"ZCCHC7",3.10169,3.26131,2.80444
"ZCCHC8",3.1824,3.2607,2.99981
"ZCCHC9",2.30978,2.68054,3.12222
"ZCRB1",5.33392,5.45579,4.67417
"ZCWPW1",2.02353,2.37591,1.89522
"ZCWPW2",1.9262,1.93103,1.80688
"ZDBF2",3.85729,3.35101,3.28042
"ZDHHC1",3.6585,2.86262,3.13191
"ZDHHC11",3.97403,3.71749,3.72461
"ZDHHC12",4.85283,4.709,5.23342
"ZDHHC13",2.08423,2.16199,2.00057
"ZDHHC14",4.45715,3.76501,5.04293
"ZDHHC15",2.16006,2.50582,2.21057
"ZDHHC16",3.76335,4.31953,3.45903
"ZDHHC17",3.26008,3.37794,3.294
"ZDHHC18",4.27015,4.01405,4.43531
"ZDHHC19",3.28963,3.1874,3.67353
"ZDHHC2",4.05046,3.88589,3.54818
"ZDHHC20",3.14183,3.02399,2.93568
"ZDHHC21",3.33218,3.50664,3.1977
"ZDHHC22",2.81443,2.01921,2.26518
"ZDHHC23",3.03716,3.05893,3.44389
"ZDHHC24",4.27368,3.59334,4.38035
"ZDHHC3",4.18422,4.27785,4.13354
"ZDHHC4",3.86034,3.65557,3.9063
"ZDHHC5",4.62786,3.8579,4.17341
"ZDHHC6",3.45514,4.57056,3.72163
"ZDHHC7",4.42376,4.54144,4.441
"ZDHHC8",3.48961,3.79596,3.46347
"ZDHHC8P1",4.5582,4.68898,4.5784
"ZDHHC9",4.75243,3.8533,4.43165
"ZEB1",5.18469,5.45715,4.80336
"ZEB2",4.1384,5.8902,3.87036
"ZER1",3.41964,3.51415,3.40235
"ZFAND1",3.74342,3.4028,3.77498
"ZFAND2A",4.00112,3.87809,4.3407
"ZFAND2B",4.44384,4.60225,4.36449
"ZFAND3",4.04068,3.44144,3.61423
"ZFAND5",6.66322,5.38133,5.86669
"ZFAND6",4.39066,4.43773,3.72281
"ZFAT",2.47582,3.01309,2.66471
"ZFC3H1",3.81117,4.25992,3.90217
"ZFHX2",3.65774,3.71175,3.46311
"ZFHX3",5.10888,4.70923,5.1597
"ZFHX4",3.42236,2.7321,3.10518
"ZFP1",3.07707,2.78667,3.22113
"ZFP106",4.47672,4.44414,4.24187
"ZFP112",3.02072,3.3921,2.83615
"ZFP14",1.47449,1.9243,1.86226
"ZFP161",2.17221,2.35122,2.2034
"ZFP2",2.08744,2.42001,2.4646
"ZFP28",3.89304,4.0592,4.14659
"ZFP3",2.93615,3.32953,2.69337
"ZFP30",2.35528,2.81674,3.00545
"ZFP36",7.95299,4.35698,6.91392
"ZFP36L1",6.8424,6.3565,6.38021
"ZFP36L2",5.68875,6.01596,5.73437
"ZFP37",2.35619,3.07695,2.83489
"ZFP41",3.49186,3.53817,3.82014
"ZFP42",1.59765,1.66675,1.653
"ZFP57",3.44673,2.70186,2.83576
"ZFP62",4.13734,3.79095,4.35782
"ZFP64",2.49783,2.79652,2.66251
"ZFP82",1.71058,2.85028,2.05421
"ZFP90",3.71358,3.89967,3.77502
"ZFP91.CNTF",3.06643,2.89621,2.96487
"ZFP92",3.37762,2.80764,3.00306
"ZFPL1",4.25232,4.30408,4.49723
"ZFPM1",4.03519,4.40541,4.5494
"ZFPM2",2.52227,2.04916,2.52609
"ZFR",5.67706,6.00123,5.64937
"ZFR2",3.43698,3.42325,3.11255
"ZFX",4.34497,4.24859,3.75408
"ZFY",3.20834,3.11838,3.05133
"ZFYVE1",3.21078,3.99341,3.05907
"ZFYVE16",3.13196,3.61887,3.26505
"ZFYVE19",3.39835,2.97218,3.82662
"ZFYVE20",2.91774,3.20113,2.64067
"ZFYVE21",4.13492,3.98412,3.72674
"ZFYVE26",3.25889,3.74752,3.57383
"ZFYVE27",3.11495,2.88759,2.98366
"ZFYVE28",3.03588,3.38908,2.81064
"ZFYVE9",2.4975,3.40217,2.95207
"ZG16",3.11429,2.84281,3.49408
"ZG16B",5.29721,4.71675,5.26019
"ZGPAT",4.41728,4.06845,4.24037
"ZHX1",3.41909,3.45316,3.39506
"ZHX2",4.578,4.61696,4.28897
"ZHX3",3.44871,3.60853,3.71404
"ZIC1",2.45917,2.71655,2.56794
"ZIC2",4.61949,4.7764,4.78129
"ZIC3",1.94764,1.72037,2.04607
"ZIC4",2.68107,2.35849,2.48202
"ZIC5",3.93161,3.81716,3.55662
"ZIK1",2.52708,2.88288,2.33194
"ZIM3",2.1651,2.50036,1.96199
"ZKSCAN1",5.07977,4.91516,5.24913
"ZKSCAN2",2.13461,2.57943,2.49577
"ZKSCAN3",2.22976,2.84848,2.31315
"ZKSCAN4",2.11632,1.84236,1.87747
"ZKSCAN5",3.25256,4.01372,3.36029
"ZMAT1",4.60027,5.11264,5.17939
"ZMAT2",5.06777,4.65713,4.73652
"ZMAT3",3.76642,3.89721,3.07673
"ZMAT4",2.60999,1.8001,2.16283
"ZMAT5",3.50989,3.51084,3.43416
"ZMIZ1",4.58576,4.77571,4.55069
"ZMIZ2",4.83964,4.74478,4.94124
"ZMPSTE24",4.83791,4.07983,3.986
"ZMYM1",2.89966,3.57292,3.03433
"ZMYM2",5.28568,5.29897,5.11906
"ZMYM3",2.74894,3.18731,3.25527
"ZMYM4",4.93173,5.45347,4.7282
"ZMYM5",2.56403,2.34392,2.51157
"ZMYM6",3.04933,3.43275,3.34029
"ZMYND10",3.87796,3.23891,3.69034
"ZMYND11",5.04768,5.41708,4.89126
"ZMYND12",1.93307,2.00268,1.52739
"ZMYND15",3.08011,2.70791,3.13187
"ZMYND17",2.7933,3.25896,2.67247
"ZMYND19",4.50034,4.25869,4.22878
"ZMYND8",3.77284,4.1384,3.82262
"ZNF10",3.10901,2.30843,2.27432
"ZNF100",2.89142,3.08075,2.48513
"ZNF101",2.57816,3.528,3.45008
"ZNF107",2.84564,2.95933,2.95722
"ZNF114",1.46187,1.62889,1.27951
"ZNF117",3.25469,4.65138,3.44666
"ZNF12",3.55111,3.91772,3.31715
"ZNF121",5.28179,4.95835,5.08072
"ZNF124",3.26723,4.3217,3.33983
"ZNF131",3.80531,3.85955,3.91001
"ZNF132",3.63986,3.40369,3.33919
"ZNF133",3.92873,4.31346,4.30204
"ZNF134",2.38264,2.27829,2.57624
"ZNF135",4.47294,4.96965,4.34962
"ZNF136",3.57547,4.95068,3.9348
"ZNF137P",1.80999,2.40603,1.87287
"ZNF138",2.93683,3.67965,2.83462
"ZNF14",2.0406,2.91541,2.53973
"ZNF140",3.38865,3.4874,3.83064
"ZNF141",3.8621,4.10194,3.05629
"ZNF142",3.63005,3.67912,3.55131
"ZNF143",2.83816,2.61099,2.42162
"ZNF146",4.28933,4.65561,4.39334
"ZNF148",3.66589,3.98453,3.72244
"ZNF154",4.75537,5.14773,4.87027
"ZNF155",2.86137,2.89957,2.56113
"ZNF157",3.13553,2.84503,2.86481
"ZNF16",2.50676,2.70137,2.08918
"ZNF160",3.88464,4.72953,4.12147
"ZNF165",2.56659,2.33912,2.50821
"ZNF167",2.35762,2.26987,2.55813
"ZNF169",2.7653,2.04328,2.38088
"ZNF17",2.52779,2.88626,2.50427
"ZNF174",2.51881,2.6745,2.51952
"ZNF175",1.64918,2.28419,3.05445
"ZNF177",3.69675,4.12283,3.62438
"ZNF18",2.91755,3.61728,3.34347
"ZNF180",2.76189,3.23525,3.15635
"ZNF181",3.62604,3.33688,2.58532
"ZNF182",3.55298,3.8019,3.62405
"ZNF184",2.46278,2.43024,2.29583
"ZNF185",3.34595,3.74345,3.3641
"ZNF187",2.59707,2.88861,2.87241
"ZNF189",4.79922,4.01216,4.55157
"ZNF19",2.82032,2.91817,3.64051
"ZNF192",2.5217,3.70244,3.22352
"ZNF193",2.17068,2.55743,2.76617
"ZNF195",3.10937,3.84486,3.98414
"ZNF197",2.59861,3.78561,3.45521
"ZNF2",1.97959,2.12526,1.90081
"ZNF20",2.18387,1.90292,1.88614
"ZNF200",2.2977,3.03086,2.5669
"ZNF202",2.53557,2.31882,2.76073
"ZNF204P",1.40485,3.48724,2.3047
"ZNF205",4.56253,4.75272,4.62262
"ZNF207",5.01804,5.20592,4.13655
"ZNF208",2.0203,3.06881,1.79597
"ZNF211",2.85946,3.2371,3.48222
"ZNF212",4.19442,3.87203,3.94456
"ZNF213",3.86117,4.19871,4.12289
"ZNF214",1.9415,2.29947,1.98958
"ZNF215",1.69694,1.65555,1.46506
"ZNF217",5.43107,4.19204,5.2252
"ZNF219",2.6308,2.49999,2.76213
"ZNF22",3.27911,3.63352,3.45585
"ZNF221",1.47999,3.063,1.82543
"ZNF222",2.02789,2.16563,2.32425
"ZNF223",1.87447,2.46752,2.44521
"ZNF224",2.97266,3.39026,3.11894
"ZNF225",2.08668,2.916,2.74752
"ZNF226",2.81775,3.1284,3.58841
"ZNF227",3.00079,3.06623,3.46568
"ZNF229",2.03835,2.1091,2.68408
"ZNF23",2.69808,2.33401,2.60779
"ZNF230",1.83162,1.74142,1.82018
"ZNF232",2.25914,2.09921,2.12176
"ZNF233",2.899,3.48181,3.41343
"ZNF234",3.30639,4.87982,4.4584
"ZNF235",1.87654,2.83469,2.37853
"ZNF236",4.45547,4.5814,4.23666
"ZNF238",3.95764,3.1207,3.64008
"ZNF239",3.45596,3.24004,3.18373
"ZNF24",4.19197,4.30062,3.9912
"ZNF248",3.07664,4.02017,3.29237
"ZNF25",2.90982,3.25589,3.75756
"ZNF250",2.77586,2.77921,3.50221
"ZNF251",3.26078,4.01201,4.02837
"ZNF252",3.09417,3.21919,3.0394
"ZNF253",3.2367,5.33219,3.83616
"ZNF254",3.73232,4.66694,4.5128
"ZNF256",2.9501,3.37793,3.17644
"ZNF257",1.85549,2.71029,2.48265
"ZNF259",3.08991,3.17294,3.86846
"ZNF26",2.12145,2.38112,2.37756
"ZNF260",2.92568,3.86247,3.21002
"ZNF263",3.4056,3.9551,3.46809
"ZNF264",4.1925,4.07971,4.06643
"ZNF266",3.52613,4.00568,3.63149
"ZNF267",2.63659,2.80778,2.05937
"ZNF268",2.5148,1.883,2.37983
"ZNF271",3.3599,3.27625,3.43012
"ZNF273",2.6111,4.09239,4.06653
"ZNF274",3.81256,3.43442,3.5252
"ZNF275",5.28457,5.14544,4.28914
"ZNF276",4.1247,4.4097,4.25977
"ZNF277",3.02106,2.60228,2.92294
"ZNF28",3.1673,2.29704,2.45259
"ZNF280A",2.03861,2.17148,2.37749
"ZNF280B",2.73011,3.24068,2.97469
"ZNF280C",2.63288,3.57403,3.30465
"ZNF280D",4.47437,5.11516,5.01691
"ZNF281",4.15737,4.31879,4.38375
"ZNF282",3.61766,3.42699,3.8571
"ZNF283",2.53349,2.42723,1.63107
"ZNF284",2.32456,3.01714,2.66823
"ZNF285",1.94232,2.3864,2.2038
"ZNF286A",2.75958,3.32476,2.48197
"ZNF286B",2.72286,3.4565,2.64155
"ZNF287",1.88596,1.99063,2.00932
"ZNF292",4.17744,4.70979,4.05212
"ZNF295",4.40648,3.61431,3.66136
"ZNF296",4.30152,4.48075,3.9572
"ZNF29P",1.63028,2.4676,1.69324
"ZNF3",2.40638,3.11822,3.21887
"ZNF30",1.79964,2.011,2.23108
"ZNF300",1.86836,2.15124,1.97687
"ZNF300P1",1.69769,1.54757,1.38298
"ZNF302",3.47004,4.18522,3.48775
"ZNF304",1.93394,1.53229,1.9185
"ZNF311",1.81488,2.45081,2.08157
"ZNF317",3.02877,2.9724,2.89505
"ZNF318",3.37933,3.88582,4.131
"ZNF319",3.49116,3.14278,3.16576
"ZNF32",4.10457,3.55937,3.17552
"ZNF320",2.50306,3.06721,2.40035
"ZNF321",3.80464,3.84544,3.79856
"ZNF322A",1.7579,2.4553,2.07705
"ZNF323",3.14935,3.33228,3.34813
"ZNF324",3.51303,3.05896,3.65455
"ZNF324B",4.25343,3.98929,3.93682
"ZNF326",3.63876,4.752,3.68931
"ZNF329",2.2465,2.48309,2.78496
"ZNF330",3.24652,3.01152,2.59517
"ZNF331",4.91476,3.39901,4.35769
"ZNF333",2.42876,2.32377,2.57759
"ZNF334",3.08986,3.32253,3.04211
"ZNF335",4.29676,3.68993,3.74402
"ZNF337",3.71652,4.05342,4.38234
"ZNF33A",4.15165,4.07785,3.98802
"ZNF33B",4.09673,4.50382,4.09826
"ZNF34",2.39816,1.94675,2.96735
"ZNF341",3.55443,3.55974,3.31977
"ZNF343",2.45662,2.63398,2.65208
"ZNF345",1.66042,2.39662,1.73265
"ZNF346",4.02499,3.75867,4.525
"ZNF347",2.70898,3.51551,3.04809
"ZNF35",2.95774,3.05297,2.85134
"ZNF350",2.53133,5.42586,3.93152
"ZNF354A",2.72963,3.40432,3.09001
"ZNF354B",3.52951,3.7527,3.18176
"ZNF354C",2.19906,2.44758,3.00654
"ZNF358",5.41726,5.56488,4.93153
"ZNF362",4.476,5.31589,4.83905
"ZNF365",2.29015,1.63513,2.01594
"ZNF366",3.29885,2.96699,3.24953
"ZNF367",2.24886,2.2572,2.19575
"ZNF37A",3.07389,4.04392,3.36732
"ZNF37BP",3.59981,4.78953,4.04323
"ZNF382",1.53531,2.67631,1.89241
"ZNF383",1.66888,2.74938,2.55001
"ZNF384",4.69271,4.98089,4.93058
"ZNF385A",4.96977,4.96514,4.81584
"ZNF385B",3.40225,3.73643,3.42698
"ZNF385C",3.31511,2.92357,3.27711
"ZNF385D",3.19863,2.47203,2.17028
"ZNF391",2.58726,2.65272,2.70079
"ZNF394",5.00136,4.59474,4.85026
"ZNF395",4.5208,4.56762,4.48897
"ZNF396",2.2303,1.67388,1.99554
"ZNF397",3.48215,4.22708,4.33341
"ZNF398",2.82945,3.30957,3.00313
"ZNF404",2.17961,1.77558,1.63419
"ZNF407",3.60246,3.23407,3.06495
"ZNF408",2.38774,2.45305,2.86306
"ZNF41",2.68548,2.61475,2.74365
"ZNF410",3.70336,3.71694,3.56331
"ZNF414",4.6145,5.03577,4.31829
"ZNF415",2.87161,3.48462,3.24178
"ZNF416",2.4802,2.96906,2.74153
"ZNF417",3.03272,4.25889,2.98535
"ZNF418",2.72744,2.62584,2.88041
"ZNF419",3.53734,3.73878,4.01375
"ZNF420",1.98368,2.36066,2.35004
"ZNF423",3.44266,3.52369,3.10913
"ZNF425",2.41046,2.11594,1.88022
"ZNF426",2.064,2.76336,2.09319
"ZNF428",4.10656,3.62863,4.1177
"ZNF429",2.73678,3.59995,3.0988
"ZNF43",3.54854,4.04535,3.64399
"ZNF430",2.58198,2.75,2.47577
"ZNF431",3.17342,4.37156,3.34244
"ZNF432",3.88636,4.86927,4.16416
"ZNF433",3.19089,3.29148,3.00308
"ZNF434",2.84719,3.28349,3.15163
"ZNF436",3.7989,4.0196,2.99596
"ZNF438",1.88433,2.83985,1.85311
"ZNF439",2.76563,2.57525,3.67525
"ZNF44",2.71276,3.5141,2.66418
"ZNF440",2.44449,1.95396,1.8311
"ZNF441",3.23415,3.40206,3.54933
"ZNF442",2.82674,2.76179,2.97794
"ZNF443",1.84902,1.85241,2.1651
"ZNF444",4.46756,4.18155,4.54694
"ZNF445",3.39074,3.51973,3.31726
"ZNF446",5.02781,4.32497,4.74225
"ZNF449",2.02864,2.00398,2.03589
"ZNF45",1.99514,2.13637,1.90141
"ZNF451",3.47373,4.68162,3.57375
"ZNF454",3.06466,2.92671,3.27671
"ZNF460",5.79592,4.69416,5.28647
"ZNF461",2.10019,2.04013,1.70907
"ZNF462",5.97619,5.55349,5.91676
"ZNF467",3.25007,2.47084,3.22439
"ZNF468",2.01821,2.88513,2.47915
"ZNF469",4.51755,3.41705,4.27504
"ZNF470",1.98608,2.94078,1.94508
"ZNF471",2.66018,2.85545,2.20528
"ZNF473",2.91568,2.48832,3.0546
"ZNF474",2.07149,2.01151,2.08888
"ZNF479",1.59174,1.76383,1.62124
"ZNF48",1.99177,2.07112,2.35175
"ZNF480",4.13376,4.53324,4.52932
"ZNF483",3.2077,2.9863,2.45652
"ZNF484",2.5806,3.48099,2.70246
"ZNF485",3.25097,2.71872,2.32144
"ZNF486",2.12101,4.15952,3.44722
"ZNF487P",2.57127,2.80109,3.41745
"ZNF488",3.26557,3.06579,3.24994
"ZNF490",2.1373,2.56934,1.97161
"ZNF491",2.45024,2.53245,2.69533
"ZNF492",2.20026,2.61331,2.37669
"ZNF493",3.22244,3.80624,3.32344
"ZNF496",4.0128,3.6893,3.92633
"ZNF497",3.87478,3.67742,3.97771
"ZNF498",4.3866,4.45763,4.94135
"ZNF500",3.62754,3.07442,3.32175
"ZNF501",2.31345,2.99224,3.00439
"ZNF502",1.79993,2.50979,1.9519
"ZNF503",4.16224,4.24667,4.20383
"ZNF506",4.5331,5.0533,4.20536
"ZNF507",2.79443,2.99685,3.07172
"ZNF510",3.33835,4.20706,3.10091
"ZNF511",4.1968,3.99233,3.95556
"ZNF512",2.87015,3.68082,2.97725
"ZNF512B",3.68,4.0891,3.6543
"ZNF513",4.73317,4.9823,4.83731
"ZNF514",3.56489,3.3418,2.58717
"ZNF516",4.07695,4.06232,3.73719
"ZNF517",3.54811,3.53331,3.58087
"ZNF518A",3.84545,4.3232,4.28641
"ZNF518B",3.8991,4.02668,3.61908
"ZNF519",2.45165,3.02778,2.40193
"ZNF521",2.69449,3.17008,2.5375
"ZNF524",4.6597,4.67523,5.21036
"ZNF525",8.26088,8.86146,8.97095
"ZNF526",3.93097,3.70019,3.60659
"ZNF527",1.73298,1.93051,1.82462
"ZNF528",3.11734,3.06049,3.04682
"ZNF529",2.34552,2.92376,1.81339
"ZNF530",2.47973,2.86736,2.97817
"ZNF532",6.85896,6.55955,6.76542
"ZNF534",1.98656,1.89104,2.21274
"ZNF536",2.6477,2.08975,2.26332
"ZNF540",2.11143,1.82792,2.44282
"ZNF541",2.85914,2.44178,3.10899
"ZNF542",2.84395,2.4852,2.50344
"ZNF543",3.33714,3.12797,3.08251
"ZNF544",2.81317,2.7798,3.81339
"ZNF546",1.78435,2.52461,1.81471
"ZNF547",2.34101,2.50732,2.21263
"ZNF548",3.77574,3.3491,3.89958
"ZNF549",1.85282,1.88544,2.04907
"ZNF550",3.07964,3.4971,3.90372
"ZNF551",2.63423,2.51328,2.82887
"ZNF552",4.7442,5.7115,5.53908
"ZNF554",2.09792,2.54621,2.05829
"ZNF555",3.01219,4.31428,3.45708
"ZNF556",1.79689,1.59454,2.18568
"ZNF557",1.86595,2.01196,2.32296
"ZNF558",2.02347,2.63863,2.75753
"ZNF559",2.68734,3.24549,2.847
"ZNF56",3.85358,3.70328,3.33656
"ZNF560",1.73816,2.04558,2.03967
"ZNF561",4.17458,4.20812,4.16995
"ZNF562",3.4972,3.78581,3.55327
"ZNF563",1.78896,2.25332,1.95087
"ZNF564",2.73716,3.00565,2.65644
"ZNF565",2.26666,2.36973,2.13033
"ZNF566",2.80339,2.2175,2.2762
"ZNF567",1.72094,2.12783,1.61152
"ZNF568",1.73048,1.9343,1.79923
"ZNF569",1.98498,2.77808,1.98925
"ZNF57",4.1319,4.54952,3.58074
"ZNF570",2.78685,3.50544,3.01637
"ZNF571",2.15783,3.06394,2.73251
"ZNF572",1.54811,1.80324,1.62457
"ZNF573",1.97613,2.16182,1.6789
"ZNF574",3.3754,3.32744,3.15148
"ZNF575",4.04876,4.04431,4.70382
"ZNF576",4.45191,4.56029,4.51768
"ZNF577",4.68183,5.91842,5.25329
"ZNF578",1.45569,1.23527,1.12107
"ZNF579",4.92457,4.49502,4.53203
"ZNF580",4.97271,5.55977,5.16078
"ZNF581",2.93936,2.44874,2.84225
"ZNF582",2.33805,2.08992,3.15373
"ZNF583",2.91394,3.767,2.47962
"ZNF584",3.17478,3.33714,3.49644
"ZNF585A",2.6904,3.07315,2.98097
"ZNF585B",4.15107,4.25271,3.94831
"ZNF586",5.08765,5.39567,4.56323
"ZNF587",5.90906,6.86738,6.15815
"ZNF589",3.91486,4.40453,4.06131
"ZNF592",4.58442,5.00444,4.41471
"ZNF593",3.86539,3.4442,4.07707
"ZNF594",3.88502,4.00296,4.34672
"ZNF595",3.81705,4.03573,3.56998
"ZNF596",1.66877,1.59306,2.09155
"ZNF597",2.18244,2.24363,2.26219
"ZNF598",3.60302,3.62371,3.69179
"ZNF599",1.97697,2.05199,1.8329
"ZNF600",2.44093,1.83848,2.30859
"ZNF605",2.16345,3.29393,2.41945
"ZNF606",3.50355,3.89429,3.62667
"ZNF607",1.39918,2.18267,1.64719
"ZNF608",2.73233,3.69751,3.3841
"ZNF609",4.7669,5.00019,4.50567
"ZNF610",2.77855,2.74912,2.72044
"ZNF611",3.20925,3.56709,3.27922
"ZNF613",5.2094,6.32063,5.98253
"ZNF614",3.07554,3.4037,3.09347
"ZNF615",3.16255,4.94188,3.5647
"ZNF616",2.0798,3.25462,2.60741
"ZNF618",2.46813,2.72747,2.68195
"ZNF619",2.63907,2.64761,2.11604
"ZNF620",3.25222,2.94635,3.29345
"ZNF621",4.06117,3.81152,3.72639
"ZNF622",3.34802,3.36571,3.36888
"ZNF623",2.77636,3.73712,3.11259
"ZNF624",2.54436,2.43484,2.53006
"ZNF625",2.82552,3.74625,3.16626
"ZNF626",3.45324,3.55298,4.17254
"ZNF627",3.19711,3.48933,3.29401
"ZNF628",4.25996,4.39226,4.39836
"ZNF629",3.40167,3.13774,3.68336
"ZNF630",3.62879,3.41345,3.30727
"ZNF638",4.48965,4.97263,5.05636
"ZNF639",2.6361,3.32985,2.71054
"ZNF641",2.6627,2.52248,2.56675
"ZNF642",2.25803,2.85525,2.27305
"ZNF643",2.70168,1.7955,2.17083
"ZNF644",3.61161,2.86264,3.32409
"ZNF645",1.68392,1.48303,1.4821
"ZNF646",3.0141,4.28664,4.22116
"ZNF648",2.4317,2.46199,1.8652
"ZNF649",5.82067,6.93015,6.40501
"ZNF652",4.38072,5.39609,5.46762
"ZNF653",4.38592,4.46539,4.19139
"ZNF654",2.41391,3.03232,2.45394
"ZNF655",5.03399,5.25268,4.77926
"ZNF658",1.99695,2.56975,2.32586
"ZNF660",1.7999,2.60724,1.86315
"ZNF662",3.22715,3.12171,3.26212
"ZNF663",3.20632,3.33171,3.01971
"ZNF664",4.93247,4.69825,4.94726
"ZNF665",1.45703,1.77035,1.31079
"ZNF667",2.96047,3.44679,3.19887
"ZNF668",3.6402,3.2996,3.33446
"ZNF669",2.62432,2.40083,3.10276
"ZNF66P",3.26301,4.24324,3.15403
"ZNF670",1.99497,2.30893,1.34206
"ZNF671",4.02105,5.18436,4.42429
"ZNF672",4.76061,3.91657,4.79852
"ZNF673",2.83656,3.32868,3.11857
"ZNF674",1.86521,2.51812,2.89385
"ZNF675",2.02849,3.16298,2.42092
"ZNF676",3.19774,2.01377,1.73732
"ZNF677",1.42406,2.00289,2.66735
"ZNF678",2.60354,2.82928,2.71899
"ZNF679",1.70558,1.87228,2.02757
"ZNF680",2.19591,2.54816,2.62197
"ZNF681",1.08468,1.83242,1.23361
"ZNF682",1.99331,2.39084,3.12358
"ZNF683",3.47583,3.85757,3.86832
"ZNF684",2.00038,1.83767,1.89802
"ZNF687",4.12018,4.30609,4.52776
"ZNF688",2.86663,3.02899,3.23892
"ZNF689",3.56608,3.40071,3.28119
"ZNF69",3.42397,2.78754,4.60325
"ZNF691",3.07517,3.17625,3.21587
"ZNF692",4.60297,4.42958,4.69001
"ZNF695",1.43804,1.93559,1.67916
"ZNF696",3.46921,3.44667,3.45121
"ZNF697",3.1159,3.50877,3.31135
"ZNF699",2.76979,1.97644,2.02876
"ZNF7",2.69388,3.18198,2.83077
"ZNF70",3.18026,3.70962,2.97186
"ZNF700",3.81815,3.99694,3.69589
"ZNF701",2.92859,3.08325,2.77413
"ZNF702P",2.58032,2.8882,2.23276
"ZNF703",4.91231,4.96767,4.69337
"ZNF704",4.36068,4.92697,4.15152
"ZNF705A",1.40753,1.57868,1.43969
"ZNF705D",1.61095,1.73612,1.89009
"ZNF706",2.76033,3.47529,3.34563
"ZNF707",3.14811,3.38029,3.50603
"ZNF708",3.54891,4.09678,4.11586
"ZNF709",1.84816,1.60013,1.51271
"ZNF71",3.33554,3.87446,3.63152
"ZNF710",3.94142,4.12107,4.02956
"ZNF711",1.79755,2.71027,2.43458
"ZNF713",2.8613,2.26186,2.83307
"ZNF714",5.0063,4.77119,4.5309
"ZNF716",2.46498,2.82225,2.80504
"ZNF717",3.83297,4.21359,2.84935
"ZNF720",3.00418,4.46893,2.63186
"ZNF721",4.96801,5.49982,5.74753
"ZNF724P",1.5757,2.16187,1.36146
"ZNF726",2.03421,2.00957,2.11548
"ZNF729",1.6379,1.46756,1.59547
"ZNF730",2.5811,2.50435,2.52625
"ZNF732",2.06729,2.09599,1.99966
"ZNF737",4.04407,4.68638,4.99751
"ZNF738",2.48878,2.40924,2.26913
"ZNF74",3.45202,3.23777,3.36902
"ZNF740",4.05549,3.85722,4.43175
"ZNF746",4.64468,4.82607,4.27422
"ZNF747",4.84218,4.17604,4.45083
"ZNF749",1.95224,1.87307,1.79867
"ZNF750",3.29257,2.53067,2.7851
"ZNF75A",2.94912,3.59431,3.38533
"ZNF75D",2.10402,2.01636,3.17066
"ZNF76",3.37157,3.55605,3.61934
"ZNF761",5.52797,6.66324,5.94495
"ZNF763",1.41043,2.27127,1.86692
"ZNF764",4.76831,4.99029,5.31868
"ZNF765",5.62268,6.63863,5.68219
"ZNF766",1.89712,2.19853,2.35864
"ZNF767",3.00973,4.22538,3.12605
"ZNF768",3.00713,3.35017,3.82584
"ZNF77",2.94325,3.07133,2.77415
"ZNF770",2.91947,3.88907,3.8241
"ZNF771",3.508,3.76466,3.51569
"ZNF772",2.37245,3.14756,2.56595
"ZNF773",4.05959,3.18906,3.28109
"ZNF774",3.02646,2.67607,2.93197
"ZNF775",4.65334,3.98585,4.05761
"ZNF776",2.87542,3.89964,3.36856
"ZNF777",2.98668,2.92949,2.73292
"ZNF778",4.3986,4.54979,5.06863
"ZNF780A",2.71894,3.03102,2.89777
"ZNF780B",3.62561,4.72148,3.76199
"ZNF781",1.61038,2.01182,1.8452
"ZNF782",3.40868,3.43169,3.44467
"ZNF783",3.66093,4.01443,3.82318
"ZNF784",4.33569,4.38351,4.41643
"ZNF785",3.92583,4.33756,4.43186
"ZNF786",3.02957,3.06033,2.76655
"ZNF787",4.47198,4.45625,4.13893
"ZNF788",1.89757,1.67227,1.66234
"ZNF789",4.37805,4.8451,4.11711
"ZNF79",3.59713,3.42461,2.76831
"ZNF790",3.29321,3.56299,2.98591
"ZNF791",3.83994,4.57047,3.27986
"ZNF792",3.03383,3.0012,3.51458
"ZNF793",2.83284,2.9481,2.81079
"ZNF799",2.73918,4.68716,3.11726
"ZNF8",3.18861,2.90938,2.72275
"ZNF80",3.08929,3.01792,3.10227
"ZNF800",4.42977,4.53246,4.85804
"ZNF804A",2.53543,2.47049,2.25841
"ZNF804B",2.33466,1.92592,1.70858
"ZNF805",4.09482,3.71866,3.2542
"ZNF808",4.41707,4.90897,4.50351
"ZNF81",2.29993,2.4628,2.78249
"ZNF813",1.89359,2.05665,2.30756
"ZNF814",1.82853,4.87095,2.66519
"ZNF816",2.62772,2.68599,2.82688
"ZNF818P",3.61105,3.6189,2.67688
"ZNF821",2.60703,2.92148,3.69116
"ZNF823",2.40411,3.29375,2.44045
"ZNF826P",2.00458,2.83688,2.59603
"ZNF827",5.6548,6.09114,6.63609
"ZNF828",2.84308,2.7961,2.60433
"ZNF829",2.05987,2.30576,2.22874
"ZNF83",5.64329,5.49508,5.33558
"ZNF830",2.6846,2.51166,1.97997
"ZNF831",3.18277,2.44082,2.97399
"ZNF833P",1.98682,2.14128,2.00501
"ZNF835",3.6985,3.85261,3.88993
"ZNF836",4.99114,5.64551,4.95209
"ZNF837",3.95903,4.22045,4.45754
"ZNF839",3.15355,3.21699,3.43971
"ZNF84",3.66176,4.63897,4.09015
"ZNF841",5.8198,6.27586,5.59368
"ZNF843",3.41619,3.48674,3.7798
"ZNF844",2.70378,3.1624,2.70145
"ZNF845",2.99894,2.91734,3.04774
"ZNF846",1.52253,3.87257,1.75308
"ZNF847P",1.09784,1.09898,0.954256
"ZNF85",2.52091,3.08382,3.22215
"ZNF850",2.02097,2.08473,1.98659
"ZNF852",2.78531,4.13326,2.69702
"ZNF860",2.87544,3.57829,3.59268
"ZNF861P",2.65291,2.47628,2.14134
"ZNF862",4.0323,3.96932,4.07257
"ZNF865",2.81375,3.43248,3.51035
"ZNF876P",2.3912,2.96444,2.03017
"ZNF879",2.42108,2.90194,2.50084
"ZNF880",3.83712,3.93289,3.7826
"ZNF90",3.44753,4.11645,3.69347
"ZNF91",5.00017,5.5125,4.98581
"ZNF92",1.66399,1.78634,1.78445
"ZNF93",1.83113,2.68815,2.3226
"ZNF98",2.30929,2.12129,2.17045
"ZNF99",1.66955,1.61291,1.45147
"ZNFX1",4.72304,3.61633,3.99081
"ZNHIT1",3.16324,3.37018,3.11137
"ZNHIT2",4.12756,3.81871,4.06141
"ZNHIT3",3.20627,3.69464,4.41868
"ZNHIT6",2.62946,3.02937,3.01987
"ZNRD1",2.37826,2.15718,2.48185
"ZNRD1.AS",1.59267,3.51992,1.55764
"ZNRF1",3.54209,3.45378,3.85742
"ZNRF2",5.71058,5.35332,5.1433
"ZNRF3",4.24888,4.16902,3.87472
"ZNRF4",2.91107,2.93537,3.19001
"ZP1",3.19136,2.93748,2.81463
"ZP2",1.94084,1.77419,2.1982
"ZP3",3.37522,2.89346,2.78182
"ZP4",1.7517,1.41345,1.54957
"ZPBP",1.32994,1.39459,1.42037
"ZPBP2",1.40761,1.52969,1.37629
"ZPLD1",1.97256,1.59738,1.80096
"ZRANB1",4.02865,4.45447,4.03251
"ZRANB2",6.1949,6.97666,6.12136
"ZRANB3",2.77887,2.57363,2.09469
"ZRSR2",4.93294,4.80255,4.18913
"ZSCAN1",4.79961,4.10822,4.47276
"ZSCAN10",2.8117,2.33588,3.47451
"ZSCAN12",2.0936,2.63068,2.44472
"ZSCAN16",3.49788,2.78597,3.04261
"ZSCAN18",3.72648,3.60604,3.45702
"ZSCAN2",3.12313,3.54262,3.40036
"ZSCAN20",2.29978,1.87323,2.3202
"ZSCAN21",3.13492,3.31396,3.5065
"ZSCAN22",3.17094,3.38084,3.46245
"ZSCAN23",2.2618,2.09966,1.89567
"ZSCAN29",2.75033,4.01756,3.19652
"ZSCAN30",2.55059,2.07449,2.41503
"ZSCAN4",1.54213,1.60866,1.80804
"ZSCAN5A",2.20488,2.24848,2.29327
"ZSCAN5B",2.80978,1.72018,2.01712
"ZSCAN5C",3.37487,3.24442,3.608
"ZSWIM1",4.08332,4.11669,4.33003
"ZSWIM2",1.38785,1.04025,1.25534
"ZSWIM3",1.78685,1.95499,2.11593
"ZSWIM4",3.22871,3.17554,3.80133
"ZSWIM5",2.74066,2.76225,2.99778
"ZSWIM6",5.04427,4.71419,4.39327
"ZUFSP",2.1265,1.87186,1.71037
"ZW10",2.36301,2.70923,2.59861
"ZWILCH",2.05177,2.58858,2.47684
"ZWINT",3.30643,3.15705,3.74088
"ZXDA",5.26917,5.62467,5.78611
"ZXDB",4.23326,3.11254,3.42727
"ZXDC",3.66171,4.0406,3.43396
"ZYG11A",2.02541,2.62692,2.29941
"ZYG11B",3.27797,3.81963,4.1974
"ZYX",4.92704,4.26645,4.97484
"ZZEF1",3.476,3.29535,3.60795
"ZZZ3",3.37953,3.90611,3.85416
"psiTPTE22",2.42964,3.02317,2.90992
"tAKR",2.6817,2.80213,2.58363
